filename,split,col_off,row_off,width,height,transform_a,transform_b,transform_c,transform_d,transform_e,transform_f,xmin,ymin,xmax,ymax,crs
tile_x73472_y1792.png,val,73472,1792,1024,1024,0.3,0.0,24709.13799999727,0.0,-0.3,49718.620999663624,24709.13799999727,49411.42099966362,25016.33799999727,49718.620999663624,EPSG:3414
tile_x74368_y1792.png,val,74368,1792,1024,1024,0.3,0.0,24977.93799999727,0.0,-0.3,49718.620999663624,24977.93799999727,49411.42099966362,25285.13799999727,49718.620999663624,EPSG:3414
tile_x77056_y4480.png,train,77056,4480,1024,1024,0.3,0.0,25784.33799999727,0.0,-0.3,48912.22099966362,25784.33799999727,48605.020999663626,26091.537999997272,48912.22099966362,EPSG:3414
tile_x77056_y5376.png,train,77056,5376,1024,1024,0.3,0.0,25784.33799999727,0.0,-0.3,48643.42099966362,25784.33799999727,48336.22099966362,26091.537999997272,48643.42099966362,EPSG:3414
tile_x82432_y5376.png,train,82432,5376,1024,1024,0.3,0.0,27397.13799999727,0.0,-0.3,48643.42099966362,27397.13799999727,48336.22099966362,27704.33799999727,48643.42099966362,EPSG:3414
tile_x83328_y5376.png,train,83328,5376,1024,1024,0.3,0.0,27665.93799999727,0.0,-0.3,48643.42099966362,27665.93799999727,48336.22099966362,27973.13799999727,48643.42099966362,EPSG:3414
tile_x84224_y5376.png,train,84224,5376,1024,1024,0.3,0.0,27934.737999997273,0.0,-0.3,48643.42099966362,27934.737999997273,48336.22099966362,28241.93799999727,48643.42099966362,EPSG:3414
tile_x77056_y6272.png,train,77056,6272,1024,1024,0.3,0.0,25784.33799999727,0.0,-0.3,48374.620999663624,25784.33799999727,48067.42099966362,26091.537999997272,48374.620999663624,EPSG:3414
tile_x77952_y6272.png,train,77952,6272,1024,1024,0.3,0.0,26053.13799999727,0.0,-0.3,48374.620999663624,26053.13799999727,48067.42099966362,26360.33799999727,48374.620999663624,EPSG:3414
tile_x78848_y6272.png,train,78848,6272,1024,1024,0.3,0.0,26321.93799999727,0.0,-0.3,48374.620999663624,26321.93799999727,48067.42099966362,26629.13799999727,48374.620999663624,EPSG:3414
tile_x79744_y6272.png,train,79744,6272,1024,1024,0.3,0.0,26590.737999997273,0.0,-0.3,48374.620999663624,26590.737999997273,48067.42099966362,26897.93799999727,48374.620999663624,EPSG:3414
tile_x83328_y6272.png,train,83328,6272,1024,1024,0.3,0.0,27665.93799999727,0.0,-0.3,48374.620999663624,27665.93799999727,48067.42099966362,27973.13799999727,48374.620999663624,EPSG:3414
tile_x77056_y7168.png,train,77056,7168,1024,1024,0.3,0.0,25784.33799999727,0.0,-0.3,48105.82099966362,25784.33799999727,47798.620999663624,26091.537999997272,48105.82099966362,EPSG:3414
tile_x77952_y7168.png,train,77952,7168,1024,1024,0.3,0.0,26053.13799999727,0.0,-0.3,48105.82099966362,26053.13799999727,47798.620999663624,26360.33799999727,48105.82099966362,EPSG:3414
tile_x78848_y7168.png,train,78848,7168,1024,1024,0.3,0.0,26321.93799999727,0.0,-0.3,48105.82099966362,26321.93799999727,47798.620999663624,26629.13799999727,48105.82099966362,EPSG:3414
tile_x79744_y7168.png,train,79744,7168,1024,1024,0.3,0.0,26590.737999997273,0.0,-0.3,48105.82099966362,26590.737999997273,47798.620999663624,26897.93799999727,48105.82099966362,EPSG:3414
tile_x81536_y7168.png,train,81536,7168,1024,1024,0.3,0.0,27128.33799999727,0.0,-0.3,48105.82099966362,27128.33799999727,47798.620999663624,27435.537999997272,48105.82099966362,EPSG:3414
tile_x82432_y7168.png,train,82432,7168,1024,1024,0.3,0.0,27397.13799999727,0.0,-0.3,48105.82099966362,27397.13799999727,47798.620999663624,27704.33799999727,48105.82099966362,EPSG:3414
tile_x65408_y8064.png,train,65408,8064,1024,1024,0.3,0.0,22289.93799999727,0.0,-0.3,47837.020999663626,22289.93799999727,47529.82099966362,22597.13799999727,47837.020999663626,EPSG:3414
tile_x66304_y8064.png,train,66304,8064,1024,1024,0.3,0.0,22558.737999997273,0.0,-0.3,47837.020999663626,22558.737999997273,47529.82099966362,22865.93799999727,47837.020999663626,EPSG:3414
tile_x72576_y8064.png,train,72576,8064,1024,1024,0.3,0.0,24440.33799999727,0.0,-0.3,47837.020999663626,24440.33799999727,47529.82099966362,24747.537999997272,47837.020999663626,EPSG:3414
tile_x76160_y8064.png,train,76160,8064,1024,1024,0.3,0.0,25515.537999997272,0.0,-0.3,47837.020999663626,25515.537999997272,47529.82099966362,25822.737999997273,47837.020999663626,EPSG:3414
tile_x77952_y8064.png,val,77952,8064,1024,1024,0.3,0.0,26053.13799999727,0.0,-0.3,47837.020999663626,26053.13799999727,47529.82099966362,26360.33799999727,47837.020999663626,EPSG:3414
tile_x78848_y8064.png,val,78848,8064,1024,1024,0.3,0.0,26321.93799999727,0.0,-0.3,47837.020999663626,26321.93799999727,47529.82099966362,26629.13799999727,47837.020999663626,EPSG:3414
tile_x79744_y8064.png,val,79744,8064,1024,1024,0.3,0.0,26590.737999997273,0.0,-0.3,47837.020999663626,26590.737999997273,47529.82099966362,26897.93799999727,47837.020999663626,EPSG:3414
tile_x81536_y8064.png,train,81536,8064,1024,1024,0.3,0.0,27128.33799999727,0.0,-0.3,47837.020999663626,27128.33799999727,47529.82099966362,27435.537999997272,47837.020999663626,EPSG:3414
tile_x61824_y8960.png,train,61824,8960,1024,1024,0.3,0.0,21214.737999997273,0.0,-0.3,47568.22099966362,21214.737999997273,47261.020999663626,21521.93799999727,47568.22099966362,EPSG:3414
tile_x63616_y8960.png,train,63616,8960,1024,1024,0.3,0.0,21752.33799999727,0.0,-0.3,47568.22099966362,21752.33799999727,47261.020999663626,22059.537999997272,47568.22099966362,EPSG:3414
tile_x67200_y8960.png,train,67200,8960,1024,1024,0.3,0.0,22827.537999997272,0.0,-0.3,47568.22099966362,22827.537999997272,47261.020999663626,23134.737999997273,47568.22099966362,EPSG:3414
tile_x68096_y8960.png,train,68096,8960,1024,1024,0.3,0.0,23096.33799999727,0.0,-0.3,47568.22099966362,23096.33799999727,47261.020999663626,23403.537999997272,47568.22099966362,EPSG:3414
tile_x68992_y8960.png,train,68992,8960,1024,1024,0.3,0.0,23365.13799999727,0.0,-0.3,47568.22099966362,23365.13799999727,47261.020999663626,23672.33799999727,47568.22099966362,EPSG:3414
tile_x69888_y8960.png,train,69888,8960,1024,1024,0.3,0.0,23633.93799999727,0.0,-0.3,47568.22099966362,23633.93799999727,47261.020999663626,23941.13799999727,47568.22099966362,EPSG:3414
tile_x71680_y8960.png,train,71680,8960,1024,1024,0.3,0.0,24171.537999997272,0.0,-0.3,47568.22099966362,24171.537999997272,47261.020999663626,24478.737999997273,47568.22099966362,EPSG:3414
tile_x74368_y8960.png,train,74368,8960,1024,1024,0.3,0.0,24977.93799999727,0.0,-0.3,47568.22099966362,24977.93799999727,47261.020999663626,25285.13799999727,47568.22099966362,EPSG:3414
tile_x77056_y8960.png,train,77056,8960,1024,1024,0.3,0.0,25784.33799999727,0.0,-0.3,47568.22099966362,25784.33799999727,47261.020999663626,26091.537999997272,47568.22099966362,EPSG:3414
tile_x77952_y8960.png,val,77952,8960,1024,1024,0.3,0.0,26053.13799999727,0.0,-0.3,47568.22099966362,26053.13799999727,47261.020999663626,26360.33799999727,47568.22099966362,EPSG:3414
tile_x78848_y8960.png,val,78848,8960,1024,1024,0.3,0.0,26321.93799999727,0.0,-0.3,47568.22099966362,26321.93799999727,47261.020999663626,26629.13799999727,47568.22099966362,EPSG:3414
tile_x82432_y8960.png,train,82432,8960,1024,1024,0.3,0.0,27397.13799999727,0.0,-0.3,47568.22099966362,27397.13799999727,47261.020999663626,27704.33799999727,47568.22099966362,EPSG:3414
tile_x60032_y9856.png,train,60032,9856,1024,1024,0.3,0.0,20677.13799999727,0.0,-0.3,47299.42099966362,20677.13799999727,46992.22099966362,20984.33799999727,47299.42099966362,EPSG:3414
tile_x60928_y9856.png,train,60928,9856,1024,1024,0.3,0.0,20945.93799999727,0.0,-0.3,47299.42099966362,20945.93799999727,46992.22099966362,21253.13799999727,47299.42099966362,EPSG:3414
tile_x61824_y9856.png,train,61824,9856,1024,1024,0.3,0.0,21214.737999997273,0.0,-0.3,47299.42099966362,21214.737999997273,46992.22099966362,21521.93799999727,47299.42099966362,EPSG:3414
tile_x62720_y9856.png,train,62720,9856,1024,1024,0.3,0.0,21483.537999997272,0.0,-0.3,47299.42099966362,21483.537999997272,46992.22099966362,21790.737999997273,47299.42099966362,EPSG:3414
tile_x63616_y9856.png,train,63616,9856,1024,1024,0.3,0.0,21752.33799999727,0.0,-0.3,47299.42099966362,21752.33799999727,46992.22099966362,22059.537999997272,47299.42099966362,EPSG:3414
tile_x66304_y9856.png,train,66304,9856,1024,1024,0.3,0.0,22558.737999997273,0.0,-0.3,47299.42099966362,22558.737999997273,46992.22099966362,22865.93799999727,47299.42099966362,EPSG:3414
tile_x67200_y9856.png,train,67200,9856,1024,1024,0.3,0.0,22827.537999997272,0.0,-0.3,47299.42099966362,22827.537999997272,46992.22099966362,23134.737999997273,47299.42099966362,EPSG:3414
tile_x68992_y9856.png,train,68992,9856,1024,1024,0.3,0.0,23365.13799999727,0.0,-0.3,47299.42099966362,23365.13799999727,46992.22099966362,23672.33799999727,47299.42099966362,EPSG:3414
tile_x69888_y9856.png,train,69888,9856,1024,1024,0.3,0.0,23633.93799999727,0.0,-0.3,47299.42099966362,23633.93799999727,46992.22099966362,23941.13799999727,47299.42099966362,EPSG:3414
tile_x71680_y9856.png,train,71680,9856,1024,1024,0.3,0.0,24171.537999997272,0.0,-0.3,47299.42099966362,24171.537999997272,46992.22099966362,24478.737999997273,47299.42099966362,EPSG:3414
tile_x72576_y9856.png,train,72576,9856,1024,1024,0.3,0.0,24440.33799999727,0.0,-0.3,47299.42099966362,24440.33799999727,46992.22099966362,24747.537999997272,47299.42099966362,EPSG:3414
tile_x73472_y9856.png,train,73472,9856,1024,1024,0.3,0.0,24709.13799999727,0.0,-0.3,47299.42099966362,24709.13799999727,46992.22099966362,25016.33799999727,47299.42099966362,EPSG:3414
tile_x74368_y9856.png,train,74368,9856,1024,1024,0.3,0.0,24977.93799999727,0.0,-0.3,47299.42099966362,24977.93799999727,46992.22099966362,25285.13799999727,47299.42099966362,EPSG:3414
tile_x79744_y9856.png,val,79744,9856,1024,1024,0.3,0.0,26590.737999997273,0.0,-0.3,47299.42099966362,26590.737999997273,46992.22099966362,26897.93799999727,47299.42099966362,EPSG:3414
tile_x80640_y9856.png,val,80640,9856,1024,1024,0.3,0.0,26859.537999997272,0.0,-0.3,47299.42099966362,26859.537999997272,46992.22099966362,27166.737999997273,47299.42099966362,EPSG:3414
tile_x82432_y9856.png,train,82432,9856,1024,1024,0.3,0.0,27397.13799999727,0.0,-0.3,47299.42099966362,27397.13799999727,46992.22099966362,27704.33799999727,47299.42099966362,EPSG:3414
tile_x60032_y10752.png,train,60032,10752,1024,1024,0.3,0.0,20677.13799999727,0.0,-0.3,47030.620999663624,20677.13799999727,46723.42099966362,20984.33799999727,47030.620999663624,EPSG:3414
tile_x60928_y10752.png,train,60928,10752,1024,1024,0.3,0.0,20945.93799999727,0.0,-0.3,47030.620999663624,20945.93799999727,46723.42099966362,21253.13799999727,47030.620999663624,EPSG:3414
tile_x61824_y10752.png,train,61824,10752,1024,1024,0.3,0.0,21214.737999997273,0.0,-0.3,47030.620999663624,21214.737999997273,46723.42099966362,21521.93799999727,47030.620999663624,EPSG:3414
tile_x66304_y10752.png,train,66304,10752,1024,1024,0.3,0.0,22558.737999997273,0.0,-0.3,47030.620999663624,22558.737999997273,46723.42099966362,22865.93799999727,47030.620999663624,EPSG:3414
tile_x67200_y10752.png,train,67200,10752,1024,1024,0.3,0.0,22827.537999997272,0.0,-0.3,47030.620999663624,22827.537999997272,46723.42099966362,23134.737999997273,47030.620999663624,EPSG:3414
tile_x68096_y10752.png,train,68096,10752,1024,1024,0.3,0.0,23096.33799999727,0.0,-0.3,47030.620999663624,23096.33799999727,46723.42099966362,23403.537999997272,47030.620999663624,EPSG:3414
tile_x68992_y10752.png,train,68992,10752,1024,1024,0.3,0.0,23365.13799999727,0.0,-0.3,47030.620999663624,23365.13799999727,46723.42099966362,23672.33799999727,47030.620999663624,EPSG:3414
tile_x70784_y10752.png,train,70784,10752,1024,1024,0.3,0.0,23902.737999997273,0.0,-0.3,47030.620999663624,23902.737999997273,46723.42099966362,24209.93799999727,47030.620999663624,EPSG:3414
tile_x71680_y10752.png,train,71680,10752,1024,1024,0.3,0.0,24171.537999997272,0.0,-0.3,47030.620999663624,24171.537999997272,46723.42099966362,24478.737999997273,47030.620999663624,EPSG:3414
tile_x72576_y10752.png,train,72576,10752,1024,1024,0.3,0.0,24440.33799999727,0.0,-0.3,47030.620999663624,24440.33799999727,46723.42099966362,24747.537999997272,47030.620999663624,EPSG:3414
tile_x73472_y10752.png,train,73472,10752,1024,1024,0.3,0.0,24709.13799999727,0.0,-0.3,47030.620999663624,24709.13799999727,46723.42099966362,25016.33799999727,47030.620999663624,EPSG:3414
tile_x80640_y10752.png,val,80640,10752,1024,1024,0.3,0.0,26859.537999997272,0.0,-0.3,47030.620999663624,26859.537999997272,46723.42099966362,27166.737999997273,47030.620999663624,EPSG:3414
tile_x85120_y10752.png,train,85120,10752,1024,1024,0.3,0.0,28203.537999997272,0.0,-0.3,47030.620999663624,28203.537999997272,46723.42099966362,28510.737999997273,47030.620999663624,EPSG:3414
tile_x86016_y10752.png,train,86016,10752,1024,1024,0.3,0.0,28472.33799999727,0.0,-0.3,47030.620999663624,28472.33799999727,46723.42099966362,28779.537999997272,47030.620999663624,EPSG:3414
tile_x86912_y10752.png,train,86912,10752,1024,1024,0.3,0.0,28741.13799999727,0.0,-0.3,47030.620999663624,28741.13799999727,46723.42099966362,29048.33799999727,47030.620999663624,EPSG:3414
tile_x61824_y11648.png,train,61824,11648,1024,1024,0.3,0.0,21214.737999997273,0.0,-0.3,46761.82099966362,21214.737999997273,46454.620999663624,21521.93799999727,46761.82099966362,EPSG:3414
tile_x62720_y11648.png,train,62720,11648,1024,1024,0.3,0.0,21483.537999997272,0.0,-0.3,46761.82099966362,21483.537999997272,46454.620999663624,21790.737999997273,46761.82099966362,EPSG:3414
tile_x64512_y11648.png,train,64512,11648,1024,1024,0.3,0.0,22021.13799999727,0.0,-0.3,46761.82099966362,22021.13799999727,46454.620999663624,22328.33799999727,46761.82099966362,EPSG:3414
tile_x65408_y11648.png,train,65408,11648,1024,1024,0.3,0.0,22289.93799999727,0.0,-0.3,46761.82099966362,22289.93799999727,46454.620999663624,22597.13799999727,46761.82099966362,EPSG:3414
tile_x66304_y11648.png,train,66304,11648,1024,1024,0.3,0.0,22558.737999997273,0.0,-0.3,46761.82099966362,22558.737999997273,46454.620999663624,22865.93799999727,46761.82099966362,EPSG:3414
tile_x67200_y11648.png,train,67200,11648,1024,1024,0.3,0.0,22827.537999997272,0.0,-0.3,46761.82099966362,22827.537999997272,46454.620999663624,23134.737999997273,46761.82099966362,EPSG:3414
tile_x68096_y11648.png,train,68096,11648,1024,1024,0.3,0.0,23096.33799999727,0.0,-0.3,46761.82099966362,23096.33799999727,46454.620999663624,23403.537999997272,46761.82099966362,EPSG:3414
tile_x68992_y11648.png,train,68992,11648,1024,1024,0.3,0.0,23365.13799999727,0.0,-0.3,46761.82099966362,23365.13799999727,46454.620999663624,23672.33799999727,46761.82099966362,EPSG:3414
tile_x69888_y11648.png,train,69888,11648,1024,1024,0.3,0.0,23633.93799999727,0.0,-0.3,46761.82099966362,23633.93799999727,46454.620999663624,23941.13799999727,46761.82099966362,EPSG:3414
tile_x71680_y11648.png,train,71680,11648,1024,1024,0.3,0.0,24171.537999997272,0.0,-0.3,46761.82099966362,24171.537999997272,46454.620999663624,24478.737999997273,46761.82099966362,EPSG:3414
tile_x72576_y11648.png,train,72576,11648,1024,1024,0.3,0.0,24440.33799999727,0.0,-0.3,46761.82099966362,24440.33799999727,46454.620999663624,24747.537999997272,46761.82099966362,EPSG:3414
tile_x82432_y11648.png,train,82432,11648,1024,1024,0.3,0.0,27397.13799999727,0.0,-0.3,46761.82099966362,27397.13799999727,46454.620999663624,27704.33799999727,46761.82099966362,EPSG:3414
tile_x84224_y11648.png,train,84224,11648,1024,1024,0.3,0.0,27934.737999997273,0.0,-0.3,46761.82099966362,27934.737999997273,46454.620999663624,28241.93799999727,46761.82099966362,EPSG:3414
tile_x85120_y11648.png,train,85120,11648,1024,1024,0.3,0.0,28203.537999997272,0.0,-0.3,46761.82099966362,28203.537999997272,46454.620999663624,28510.737999997273,46761.82099966362,EPSG:3414
tile_x86016_y11648.png,train,86016,11648,1024,1024,0.3,0.0,28472.33799999727,0.0,-0.3,46761.82099966362,28472.33799999727,46454.620999663624,28779.537999997272,46761.82099966362,EPSG:3414
tile_x86912_y11648.png,train,86912,11648,1024,1024,0.3,0.0,28741.13799999727,0.0,-0.3,46761.82099966362,28741.13799999727,46454.620999663624,29048.33799999727,46761.82099966362,EPSG:3414
tile_x60928_y12544.png,val,60928,12544,1024,1024,0.3,0.0,20945.93799999727,0.0,-0.3,46493.020999663626,20945.93799999727,46185.82099966362,21253.13799999727,46493.020999663626,EPSG:3414
tile_x61824_y12544.png,val,61824,12544,1024,1024,0.3,0.0,21214.737999997273,0.0,-0.3,46493.020999663626,21214.737999997273,46185.82099966362,21521.93799999727,46493.020999663626,EPSG:3414
tile_x62720_y12544.png,val,62720,12544,1024,1024,0.3,0.0,21483.537999997272,0.0,-0.3,46493.020999663626,21483.537999997272,46185.82099966362,21790.737999997273,46493.020999663626,EPSG:3414
tile_x63616_y12544.png,val,63616,12544,1024,1024,0.3,0.0,21752.33799999727,0.0,-0.3,46493.020999663626,21752.33799999727,46185.82099966362,22059.537999997272,46493.020999663626,EPSG:3414
tile_x64512_y12544.png,val,64512,12544,1024,1024,0.3,0.0,22021.13799999727,0.0,-0.3,46493.020999663626,22021.13799999727,46185.82099966362,22328.33799999727,46493.020999663626,EPSG:3414
tile_x65408_y12544.png,val,65408,12544,1024,1024,0.3,0.0,22289.93799999727,0.0,-0.3,46493.020999663626,22289.93799999727,46185.82099966362,22597.13799999727,46493.020999663626,EPSG:3414
tile_x66304_y12544.png,val,66304,12544,1024,1024,0.3,0.0,22558.737999997273,0.0,-0.3,46493.020999663626,22558.737999997273,46185.82099966362,22865.93799999727,46493.020999663626,EPSG:3414
tile_x67200_y12544.png,val,67200,12544,1024,1024,0.3,0.0,22827.537999997272,0.0,-0.3,46493.020999663626,22827.537999997272,46185.82099966362,23134.737999997273,46493.020999663626,EPSG:3414
tile_x68096_y12544.png,val,68096,12544,1024,1024,0.3,0.0,23096.33799999727,0.0,-0.3,46493.020999663626,23096.33799999727,46185.82099966362,23403.537999997272,46493.020999663626,EPSG:3414
tile_x68992_y12544.png,val,68992,12544,1024,1024,0.3,0.0,23365.13799999727,0.0,-0.3,46493.020999663626,23365.13799999727,46185.82099966362,23672.33799999727,46493.020999663626,EPSG:3414
tile_x69888_y12544.png,train,69888,12544,1024,1024,0.3,0.0,23633.93799999727,0.0,-0.3,46493.020999663626,23633.93799999727,46185.82099966362,23941.13799999727,46493.020999663626,EPSG:3414
tile_x70784_y12544.png,train,70784,12544,1024,1024,0.3,0.0,23902.737999997273,0.0,-0.3,46493.020999663626,23902.737999997273,46185.82099966362,24209.93799999727,46493.020999663626,EPSG:3414
tile_x71680_y12544.png,train,71680,12544,1024,1024,0.3,0.0,24171.537999997272,0.0,-0.3,46493.020999663626,24171.537999997272,46185.82099966362,24478.737999997273,46493.020999663626,EPSG:3414
tile_x72576_y12544.png,train,72576,12544,1024,1024,0.3,0.0,24440.33799999727,0.0,-0.3,46493.020999663626,24440.33799999727,46185.82099966362,24747.537999997272,46493.020999663626,EPSG:3414
tile_x81536_y12544.png,train,81536,12544,1024,1024,0.3,0.0,27128.33799999727,0.0,-0.3,46493.020999663626,27128.33799999727,46185.82099966362,27435.537999997272,46493.020999663626,EPSG:3414
tile_x82432_y12544.png,train,82432,12544,1024,1024,0.3,0.0,27397.13799999727,0.0,-0.3,46493.020999663626,27397.13799999727,46185.82099966362,27704.33799999727,46493.020999663626,EPSG:3414
tile_x83328_y12544.png,train,83328,12544,1024,1024,0.3,0.0,27665.93799999727,0.0,-0.3,46493.020999663626,27665.93799999727,46185.82099966362,27973.13799999727,46493.020999663626,EPSG:3414
tile_x84224_y12544.png,train,84224,12544,1024,1024,0.3,0.0,27934.737999997273,0.0,-0.3,46493.020999663626,27934.737999997273,46185.82099966362,28241.93799999727,46493.020999663626,EPSG:3414
tile_x86912_y12544.png,val,86912,12544,1024,1024,0.3,0.0,28741.13799999727,0.0,-0.3,46493.020999663626,28741.13799999727,46185.82099966362,29048.33799999727,46493.020999663626,EPSG:3414
tile_x57344_y13440.png,train,57344,13440,1024,1024,0.3,0.0,19870.737999997273,0.0,-0.3,46224.22099966362,19870.737999997273,45917.020999663626,20177.93799999727,46224.22099966362,EPSG:3414
tile_x60928_y13440.png,val,60928,13440,1024,1024,0.3,0.0,20945.93799999727,0.0,-0.3,46224.22099966362,20945.93799999727,45917.020999663626,21253.13799999727,46224.22099966362,EPSG:3414
tile_x61824_y13440.png,val,61824,13440,1024,1024,0.3,0.0,21214.737999997273,0.0,-0.3,46224.22099966362,21214.737999997273,45917.020999663626,21521.93799999727,46224.22099966362,EPSG:3414
tile_x62720_y13440.png,val,62720,13440,1024,1024,0.3,0.0,21483.537999997272,0.0,-0.3,46224.22099966362,21483.537999997272,45917.020999663626,21790.737999997273,46224.22099966362,EPSG:3414
tile_x64512_y13440.png,val,64512,13440,1024,1024,0.3,0.0,22021.13799999727,0.0,-0.3,46224.22099966362,22021.13799999727,45917.020999663626,22328.33799999727,46224.22099966362,EPSG:3414
tile_x66304_y13440.png,val,66304,13440,1024,1024,0.3,0.0,22558.737999997273,0.0,-0.3,46224.22099966362,22558.737999997273,45917.020999663626,22865.93799999727,46224.22099966362,EPSG:3414
tile_x67200_y13440.png,val,67200,13440,1024,1024,0.3,0.0,22827.537999997272,0.0,-0.3,46224.22099966362,22827.537999997272,45917.020999663626,23134.737999997273,46224.22099966362,EPSG:3414
tile_x68096_y13440.png,val,68096,13440,1024,1024,0.3,0.0,23096.33799999727,0.0,-0.3,46224.22099966362,23096.33799999727,45917.020999663626,23403.537999997272,46224.22099966362,EPSG:3414
tile_x68992_y13440.png,val,68992,13440,1024,1024,0.3,0.0,23365.13799999727,0.0,-0.3,46224.22099966362,23365.13799999727,45917.020999663626,23672.33799999727,46224.22099966362,EPSG:3414
tile_x69888_y13440.png,train,69888,13440,1024,1024,0.3,0.0,23633.93799999727,0.0,-0.3,46224.22099966362,23633.93799999727,45917.020999663626,23941.13799999727,46224.22099966362,EPSG:3414
tile_x70784_y13440.png,train,70784,13440,1024,1024,0.3,0.0,23902.737999997273,0.0,-0.3,46224.22099966362,23902.737999997273,45917.020999663626,24209.93799999727,46224.22099966362,EPSG:3414
tile_x71680_y13440.png,train,71680,13440,1024,1024,0.3,0.0,24171.537999997272,0.0,-0.3,46224.22099966362,24171.537999997272,45917.020999663626,24478.737999997273,46224.22099966362,EPSG:3414
tile_x81536_y13440.png,train,81536,13440,1024,1024,0.3,0.0,27128.33799999727,0.0,-0.3,46224.22099966362,27128.33799999727,45917.020999663626,27435.537999997272,46224.22099966362,EPSG:3414
tile_x83328_y13440.png,train,83328,13440,1024,1024,0.3,0.0,27665.93799999727,0.0,-0.3,46224.22099966362,27665.93799999727,45917.020999663626,27973.13799999727,46224.22099966362,EPSG:3414
tile_x84224_y13440.png,train,84224,13440,1024,1024,0.3,0.0,27934.737999997273,0.0,-0.3,46224.22099966362,27934.737999997273,45917.020999663626,28241.93799999727,46224.22099966362,EPSG:3414
tile_x85120_y13440.png,train,85120,13440,1024,1024,0.3,0.0,28203.537999997272,0.0,-0.3,46224.22099966362,28203.537999997272,45917.020999663626,28510.737999997273,46224.22099966362,EPSG:3414
tile_x57344_y14336.png,train,57344,14336,1024,1024,0.3,0.0,19870.737999997273,0.0,-0.3,45955.42099966362,19870.737999997273,45648.22099966362,20177.93799999727,45955.42099966362,EPSG:3414
tile_x59136_y14336.png,train,59136,14336,1024,1024,0.3,0.0,20408.33799999727,0.0,-0.3,45955.42099966362,20408.33799999727,45648.22099966362,20715.537999997272,45955.42099966362,EPSG:3414
tile_x60928_y14336.png,val,60928,14336,1024,1024,0.3,0.0,20945.93799999727,0.0,-0.3,45955.42099966362,20945.93799999727,45648.22099966362,21253.13799999727,45955.42099966362,EPSG:3414
tile_x61824_y14336.png,val,61824,14336,1024,1024,0.3,0.0,21214.737999997273,0.0,-0.3,45955.42099966362,21214.737999997273,45648.22099966362,21521.93799999727,45955.42099966362,EPSG:3414
tile_x62720_y14336.png,val,62720,14336,1024,1024,0.3,0.0,21483.537999997272,0.0,-0.3,45955.42099966362,21483.537999997272,45648.22099966362,21790.737999997273,45955.42099966362,EPSG:3414
tile_x65408_y14336.png,val,65408,14336,1024,1024,0.3,0.0,22289.93799999727,0.0,-0.3,45955.42099966362,22289.93799999727,45648.22099966362,22597.13799999727,45955.42099966362,EPSG:3414
tile_x66304_y14336.png,val,66304,14336,1024,1024,0.3,0.0,22558.737999997273,0.0,-0.3,45955.42099966362,22558.737999997273,45648.22099966362,22865.93799999727,45955.42099966362,EPSG:3414
tile_x67200_y14336.png,val,67200,14336,1024,1024,0.3,0.0,22827.537999997272,0.0,-0.3,45955.42099966362,22827.537999997272,45648.22099966362,23134.737999997273,45955.42099966362,EPSG:3414
tile_x68096_y14336.png,val,68096,14336,1024,1024,0.3,0.0,23096.33799999727,0.0,-0.3,45955.42099966362,23096.33799999727,45648.22099966362,23403.537999997272,45955.42099966362,EPSG:3414
tile_x68992_y14336.png,val,68992,14336,1024,1024,0.3,0.0,23365.13799999727,0.0,-0.3,45955.42099966362,23365.13799999727,45648.22099966362,23672.33799999727,45955.42099966362,EPSG:3414
tile_x83328_y14336.png,train,83328,14336,1024,1024,0.3,0.0,27665.93799999727,0.0,-0.3,45955.42099966362,27665.93799999727,45648.22099966362,27973.13799999727,45955.42099966362,EPSG:3414
tile_x84224_y14336.png,train,84224,14336,1024,1024,0.3,0.0,27934.737999997273,0.0,-0.3,45955.42099966362,27934.737999997273,45648.22099966362,28241.93799999727,45955.42099966362,EPSG:3414
tile_x85120_y14336.png,train,85120,14336,1024,1024,0.3,0.0,28203.537999997272,0.0,-0.3,45955.42099966362,28203.537999997272,45648.22099966362,28510.737999997273,45955.42099966362,EPSG:3414
tile_x86016_y14336.png,val,86016,14336,1024,1024,0.3,0.0,28472.33799999727,0.0,-0.3,45955.42099966362,28472.33799999727,45648.22099966362,28779.537999997272,45955.42099966362,EPSG:3414
tile_x88704_y14336.png,val,88704,14336,1024,1024,0.3,0.0,29278.737999997273,0.0,-0.3,45955.42099966362,29278.737999997273,45648.22099966362,29585.93799999727,45955.42099966362,EPSG:3414
tile_x89600_y14336.png,train,89600,14336,1024,1024,0.3,0.0,29547.537999997272,0.0,-0.3,45955.42099966362,29547.537999997272,45648.22099966362,29854.737999997273,45955.42099966362,EPSG:3414
tile_x57344_y15232.png,train,57344,15232,1024,1024,0.3,0.0,19870.737999997273,0.0,-0.3,45686.620999663624,19870.737999997273,45379.42099966362,20177.93799999727,45686.620999663624,EPSG:3414
tile_x59136_y15232.png,train,59136,15232,1024,1024,0.3,0.0,20408.33799999727,0.0,-0.3,45686.620999663624,20408.33799999727,45379.42099966362,20715.537999997272,45686.620999663624,EPSG:3414
tile_x60928_y15232.png,val,60928,15232,1024,1024,0.3,0.0,20945.93799999727,0.0,-0.3,45686.620999663624,20945.93799999727,45379.42099966362,21253.13799999727,45686.620999663624,EPSG:3414
tile_x61824_y15232.png,val,61824,15232,1024,1024,0.3,0.0,21214.737999997273,0.0,-0.3,45686.620999663624,21214.737999997273,45379.42099966362,21521.93799999727,45686.620999663624,EPSG:3414
tile_x65408_y15232.png,val,65408,15232,1024,1024,0.3,0.0,22289.93799999727,0.0,-0.3,45686.620999663624,22289.93799999727,45379.42099966362,22597.13799999727,45686.620999663624,EPSG:3414
tile_x66304_y15232.png,val,66304,15232,1024,1024,0.3,0.0,22558.737999997273,0.0,-0.3,45686.620999663624,22558.737999997273,45379.42099966362,22865.93799999727,45686.620999663624,EPSG:3414
tile_x68992_y15232.png,val,68992,15232,1024,1024,0.3,0.0,23365.13799999727,0.0,-0.3,45686.620999663624,23365.13799999727,45379.42099966362,23672.33799999727,45686.620999663624,EPSG:3414
tile_x81536_y15232.png,train,81536,15232,1024,1024,0.3,0.0,27128.33799999727,0.0,-0.3,45686.620999663624,27128.33799999727,45379.42099966362,27435.537999997272,45686.620999663624,EPSG:3414
tile_x82432_y15232.png,train,82432,15232,1024,1024,0.3,0.0,27397.13799999727,0.0,-0.3,45686.620999663624,27397.13799999727,45379.42099966362,27704.33799999727,45686.620999663624,EPSG:3414
tile_x83328_y15232.png,train,83328,15232,1024,1024,0.3,0.0,27665.93799999727,0.0,-0.3,45686.620999663624,27665.93799999727,45379.42099966362,27973.13799999727,45686.620999663624,EPSG:3414
tile_x84224_y15232.png,train,84224,15232,1024,1024,0.3,0.0,27934.737999997273,0.0,-0.3,45686.620999663624,27934.737999997273,45379.42099966362,28241.93799999727,45686.620999663624,EPSG:3414
tile_x85120_y15232.png,train,85120,15232,1024,1024,0.3,0.0,28203.537999997272,0.0,-0.3,45686.620999663624,28203.537999997272,45379.42099966362,28510.737999997273,45686.620999663624,EPSG:3414
tile_x88704_y15232.png,val,88704,15232,1024,1024,0.3,0.0,29278.737999997273,0.0,-0.3,45686.620999663624,29278.737999997273,45379.42099966362,29585.93799999727,45686.620999663624,EPSG:3414
tile_x57344_y16128.png,train,57344,16128,1024,1024,0.3,0.0,19870.737999997273,0.0,-0.3,45417.82099966362,19870.737999997273,45110.620999663624,20177.93799999727,45417.82099966362,EPSG:3414
tile_x80640_y16128.png,val,80640,16128,1024,1024,0.3,0.0,26859.537999997272,0.0,-0.3,45417.82099966362,26859.537999997272,45110.620999663624,27166.737999997273,45417.82099966362,EPSG:3414
tile_x81536_y16128.png,train,81536,16128,1024,1024,0.3,0.0,27128.33799999727,0.0,-0.3,45417.82099966362,27128.33799999727,45110.620999663624,27435.537999997272,45417.82099966362,EPSG:3414
tile_x83328_y16128.png,train,83328,16128,1024,1024,0.3,0.0,27665.93799999727,0.0,-0.3,45417.82099966362,27665.93799999727,45110.620999663624,27973.13799999727,45417.82099966362,EPSG:3414
tile_x84224_y16128.png,train,84224,16128,1024,1024,0.3,0.0,27934.737999997273,0.0,-0.3,45417.82099966362,27934.737999997273,45110.620999663624,28241.93799999727,45417.82099966362,EPSG:3414
tile_x85120_y16128.png,train,85120,16128,1024,1024,0.3,0.0,28203.537999997272,0.0,-0.3,45417.82099966362,28203.537999997272,45110.620999663624,28510.737999997273,45417.82099966362,EPSG:3414
tile_x87808_y16128.png,train,87808,16128,1024,1024,0.3,0.0,29009.93799999727,0.0,-0.3,45417.82099966362,29009.93799999727,45110.620999663624,29317.13799999727,45417.82099966362,EPSG:3414
tile_x88704_y16128.png,train,88704,16128,1024,1024,0.3,0.0,29278.737999997273,0.0,-0.3,45417.82099966362,29278.737999997273,45110.620999663624,29585.93799999727,45417.82099966362,EPSG:3414
tile_x84224_y17024.png,train,84224,17024,1024,1024,0.3,0.0,27934.737999997273,0.0,-0.3,45149.020999663626,27934.737999997273,44841.82099966362,28241.93799999727,45149.020999663626,EPSG:3414
tile_x85120_y17024.png,train,85120,17024,1024,1024,0.3,0.0,28203.537999997272,0.0,-0.3,45149.020999663626,28203.537999997272,44841.82099966362,28510.737999997273,45149.020999663626,EPSG:3414
tile_x86912_y17024.png,train,86912,17024,1024,1024,0.3,0.0,28741.13799999727,0.0,-0.3,45149.020999663626,28741.13799999727,44841.82099966362,29048.33799999727,45149.020999663626,EPSG:3414
tile_x90496_y17024.png,train,90496,17024,1024,1024,0.3,0.0,29816.33799999727,0.0,-0.3,45149.020999663626,29816.33799999727,44841.82099966362,30123.537999997272,45149.020999663626,EPSG:3414
tile_x91392_y17024.png,train,91392,17024,1024,1024,0.3,0.0,30085.13799999727,0.0,-0.3,45149.020999663626,30085.13799999727,44841.82099966362,30392.33799999727,45149.020999663626,EPSG:3414
tile_x95872_y17024.png,train,95872,17024,1024,1024,0.3,0.0,31429.13799999727,0.0,-0.3,45149.020999663626,31429.13799999727,44841.82099966362,31736.33799999727,45149.020999663626,EPSG:3414
tile_x83328_y17920.png,train,83328,17920,1024,1024,0.3,0.0,27665.93799999727,0.0,-0.3,44880.22099966362,27665.93799999727,44573.020999663626,27973.13799999727,44880.22099966362,EPSG:3414
tile_x84224_y17920.png,train,84224,17920,1024,1024,0.3,0.0,27934.737999997273,0.0,-0.3,44880.22099966362,27934.737999997273,44573.020999663626,28241.93799999727,44880.22099966362,EPSG:3414
tile_x85120_y17920.png,train,85120,17920,1024,1024,0.3,0.0,28203.537999997272,0.0,-0.3,44880.22099966362,28203.537999997272,44573.020999663626,28510.737999997273,44880.22099966362,EPSG:3414
tile_x86912_y17920.png,train,86912,17920,1024,1024,0.3,0.0,28741.13799999727,0.0,-0.3,44880.22099966362,28741.13799999727,44573.020999663626,29048.33799999727,44880.22099966362,EPSG:3414
tile_x87808_y17920.png,train,87808,17920,1024,1024,0.3,0.0,29009.93799999727,0.0,-0.3,44880.22099966362,29009.93799999727,44573.020999663626,29317.13799999727,44880.22099966362,EPSG:3414
tile_x95872_y17920.png,train,95872,17920,1024,1024,0.3,0.0,31429.13799999727,0.0,-0.3,44880.22099966362,31429.13799999727,44573.020999663626,31736.33799999727,44880.22099966362,EPSG:3414
tile_x83328_y18816.png,train,83328,18816,1024,1024,0.3,0.0,27665.93799999727,0.0,-0.3,44611.42099966362,27665.93799999727,44304.22099966362,27973.13799999727,44611.42099966362,EPSG:3414
tile_x84224_y18816.png,train,84224,18816,1024,1024,0.3,0.0,27934.737999997273,0.0,-0.3,44611.42099966362,27934.737999997273,44304.22099966362,28241.93799999727,44611.42099966362,EPSG:3414
tile_x85120_y18816.png,train,85120,18816,1024,1024,0.3,0.0,28203.537999997272,0.0,-0.3,44611.42099966362,28203.537999997272,44304.22099966362,28510.737999997273,44611.42099966362,EPSG:3414
tile_x86912_y18816.png,train,86912,18816,1024,1024,0.3,0.0,28741.13799999727,0.0,-0.3,44611.42099966362,28741.13799999727,44304.22099966362,29048.33799999727,44611.42099966362,EPSG:3414
tile_x83328_y19712.png,train,83328,19712,1024,1024,0.3,0.0,27665.93799999727,0.0,-0.3,44342.620999663624,27665.93799999727,44035.42099966362,27973.13799999727,44342.620999663624,EPSG:3414
tile_x84224_y19712.png,train,84224,19712,1024,1024,0.3,0.0,27934.737999997273,0.0,-0.3,44342.620999663624,27934.737999997273,44035.42099966362,28241.93799999727,44342.620999663624,EPSG:3414
tile_x85120_y19712.png,train,85120,19712,1024,1024,0.3,0.0,28203.537999997272,0.0,-0.3,44342.620999663624,28203.537999997272,44035.42099966362,28510.737999997273,44342.620999663624,EPSG:3414
tile_x86016_y19712.png,train,86016,19712,1024,1024,0.3,0.0,28472.33799999727,0.0,-0.3,44342.620999663624,28472.33799999727,44035.42099966362,28779.537999997272,44342.620999663624,EPSG:3414
tile_x98560_y19712.png,train,98560,19712,1024,1024,0.3,0.0,32235.537999997272,0.0,-0.3,44342.620999663624,32235.537999997272,44035.42099966362,32542.73799999727,44342.620999663624,EPSG:3414
tile_x112000_y19712.png,train,112000,19712,1024,1024,0.3,0.0,36267.53799999727,0.0,-0.3,44342.620999663624,36267.53799999727,44035.42099966362,36574.73799999727,44342.620999663624,EPSG:3414
tile_x112896_y19712.png,train,112896,19712,1024,1024,0.3,0.0,36536.33799999727,0.0,-0.3,44342.620999663624,36536.33799999727,44035.42099966362,36843.53799999727,44342.620999663624,EPSG:3414
tile_x51968_y20608.png,train,51968,20608,1024,1024,0.3,0.0,18257.937999997273,0.0,-0.3,44073.82099966362,18257.937999997273,43766.620999663624,18565.13799999727,44073.82099966362,EPSG:3414
tile_x54656_y20608.png,train,54656,20608,1024,1024,0.3,0.0,19064.33799999727,0.0,-0.3,44073.82099966362,19064.33799999727,43766.620999663624,19371.537999997272,44073.82099966362,EPSG:3414
tile_x55552_y20608.png,train,55552,20608,1024,1024,0.3,0.0,19333.13799999727,0.0,-0.3,44073.82099966362,19333.13799999727,43766.620999663624,19640.33799999727,44073.82099966362,EPSG:3414
tile_x83328_y20608.png,train,83328,20608,1024,1024,0.3,0.0,27665.93799999727,0.0,-0.3,44073.82099966362,27665.93799999727,43766.620999663624,27973.13799999727,44073.82099966362,EPSG:3414
tile_x84224_y20608.png,train,84224,20608,1024,1024,0.3,0.0,27934.737999997273,0.0,-0.3,44073.82099966362,27934.737999997273,43766.620999663624,28241.93799999727,44073.82099966362,EPSG:3414
tile_x86912_y20608.png,val,86912,20608,1024,1024,0.3,0.0,28741.13799999727,0.0,-0.3,44073.82099966362,28741.13799999727,43766.620999663624,29048.33799999727,44073.82099966362,EPSG:3414
tile_x98560_y20608.png,train,98560,20608,1024,1024,0.3,0.0,32235.537999997272,0.0,-0.3,44073.82099966362,32235.537999997272,43766.620999663624,32542.73799999727,44073.82099966362,EPSG:3414
tile_x99456_y20608.png,train,99456,20608,1024,1024,0.3,0.0,32504.33799999727,0.0,-0.3,44073.82099966362,32504.33799999727,43766.620999663624,32811.53799999727,44073.82099966362,EPSG:3414
tile_x54656_y21504.png,train,54656,21504,1024,1024,0.3,0.0,19064.33799999727,0.0,-0.3,43805.020999663626,19064.33799999727,43497.82099966362,19371.537999997272,43805.020999663626,EPSG:3414
tile_x55552_y21504.png,train,55552,21504,1024,1024,0.3,0.0,19333.13799999727,0.0,-0.3,43805.020999663626,19333.13799999727,43497.82099966362,19640.33799999727,43805.020999663626,EPSG:3414
tile_x82432_y21504.png,train,82432,21504,1024,1024,0.3,0.0,27397.13799999727,0.0,-0.3,43805.020999663626,27397.13799999727,43497.82099966362,27704.33799999727,43805.020999663626,EPSG:3414
tile_x83328_y21504.png,train,83328,21504,1024,1024,0.3,0.0,27665.93799999727,0.0,-0.3,43805.020999663626,27665.93799999727,43497.82099966362,27973.13799999727,43805.020999663626,EPSG:3414
tile_x84224_y21504.png,train,84224,21504,1024,1024,0.3,0.0,27934.737999997273,0.0,-0.3,43805.020999663626,27934.737999997273,43497.82099966362,28241.93799999727,43805.020999663626,EPSG:3414
tile_x107520_y21504.png,val,107520,21504,1024,1024,0.3,0.0,34923.53799999727,0.0,-0.3,43805.020999663626,34923.53799999727,43497.82099966362,35230.73799999727,43805.020999663626,EPSG:3414
tile_x54656_y22400.png,train,54656,22400,1024,1024,0.3,0.0,19064.33799999727,0.0,-0.3,43536.22099966362,19064.33799999727,43229.020999663626,19371.537999997272,43536.22099966362,EPSG:3414
tile_x55552_y22400.png,train,55552,22400,1024,1024,0.3,0.0,19333.13799999727,0.0,-0.3,43536.22099966362,19333.13799999727,43229.020999663626,19640.33799999727,43536.22099966362,EPSG:3414
tile_x108416_y22400.png,val,108416,22400,1024,1024,0.3,0.0,35192.33799999727,0.0,-0.3,43536.22099966362,35192.33799999727,43229.020999663626,35499.53799999727,43536.22099966362,EPSG:3414
tile_x111104_y22400.png,train,111104,22400,1024,1024,0.3,0.0,35998.73799999727,0.0,-0.3,43536.22099966362,35998.73799999727,43229.020999663626,36305.93799999727,43536.22099966362,EPSG:3414
tile_x74368_y23296.png,val,74368,23296,1024,1024,0.3,0.0,24977.93799999727,0.0,-0.3,43267.42099966362,24977.93799999727,42960.22099966362,25285.13799999727,43267.42099966362,EPSG:3414
tile_x107520_y23296.png,val,107520,23296,1024,1024,0.3,0.0,34923.53799999727,0.0,-0.3,43267.42099966362,34923.53799999727,42960.22099966362,35230.73799999727,43267.42099966362,EPSG:3414
tile_x109312_y23296.png,val,109312,23296,1024,1024,0.3,0.0,35461.13799999727,0.0,-0.3,43267.42099966362,35461.13799999727,42960.22099966362,35768.33799999727,43267.42099966362,EPSG:3414
tile_x110208_y23296.png,train,110208,23296,1024,1024,0.3,0.0,35729.93799999727,0.0,-0.3,43267.42099966362,35729.93799999727,42960.22099966362,36037.13799999727,43267.42099966362,EPSG:3414
tile_x111104_y23296.png,train,111104,23296,1024,1024,0.3,0.0,35998.73799999727,0.0,-0.3,43267.42099966362,35998.73799999727,42960.22099966362,36305.93799999727,43267.42099966362,EPSG:3414
tile_x112000_y23296.png,train,112000,23296,1024,1024,0.3,0.0,36267.53799999727,0.0,-0.3,43267.42099966362,36267.53799999727,42960.22099966362,36574.73799999727,43267.42099966362,EPSG:3414
tile_x92288_y24192.png,val,92288,24192,1024,1024,0.3,0.0,30353.93799999727,0.0,-0.3,42998.620999663624,30353.93799999727,42691.42099966362,30661.13799999727,42998.620999663624,EPSG:3414
tile_x109312_y24192.png,train,109312,24192,1024,1024,0.3,0.0,35461.13799999727,0.0,-0.3,42998.620999663624,35461.13799999727,42691.42099966362,35768.33799999727,42998.620999663624,EPSG:3414
tile_x110208_y24192.png,train,110208,24192,1024,1024,0.3,0.0,35729.93799999727,0.0,-0.3,42998.620999663624,35729.93799999727,42691.42099966362,36037.13799999727,42998.620999663624,EPSG:3414
tile_x111104_y24192.png,train,111104,24192,1024,1024,0.3,0.0,35998.73799999727,0.0,-0.3,42998.620999663624,35998.73799999727,42691.42099966362,36305.93799999727,42998.620999663624,EPSG:3414
tile_x112000_y24192.png,train,112000,24192,1024,1024,0.3,0.0,36267.53799999727,0.0,-0.3,42998.620999663624,36267.53799999727,42691.42099966362,36574.73799999727,42998.620999663624,EPSG:3414
tile_x112896_y24192.png,train,112896,24192,1024,1024,0.3,0.0,36536.33799999727,0.0,-0.3,42998.620999663624,36536.33799999727,42691.42099966362,36843.53799999727,42998.620999663624,EPSG:3414
tile_x114688_y24192.png,train,114688,24192,1024,1024,0.3,0.0,37073.93799999727,0.0,-0.3,42998.620999663624,37073.93799999727,42691.42099966362,37381.13799999727,42998.620999663624,EPSG:3414
tile_x51968_y25088.png,train,51968,25088,1024,1024,0.3,0.0,18257.937999997273,0.0,-0.3,42729.82099966362,18257.937999997273,42422.620999663624,18565.13799999727,42729.82099966362,EPSG:3414
tile_x52864_y25088.png,val,52864,25088,1024,1024,0.3,0.0,18526.73799999727,0.0,-0.3,42729.82099966362,18526.73799999727,42422.620999663624,18833.937999997273,42729.82099966362,EPSG:3414
tile_x107520_y25088.png,train,107520,25088,1024,1024,0.3,0.0,34923.53799999727,0.0,-0.3,42729.82099966362,34923.53799999727,42422.620999663624,35230.73799999727,42729.82099966362,EPSG:3414
tile_x110208_y25088.png,train,110208,25088,1024,1024,0.3,0.0,35729.93799999727,0.0,-0.3,42729.82099966362,35729.93799999727,42422.620999663624,36037.13799999727,42729.82099966362,EPSG:3414
tile_x111104_y25088.png,train,111104,25088,1024,1024,0.3,0.0,35998.73799999727,0.0,-0.3,42729.82099966362,35998.73799999727,42422.620999663624,36305.93799999727,42729.82099966362,EPSG:3414
tile_x112000_y25088.png,train,112000,25088,1024,1024,0.3,0.0,36267.53799999727,0.0,-0.3,42729.82099966362,36267.53799999727,42422.620999663624,36574.73799999727,42729.82099966362,EPSG:3414
tile_x112896_y25088.png,train,112896,25088,1024,1024,0.3,0.0,36536.33799999727,0.0,-0.3,42729.82099966362,36536.33799999727,42422.620999663624,36843.53799999727,42729.82099966362,EPSG:3414
tile_x113792_y25088.png,train,113792,25088,1024,1024,0.3,0.0,36805.13799999727,0.0,-0.3,42729.82099966362,36805.13799999727,42422.620999663624,37112.33799999727,42729.82099966362,EPSG:3414
tile_x115584_y25088.png,train,115584,25088,1024,1024,0.3,0.0,37342.73799999727,0.0,-0.3,42729.82099966362,37342.73799999727,42422.620999663624,37649.93799999727,42729.82099966362,EPSG:3414
tile_x116480_y25088.png,train,116480,25088,1024,1024,0.3,0.0,37611.53799999727,0.0,-0.3,42729.82099966362,37611.53799999727,42422.620999663624,37918.73799999727,42729.82099966362,EPSG:3414
tile_x51072_y25984.png,train,51072,25984,1024,1024,0.3,0.0,17989.13799999727,0.0,-0.3,42461.020999663626,17989.13799999727,42153.82099966362,18296.33799999727,42461.020999663626,EPSG:3414
tile_x51968_y25984.png,train,51968,25984,1024,1024,0.3,0.0,18257.937999997273,0.0,-0.3,42461.020999663626,18257.937999997273,42153.82099966362,18565.13799999727,42461.020999663626,EPSG:3414
tile_x52864_y25984.png,val,52864,25984,1024,1024,0.3,0.0,18526.73799999727,0.0,-0.3,42461.020999663626,18526.73799999727,42153.82099966362,18833.937999997273,42461.020999663626,EPSG:3414
tile_x53760_y25984.png,val,53760,25984,1024,1024,0.3,0.0,18795.537999997272,0.0,-0.3,42461.020999663626,18795.537999997272,42153.82099966362,19102.737999997273,42461.020999663626,EPSG:3414
tile_x77952_y25984.png,train,77952,25984,1024,1024,0.3,0.0,26053.13799999727,0.0,-0.3,42461.020999663626,26053.13799999727,42153.82099966362,26360.33799999727,42461.020999663626,EPSG:3414
tile_x78848_y25984.png,train,78848,25984,1024,1024,0.3,0.0,26321.93799999727,0.0,-0.3,42461.020999663626,26321.93799999727,42153.82099966362,26629.13799999727,42461.020999663626,EPSG:3414
tile_x79744_y25984.png,train,79744,25984,1024,1024,0.3,0.0,26590.737999997273,0.0,-0.3,42461.020999663626,26590.737999997273,42153.82099966362,26897.93799999727,42461.020999663626,EPSG:3414
tile_x80640_y25984.png,train,80640,25984,1024,1024,0.3,0.0,26859.537999997272,0.0,-0.3,42461.020999663626,26859.537999997272,42153.82099966362,27166.737999997273,42461.020999663626,EPSG:3414
tile_x96768_y25984.png,train,96768,25984,1024,1024,0.3,0.0,31697.93799999727,0.0,-0.3,42461.020999663626,31697.93799999727,42153.82099966362,32005.13799999727,42461.020999663626,EPSG:3414
tile_x97664_y25984.png,train,97664,25984,1024,1024,0.3,0.0,31966.737999997273,0.0,-0.3,42461.020999663626,31966.737999997273,42153.82099966362,32273.93799999727,42461.020999663626,EPSG:3414
tile_x99456_y25984.png,train,99456,25984,1024,1024,0.3,0.0,32504.33799999727,0.0,-0.3,42461.020999663626,32504.33799999727,42153.82099966362,32811.53799999727,42461.020999663626,EPSG:3414
tile_x103936_y25984.png,val,103936,25984,1024,1024,0.3,0.0,33848.33799999727,0.0,-0.3,42461.020999663626,33848.33799999727,42153.82099966362,34155.53799999727,42461.020999663626,EPSG:3414
tile_x106624_y25984.png,train,106624,25984,1024,1024,0.3,0.0,34654.73799999727,0.0,-0.3,42461.020999663626,34654.73799999727,42153.82099966362,34961.93799999727,42461.020999663626,EPSG:3414
tile_x107520_y25984.png,train,107520,25984,1024,1024,0.3,0.0,34923.53799999727,0.0,-0.3,42461.020999663626,34923.53799999727,42153.82099966362,35230.73799999727,42461.020999663626,EPSG:3414
tile_x110208_y25984.png,train,110208,25984,1024,1024,0.3,0.0,35729.93799999727,0.0,-0.3,42461.020999663626,35729.93799999727,42153.82099966362,36037.13799999727,42461.020999663626,EPSG:3414
tile_x111104_y25984.png,train,111104,25984,1024,1024,0.3,0.0,35998.73799999727,0.0,-0.3,42461.020999663626,35998.73799999727,42153.82099966362,36305.93799999727,42461.020999663626,EPSG:3414
tile_x112000_y25984.png,train,112000,25984,1024,1024,0.3,0.0,36267.53799999727,0.0,-0.3,42461.020999663626,36267.53799999727,42153.82099966362,36574.73799999727,42461.020999663626,EPSG:3414
tile_x112896_y25984.png,train,112896,25984,1024,1024,0.3,0.0,36536.33799999727,0.0,-0.3,42461.020999663626,36536.33799999727,42153.82099966362,36843.53799999727,42461.020999663626,EPSG:3414
tile_x113792_y25984.png,train,113792,25984,1024,1024,0.3,0.0,36805.13799999727,0.0,-0.3,42461.020999663626,36805.13799999727,42153.82099966362,37112.33799999727,42461.020999663626,EPSG:3414
tile_x114688_y25984.png,train,114688,25984,1024,1024,0.3,0.0,37073.93799999727,0.0,-0.3,42461.020999663626,37073.93799999727,42153.82099966362,37381.13799999727,42461.020999663626,EPSG:3414
tile_x115584_y25984.png,train,115584,25984,1024,1024,0.3,0.0,37342.73799999727,0.0,-0.3,42461.020999663626,37342.73799999727,42153.82099966362,37649.93799999727,42461.020999663626,EPSG:3414
tile_x116480_y25984.png,train,116480,25984,1024,1024,0.3,0.0,37611.53799999727,0.0,-0.3,42461.020999663626,37611.53799999727,42153.82099966362,37918.73799999727,42461.020999663626,EPSG:3414
tile_x51072_y26880.png,train,51072,26880,1024,1024,0.3,0.0,17989.13799999727,0.0,-0.3,42192.22099966362,17989.13799999727,41885.020999663626,18296.33799999727,42192.22099966362,EPSG:3414
tile_x51968_y26880.png,train,51968,26880,1024,1024,0.3,0.0,18257.937999997273,0.0,-0.3,42192.22099966362,18257.937999997273,41885.020999663626,18565.13799999727,42192.22099966362,EPSG:3414
tile_x52864_y26880.png,val,52864,26880,1024,1024,0.3,0.0,18526.73799999727,0.0,-0.3,42192.22099966362,18526.73799999727,41885.020999663626,18833.937999997273,42192.22099966362,EPSG:3414
tile_x77952_y26880.png,train,77952,26880,1024,1024,0.3,0.0,26053.13799999727,0.0,-0.3,42192.22099966362,26053.13799999727,41885.020999663626,26360.33799999727,42192.22099966362,EPSG:3414
tile_x78848_y26880.png,train,78848,26880,1024,1024,0.3,0.0,26321.93799999727,0.0,-0.3,42192.22099966362,26321.93799999727,41885.020999663626,26629.13799999727,42192.22099966362,EPSG:3414
tile_x79744_y26880.png,train,79744,26880,1024,1024,0.3,0.0,26590.737999997273,0.0,-0.3,42192.22099966362,26590.737999997273,41885.020999663626,26897.93799999727,42192.22099966362,EPSG:3414
tile_x80640_y26880.png,train,80640,26880,1024,1024,0.3,0.0,26859.537999997272,0.0,-0.3,42192.22099966362,26859.537999997272,41885.020999663626,27166.737999997273,42192.22099966362,EPSG:3414
tile_x96768_y26880.png,train,96768,26880,1024,1024,0.3,0.0,31697.93799999727,0.0,-0.3,42192.22099966362,31697.93799999727,41885.020999663626,32005.13799999727,42192.22099966362,EPSG:3414
tile_x97664_y26880.png,train,97664,26880,1024,1024,0.3,0.0,31966.737999997273,0.0,-0.3,42192.22099966362,31966.737999997273,41885.020999663626,32273.93799999727,42192.22099966362,EPSG:3414
tile_x99456_y26880.png,train,99456,26880,1024,1024,0.3,0.0,32504.33799999727,0.0,-0.3,42192.22099966362,32504.33799999727,41885.020999663626,32811.53799999727,42192.22099966362,EPSG:3414
tile_x101248_y26880.png,train,101248,26880,1024,1024,0.3,0.0,33041.93799999727,0.0,-0.3,42192.22099966362,33041.93799999727,41885.020999663626,33349.13799999727,42192.22099966362,EPSG:3414
tile_x102144_y26880.png,val,102144,26880,1024,1024,0.3,0.0,33310.73799999727,0.0,-0.3,42192.22099966362,33310.73799999727,41885.020999663626,33617.93799999727,42192.22099966362,EPSG:3414
tile_x103936_y26880.png,val,103936,26880,1024,1024,0.3,0.0,33848.33799999727,0.0,-0.3,42192.22099966362,33848.33799999727,41885.020999663626,34155.53799999727,42192.22099966362,EPSG:3414
tile_x104832_y26880.png,val,104832,26880,1024,1024,0.3,0.0,34117.13799999727,0.0,-0.3,42192.22099966362,34117.13799999727,41885.020999663626,34424.33799999727,42192.22099966362,EPSG:3414
tile_x105728_y26880.png,val,105728,26880,1024,1024,0.3,0.0,34385.93799999727,0.0,-0.3,42192.22099966362,34385.93799999727,41885.020999663626,34693.13799999727,42192.22099966362,EPSG:3414
tile_x106624_y26880.png,train,106624,26880,1024,1024,0.3,0.0,34654.73799999727,0.0,-0.3,42192.22099966362,34654.73799999727,41885.020999663626,34961.93799999727,42192.22099966362,EPSG:3414
tile_x107520_y26880.png,train,107520,26880,1024,1024,0.3,0.0,34923.53799999727,0.0,-0.3,42192.22099966362,34923.53799999727,41885.020999663626,35230.73799999727,42192.22099966362,EPSG:3414
tile_x108416_y26880.png,train,108416,26880,1024,1024,0.3,0.0,35192.33799999727,0.0,-0.3,42192.22099966362,35192.33799999727,41885.020999663626,35499.53799999727,42192.22099966362,EPSG:3414
tile_x109312_y26880.png,train,109312,26880,1024,1024,0.3,0.0,35461.13799999727,0.0,-0.3,42192.22099966362,35461.13799999727,41885.020999663626,35768.33799999727,42192.22099966362,EPSG:3414
tile_x110208_y26880.png,train,110208,26880,1024,1024,0.3,0.0,35729.93799999727,0.0,-0.3,42192.22099966362,35729.93799999727,41885.020999663626,36037.13799999727,42192.22099966362,EPSG:3414
tile_x111104_y26880.png,train,111104,26880,1024,1024,0.3,0.0,35998.73799999727,0.0,-0.3,42192.22099966362,35998.73799999727,41885.020999663626,36305.93799999727,42192.22099966362,EPSG:3414
tile_x112000_y26880.png,train,112000,26880,1024,1024,0.3,0.0,36267.53799999727,0.0,-0.3,42192.22099966362,36267.53799999727,41885.020999663626,36574.73799999727,42192.22099966362,EPSG:3414
tile_x112896_y26880.png,train,112896,26880,1024,1024,0.3,0.0,36536.33799999727,0.0,-0.3,42192.22099966362,36536.33799999727,41885.020999663626,36843.53799999727,42192.22099966362,EPSG:3414
tile_x113792_y26880.png,train,113792,26880,1024,1024,0.3,0.0,36805.13799999727,0.0,-0.3,42192.22099966362,36805.13799999727,41885.020999663626,37112.33799999727,42192.22099966362,EPSG:3414
tile_x114688_y26880.png,train,114688,26880,1024,1024,0.3,0.0,37073.93799999727,0.0,-0.3,42192.22099966362,37073.93799999727,41885.020999663626,37381.13799999727,42192.22099966362,EPSG:3414
tile_x50176_y27776.png,train,50176,27776,1024,1024,0.3,0.0,17720.33799999727,0.0,-0.3,41923.42099966362,17720.33799999727,41616.22099966362,18027.537999997272,41923.42099966362,EPSG:3414
tile_x51072_y27776.png,train,51072,27776,1024,1024,0.3,0.0,17989.13799999727,0.0,-0.3,41923.42099966362,17989.13799999727,41616.22099966362,18296.33799999727,41923.42099966362,EPSG:3414
tile_x51968_y27776.png,train,51968,27776,1024,1024,0.3,0.0,18257.937999997273,0.0,-0.3,41923.42099966362,18257.937999997273,41616.22099966362,18565.13799999727,41923.42099966362,EPSG:3414
tile_x52864_y27776.png,val,52864,27776,1024,1024,0.3,0.0,18526.73799999727,0.0,-0.3,41923.42099966362,18526.73799999727,41616.22099966362,18833.937999997273,41923.42099966362,EPSG:3414
tile_x54656_y27776.png,val,54656,27776,1024,1024,0.3,0.0,19064.33799999727,0.0,-0.3,41923.42099966362,19064.33799999727,41616.22099966362,19371.537999997272,41923.42099966362,EPSG:3414
tile_x96768_y27776.png,train,96768,27776,1024,1024,0.3,0.0,31697.93799999727,0.0,-0.3,41923.42099966362,31697.93799999727,41616.22099966362,32005.13799999727,41923.42099966362,EPSG:3414
tile_x97664_y27776.png,train,97664,27776,1024,1024,0.3,0.0,31966.737999997273,0.0,-0.3,41923.42099966362,31966.737999997273,41616.22099966362,32273.93799999727,41923.42099966362,EPSG:3414
tile_x99456_y27776.png,train,99456,27776,1024,1024,0.3,0.0,32504.33799999727,0.0,-0.3,41923.42099966362,32504.33799999727,41616.22099966362,32811.53799999727,41923.42099966362,EPSG:3414
tile_x103040_y27776.png,val,103040,27776,1024,1024,0.3,0.0,33579.53799999727,0.0,-0.3,41923.42099966362,33579.53799999727,41616.22099966362,33886.73799999727,41923.42099966362,EPSG:3414
tile_x103936_y27776.png,val,103936,27776,1024,1024,0.3,0.0,33848.33799999727,0.0,-0.3,41923.42099966362,33848.33799999727,41616.22099966362,34155.53799999727,41923.42099966362,EPSG:3414
tile_x104832_y27776.png,val,104832,27776,1024,1024,0.3,0.0,34117.13799999727,0.0,-0.3,41923.42099966362,34117.13799999727,41616.22099966362,34424.33799999727,41923.42099966362,EPSG:3414
tile_x105728_y27776.png,val,105728,27776,1024,1024,0.3,0.0,34385.93799999727,0.0,-0.3,41923.42099966362,34385.93799999727,41616.22099966362,34693.13799999727,41923.42099966362,EPSG:3414
tile_x106624_y27776.png,train,106624,27776,1024,1024,0.3,0.0,34654.73799999727,0.0,-0.3,41923.42099966362,34654.73799999727,41616.22099966362,34961.93799999727,41923.42099966362,EPSG:3414
tile_x107520_y27776.png,train,107520,27776,1024,1024,0.3,0.0,34923.53799999727,0.0,-0.3,41923.42099966362,34923.53799999727,41616.22099966362,35230.73799999727,41923.42099966362,EPSG:3414
tile_x108416_y27776.png,train,108416,27776,1024,1024,0.3,0.0,35192.33799999727,0.0,-0.3,41923.42099966362,35192.33799999727,41616.22099966362,35499.53799999727,41923.42099966362,EPSG:3414
tile_x109312_y27776.png,train,109312,27776,1024,1024,0.3,0.0,35461.13799999727,0.0,-0.3,41923.42099966362,35461.13799999727,41616.22099966362,35768.33799999727,41923.42099966362,EPSG:3414
tile_x110208_y27776.png,train,110208,27776,1024,1024,0.3,0.0,35729.93799999727,0.0,-0.3,41923.42099966362,35729.93799999727,41616.22099966362,36037.13799999727,41923.42099966362,EPSG:3414
tile_x111104_y27776.png,train,111104,27776,1024,1024,0.3,0.0,35998.73799999727,0.0,-0.3,41923.42099966362,35998.73799999727,41616.22099966362,36305.93799999727,41923.42099966362,EPSG:3414
tile_x112000_y27776.png,train,112000,27776,1024,1024,0.3,0.0,36267.53799999727,0.0,-0.3,41923.42099966362,36267.53799999727,41616.22099966362,36574.73799999727,41923.42099966362,EPSG:3414
tile_x112896_y27776.png,train,112896,27776,1024,1024,0.3,0.0,36536.33799999727,0.0,-0.3,41923.42099966362,36536.33799999727,41616.22099966362,36843.53799999727,41923.42099966362,EPSG:3414
tile_x113792_y27776.png,train,113792,27776,1024,1024,0.3,0.0,36805.13799999727,0.0,-0.3,41923.42099966362,36805.13799999727,41616.22099966362,37112.33799999727,41923.42099966362,EPSG:3414
tile_x114688_y27776.png,train,114688,27776,1024,1024,0.3,0.0,37073.93799999727,0.0,-0.3,41923.42099966362,37073.93799999727,41616.22099966362,37381.13799999727,41923.42099966362,EPSG:3414
tile_x49280_y28672.png,val,49280,28672,1024,1024,0.3,0.0,17451.537999997272,0.0,-0.3,41654.620999663624,17451.537999997272,41347.42099966362,17758.73799999727,41654.620999663624,EPSG:3414
tile_x50176_y28672.png,val,50176,28672,1024,1024,0.3,0.0,17720.33799999727,0.0,-0.3,41654.620999663624,17720.33799999727,41347.42099966362,18027.537999997272,41654.620999663624,EPSG:3414
tile_x51072_y28672.png,val,51072,28672,1024,1024,0.3,0.0,17989.13799999727,0.0,-0.3,41654.620999663624,17989.13799999727,41347.42099966362,18296.33799999727,41654.620999663624,EPSG:3414
tile_x52864_y28672.png,train,52864,28672,1024,1024,0.3,0.0,18526.73799999727,0.0,-0.3,41654.620999663624,18526.73799999727,41347.42099966362,18833.937999997273,41654.620999663624,EPSG:3414
tile_x54656_y28672.png,train,54656,28672,1024,1024,0.3,0.0,19064.33799999727,0.0,-0.3,41654.620999663624,19064.33799999727,41347.42099966362,19371.537999997272,41654.620999663624,EPSG:3414
tile_x85120_y28672.png,val,85120,28672,1024,1024,0.3,0.0,28203.537999997272,0.0,-0.3,41654.620999663624,28203.537999997272,41347.42099966362,28510.737999997273,41654.620999663624,EPSG:3414
tile_x96768_y28672.png,val,96768,28672,1024,1024,0.3,0.0,31697.93799999727,0.0,-0.3,41654.620999663624,31697.93799999727,41347.42099966362,32005.13799999727,41654.620999663624,EPSG:3414
tile_x97664_y28672.png,val,97664,28672,1024,1024,0.3,0.0,31966.737999997273,0.0,-0.3,41654.620999663624,31966.737999997273,41347.42099966362,32273.93799999727,41654.620999663624,EPSG:3414
tile_x99456_y28672.png,val,99456,28672,1024,1024,0.3,0.0,32504.33799999727,0.0,-0.3,41654.620999663624,32504.33799999727,41347.42099966362,32811.53799999727,41654.620999663624,EPSG:3414
tile_x100352_y28672.png,val,100352,28672,1024,1024,0.3,0.0,32773.13799999727,0.0,-0.3,41654.620999663624,32773.13799999727,41347.42099966362,33080.33799999727,41654.620999663624,EPSG:3414
tile_x101248_y28672.png,val,101248,28672,1024,1024,0.3,0.0,33041.93799999727,0.0,-0.3,41654.620999663624,33041.93799999727,41347.42099966362,33349.13799999727,41654.620999663624,EPSG:3414
tile_x103040_y28672.png,train,103040,28672,1024,1024,0.3,0.0,33579.53799999727,0.0,-0.3,41654.620999663624,33579.53799999727,41347.42099966362,33886.73799999727,41654.620999663624,EPSG:3414
tile_x103936_y28672.png,train,103936,28672,1024,1024,0.3,0.0,33848.33799999727,0.0,-0.3,41654.620999663624,33848.33799999727,41347.42099966362,34155.53799999727,41654.620999663624,EPSG:3414
tile_x104832_y28672.png,train,104832,28672,1024,1024,0.3,0.0,34117.13799999727,0.0,-0.3,41654.620999663624,34117.13799999727,41347.42099966362,34424.33799999727,41654.620999663624,EPSG:3414
tile_x105728_y28672.png,train,105728,28672,1024,1024,0.3,0.0,34385.93799999727,0.0,-0.3,41654.620999663624,34385.93799999727,41347.42099966362,34693.13799999727,41654.620999663624,EPSG:3414
tile_x106624_y28672.png,train,106624,28672,1024,1024,0.3,0.0,34654.73799999727,0.0,-0.3,41654.620999663624,34654.73799999727,41347.42099966362,34961.93799999727,41654.620999663624,EPSG:3414
tile_x107520_y28672.png,train,107520,28672,1024,1024,0.3,0.0,34923.53799999727,0.0,-0.3,41654.620999663624,34923.53799999727,41347.42099966362,35230.73799999727,41654.620999663624,EPSG:3414
tile_x108416_y28672.png,train,108416,28672,1024,1024,0.3,0.0,35192.33799999727,0.0,-0.3,41654.620999663624,35192.33799999727,41347.42099966362,35499.53799999727,41654.620999663624,EPSG:3414
tile_x109312_y28672.png,train,109312,28672,1024,1024,0.3,0.0,35461.13799999727,0.0,-0.3,41654.620999663624,35461.13799999727,41347.42099966362,35768.33799999727,41654.620999663624,EPSG:3414
tile_x110208_y28672.png,train,110208,28672,1024,1024,0.3,0.0,35729.93799999727,0.0,-0.3,41654.620999663624,35729.93799999727,41347.42099966362,36037.13799999727,41654.620999663624,EPSG:3414
tile_x111104_y28672.png,train,111104,28672,1024,1024,0.3,0.0,35998.73799999727,0.0,-0.3,41654.620999663624,35998.73799999727,41347.42099966362,36305.93799999727,41654.620999663624,EPSG:3414
tile_x112000_y28672.png,train,112000,28672,1024,1024,0.3,0.0,36267.53799999727,0.0,-0.3,41654.620999663624,36267.53799999727,41347.42099966362,36574.73799999727,41654.620999663624,EPSG:3414
tile_x49280_y29568.png,val,49280,29568,1024,1024,0.3,0.0,17451.537999997272,0.0,-0.3,41385.82099966362,17451.537999997272,41078.620999663624,17758.73799999727,41385.82099966362,EPSG:3414
tile_x50176_y29568.png,val,50176,29568,1024,1024,0.3,0.0,17720.33799999727,0.0,-0.3,41385.82099966362,17720.33799999727,41078.620999663624,18027.537999997272,41385.82099966362,EPSG:3414
tile_x51072_y29568.png,val,51072,29568,1024,1024,0.3,0.0,17989.13799999727,0.0,-0.3,41385.82099966362,17989.13799999727,41078.620999663624,18296.33799999727,41385.82099966362,EPSG:3414
tile_x51968_y29568.png,val,51968,29568,1024,1024,0.3,0.0,18257.937999997273,0.0,-0.3,41385.82099966362,18257.937999997273,41078.620999663624,18565.13799999727,41385.82099966362,EPSG:3414
tile_x54656_y29568.png,train,54656,29568,1024,1024,0.3,0.0,19064.33799999727,0.0,-0.3,41385.82099966362,19064.33799999727,41078.620999663624,19371.537999997272,41385.82099966362,EPSG:3414
tile_x58240_y29568.png,val,58240,29568,1024,1024,0.3,0.0,20139.537999997272,0.0,-0.3,41385.82099966362,20139.537999997272,41078.620999663624,20446.737999997273,41385.82099966362,EPSG:3414
tile_x59136_y29568.png,val,59136,29568,1024,1024,0.3,0.0,20408.33799999727,0.0,-0.3,41385.82099966362,20408.33799999727,41078.620999663624,20715.537999997272,41385.82099966362,EPSG:3414
tile_x60032_y29568.png,val,60032,29568,1024,1024,0.3,0.0,20677.13799999727,0.0,-0.3,41385.82099966362,20677.13799999727,41078.620999663624,20984.33799999727,41385.82099966362,EPSG:3414
tile_x60928_y29568.png,train,60928,29568,1024,1024,0.3,0.0,20945.93799999727,0.0,-0.3,41385.82099966362,20945.93799999727,41078.620999663624,21253.13799999727,41385.82099966362,EPSG:3414
tile_x82432_y29568.png,val,82432,29568,1024,1024,0.3,0.0,27397.13799999727,0.0,-0.3,41385.82099966362,27397.13799999727,41078.620999663624,27704.33799999727,41385.82099966362,EPSG:3414
tile_x91392_y29568.png,train,91392,29568,1024,1024,0.3,0.0,30085.13799999727,0.0,-0.3,41385.82099966362,30085.13799999727,41078.620999663624,30392.33799999727,41385.82099966362,EPSG:3414
tile_x92288_y29568.png,train,92288,29568,1024,1024,0.3,0.0,30353.93799999727,0.0,-0.3,41385.82099966362,30353.93799999727,41078.620999663624,30661.13799999727,41385.82099966362,EPSG:3414
tile_x97664_y29568.png,val,97664,29568,1024,1024,0.3,0.0,31966.737999997273,0.0,-0.3,41385.82099966362,31966.737999997273,41078.620999663624,32273.93799999727,41385.82099966362,EPSG:3414
tile_x99456_y29568.png,val,99456,29568,1024,1024,0.3,0.0,32504.33799999727,0.0,-0.3,41385.82099966362,32504.33799999727,41078.620999663624,32811.53799999727,41385.82099966362,EPSG:3414
tile_x103040_y29568.png,train,103040,29568,1024,1024,0.3,0.0,33579.53799999727,0.0,-0.3,41385.82099966362,33579.53799999727,41078.620999663624,33886.73799999727,41385.82099966362,EPSG:3414
tile_x103936_y29568.png,train,103936,29568,1024,1024,0.3,0.0,33848.33799999727,0.0,-0.3,41385.82099966362,33848.33799999727,41078.620999663624,34155.53799999727,41385.82099966362,EPSG:3414
tile_x104832_y29568.png,train,104832,29568,1024,1024,0.3,0.0,34117.13799999727,0.0,-0.3,41385.82099966362,34117.13799999727,41078.620999663624,34424.33799999727,41385.82099966362,EPSG:3414
tile_x105728_y29568.png,train,105728,29568,1024,1024,0.3,0.0,34385.93799999727,0.0,-0.3,41385.82099966362,34385.93799999727,41078.620999663624,34693.13799999727,41385.82099966362,EPSG:3414
tile_x106624_y29568.png,train,106624,29568,1024,1024,0.3,0.0,34654.73799999727,0.0,-0.3,41385.82099966362,34654.73799999727,41078.620999663624,34961.93799999727,41385.82099966362,EPSG:3414
tile_x107520_y29568.png,train,107520,29568,1024,1024,0.3,0.0,34923.53799999727,0.0,-0.3,41385.82099966362,34923.53799999727,41078.620999663624,35230.73799999727,41385.82099966362,EPSG:3414
tile_x109312_y29568.png,train,109312,29568,1024,1024,0.3,0.0,35461.13799999727,0.0,-0.3,41385.82099966362,35461.13799999727,41078.620999663624,35768.33799999727,41385.82099966362,EPSG:3414
tile_x110208_y29568.png,train,110208,29568,1024,1024,0.3,0.0,35729.93799999727,0.0,-0.3,41385.82099966362,35729.93799999727,41078.620999663624,36037.13799999727,41385.82099966362,EPSG:3414
tile_x111104_y29568.png,train,111104,29568,1024,1024,0.3,0.0,35998.73799999727,0.0,-0.3,41385.82099966362,35998.73799999727,41078.620999663624,36305.93799999727,41385.82099966362,EPSG:3414
tile_x49280_y30464.png,val,49280,30464,1024,1024,0.3,0.0,17451.537999997272,0.0,-0.3,41117.020999663626,17451.537999997272,40809.82099966362,17758.73799999727,41117.020999663626,EPSG:3414
tile_x50176_y30464.png,val,50176,30464,1024,1024,0.3,0.0,17720.33799999727,0.0,-0.3,41117.020999663626,17720.33799999727,40809.82099966362,18027.537999997272,41117.020999663626,EPSG:3414
tile_x51072_y30464.png,val,51072,30464,1024,1024,0.3,0.0,17989.13799999727,0.0,-0.3,41117.020999663626,17989.13799999727,40809.82099966362,18296.33799999727,41117.020999663626,EPSG:3414
tile_x51968_y30464.png,val,51968,30464,1024,1024,0.3,0.0,18257.937999997273,0.0,-0.3,41117.020999663626,18257.937999997273,40809.82099966362,18565.13799999727,41117.020999663626,EPSG:3414
tile_x55552_y30464.png,train,55552,30464,1024,1024,0.3,0.0,19333.13799999727,0.0,-0.3,41117.020999663626,19333.13799999727,40809.82099966362,19640.33799999727,41117.020999663626,EPSG:3414
tile_x56448_y30464.png,train,56448,30464,1024,1024,0.3,0.0,19601.93799999727,0.0,-0.3,41117.020999663626,19601.93799999727,40809.82099966362,19909.13799999727,41117.020999663626,EPSG:3414
tile_x57344_y30464.png,val,57344,30464,1024,1024,0.3,0.0,19870.737999997273,0.0,-0.3,41117.020999663626,19870.737999997273,40809.82099966362,20177.93799999727,41117.020999663626,EPSG:3414
tile_x58240_y30464.png,val,58240,30464,1024,1024,0.3,0.0,20139.537999997272,0.0,-0.3,41117.020999663626,20139.537999997272,40809.82099966362,20446.737999997273,41117.020999663626,EPSG:3414
tile_x59136_y30464.png,val,59136,30464,1024,1024,0.3,0.0,20408.33799999727,0.0,-0.3,41117.020999663626,20408.33799999727,40809.82099966362,20715.537999997272,41117.020999663626,EPSG:3414
tile_x60032_y30464.png,val,60032,30464,1024,1024,0.3,0.0,20677.13799999727,0.0,-0.3,41117.020999663626,20677.13799999727,40809.82099966362,20984.33799999727,41117.020999663626,EPSG:3414
tile_x60928_y30464.png,train,60928,30464,1024,1024,0.3,0.0,20945.93799999727,0.0,-0.3,41117.020999663626,20945.93799999727,40809.82099966362,21253.13799999727,41117.020999663626,EPSG:3414
tile_x61824_y30464.png,train,61824,30464,1024,1024,0.3,0.0,21214.737999997273,0.0,-0.3,41117.020999663626,21214.737999997273,40809.82099966362,21521.93799999727,41117.020999663626,EPSG:3414
tile_x82432_y30464.png,val,82432,30464,1024,1024,0.3,0.0,27397.13799999727,0.0,-0.3,41117.020999663626,27397.13799999727,40809.82099966362,27704.33799999727,41117.020999663626,EPSG:3414
tile_x84224_y30464.png,val,84224,30464,1024,1024,0.3,0.0,27934.737999997273,0.0,-0.3,41117.020999663626,27934.737999997273,40809.82099966362,28241.93799999727,41117.020999663626,EPSG:3414
tile_x85120_y30464.png,val,85120,30464,1024,1024,0.3,0.0,28203.537999997272,0.0,-0.3,41117.020999663626,28203.537999997272,40809.82099966362,28510.737999997273,41117.020999663626,EPSG:3414
tile_x86016_y30464.png,train,86016,30464,1024,1024,0.3,0.0,28472.33799999727,0.0,-0.3,41117.020999663626,28472.33799999727,40809.82099966362,28779.537999997272,41117.020999663626,EPSG:3414
tile_x97664_y30464.png,val,97664,30464,1024,1024,0.3,0.0,31966.737999997273,0.0,-0.3,41117.020999663626,31966.737999997273,40809.82099966362,32273.93799999727,41117.020999663626,EPSG:3414
tile_x104832_y30464.png,train,104832,30464,1024,1024,0.3,0.0,34117.13799999727,0.0,-0.3,41117.020999663626,34117.13799999727,40809.82099966362,34424.33799999727,41117.020999663626,EPSG:3414
tile_x105728_y30464.png,train,105728,30464,1024,1024,0.3,0.0,34385.93799999727,0.0,-0.3,41117.020999663626,34385.93799999727,40809.82099966362,34693.13799999727,41117.020999663626,EPSG:3414
tile_x107520_y30464.png,train,107520,30464,1024,1024,0.3,0.0,34923.53799999727,0.0,-0.3,41117.020999663626,34923.53799999727,40809.82099966362,35230.73799999727,41117.020999663626,EPSG:3414
tile_x108416_y30464.png,train,108416,30464,1024,1024,0.3,0.0,35192.33799999727,0.0,-0.3,41117.020999663626,35192.33799999727,40809.82099966362,35499.53799999727,41117.020999663626,EPSG:3414
tile_x109312_y30464.png,train,109312,30464,1024,1024,0.3,0.0,35461.13799999727,0.0,-0.3,41117.020999663626,35461.13799999727,40809.82099966362,35768.33799999727,41117.020999663626,EPSG:3414
tile_x110208_y30464.png,train,110208,30464,1024,1024,0.3,0.0,35729.93799999727,0.0,-0.3,41117.020999663626,35729.93799999727,40809.82099966362,36037.13799999727,41117.020999663626,EPSG:3414
tile_x111104_y30464.png,train,111104,30464,1024,1024,0.3,0.0,35998.73799999727,0.0,-0.3,41117.020999663626,35998.73799999727,40809.82099966362,36305.93799999727,41117.020999663626,EPSG:3414
tile_x112000_y30464.png,train,112000,30464,1024,1024,0.3,0.0,36267.53799999727,0.0,-0.3,41117.020999663626,36267.53799999727,40809.82099966362,36574.73799999727,41117.020999663626,EPSG:3414
tile_x49280_y31360.png,val,49280,31360,1024,1024,0.3,0.0,17451.537999997272,0.0,-0.3,40848.22099966362,17451.537999997272,40541.020999663626,17758.73799999727,40848.22099966362,EPSG:3414
tile_x50176_y31360.png,val,50176,31360,1024,1024,0.3,0.0,17720.33799999727,0.0,-0.3,40848.22099966362,17720.33799999727,40541.020999663626,18027.537999997272,40848.22099966362,EPSG:3414
tile_x51072_y31360.png,val,51072,31360,1024,1024,0.3,0.0,17989.13799999727,0.0,-0.3,40848.22099966362,17989.13799999727,40541.020999663626,18296.33799999727,40848.22099966362,EPSG:3414
tile_x51968_y31360.png,val,51968,31360,1024,1024,0.3,0.0,18257.937999997273,0.0,-0.3,40848.22099966362,18257.937999997273,40541.020999663626,18565.13799999727,40848.22099966362,EPSG:3414
tile_x52864_y31360.png,train,52864,31360,1024,1024,0.3,0.0,18526.73799999727,0.0,-0.3,40848.22099966362,18526.73799999727,40541.020999663626,18833.937999997273,40848.22099966362,EPSG:3414
tile_x54656_y31360.png,train,54656,31360,1024,1024,0.3,0.0,19064.33799999727,0.0,-0.3,40848.22099966362,19064.33799999727,40541.020999663626,19371.537999997272,40848.22099966362,EPSG:3414
tile_x55552_y31360.png,train,55552,31360,1024,1024,0.3,0.0,19333.13799999727,0.0,-0.3,40848.22099966362,19333.13799999727,40541.020999663626,19640.33799999727,40848.22099966362,EPSG:3414
tile_x56448_y31360.png,train,56448,31360,1024,1024,0.3,0.0,19601.93799999727,0.0,-0.3,40848.22099966362,19601.93799999727,40541.020999663626,19909.13799999727,40848.22099966362,EPSG:3414
tile_x57344_y31360.png,val,57344,31360,1024,1024,0.3,0.0,19870.737999997273,0.0,-0.3,40848.22099966362,19870.737999997273,40541.020999663626,20177.93799999727,40848.22099966362,EPSG:3414
tile_x60032_y31360.png,val,60032,31360,1024,1024,0.3,0.0,20677.13799999727,0.0,-0.3,40848.22099966362,20677.13799999727,40541.020999663626,20984.33799999727,40848.22099966362,EPSG:3414
tile_x60928_y31360.png,train,60928,31360,1024,1024,0.3,0.0,20945.93799999727,0.0,-0.3,40848.22099966362,20945.93799999727,40541.020999663626,21253.13799999727,40848.22099966362,EPSG:3414
tile_x61824_y31360.png,train,61824,31360,1024,1024,0.3,0.0,21214.737999997273,0.0,-0.3,40848.22099966362,21214.737999997273,40541.020999663626,21521.93799999727,40848.22099966362,EPSG:3414
tile_x80640_y31360.png,train,80640,31360,1024,1024,0.3,0.0,26859.537999997272,0.0,-0.3,40848.22099966362,26859.537999997272,40541.020999663626,27166.737999997273,40848.22099966362,EPSG:3414
tile_x81536_y31360.png,val,81536,31360,1024,1024,0.3,0.0,27128.33799999727,0.0,-0.3,40848.22099966362,27128.33799999727,40541.020999663626,27435.537999997272,40848.22099966362,EPSG:3414
tile_x84224_y31360.png,val,84224,31360,1024,1024,0.3,0.0,27934.737999997273,0.0,-0.3,40848.22099966362,27934.737999997273,40541.020999663626,28241.93799999727,40848.22099966362,EPSG:3414
tile_x85120_y31360.png,val,85120,31360,1024,1024,0.3,0.0,28203.537999997272,0.0,-0.3,40848.22099966362,28203.537999997272,40541.020999663626,28510.737999997273,40848.22099966362,EPSG:3414
tile_x86016_y31360.png,train,86016,31360,1024,1024,0.3,0.0,28472.33799999727,0.0,-0.3,40848.22099966362,28472.33799999727,40541.020999663626,28779.537999997272,40848.22099966362,EPSG:3414
tile_x86912_y31360.png,train,86912,31360,1024,1024,0.3,0.0,28741.13799999727,0.0,-0.3,40848.22099966362,28741.13799999727,40541.020999663626,29048.33799999727,40848.22099966362,EPSG:3414
tile_x87808_y31360.png,train,87808,31360,1024,1024,0.3,0.0,29009.93799999727,0.0,-0.3,40848.22099966362,29009.93799999727,40541.020999663626,29317.13799999727,40848.22099966362,EPSG:3414
tile_x94080_y31360.png,val,94080,31360,1024,1024,0.3,0.0,30891.537999997272,0.0,-0.3,40848.22099966362,30891.537999997272,40541.020999663626,31198.737999997273,40848.22099966362,EPSG:3414
tile_x101248_y31360.png,val,101248,31360,1024,1024,0.3,0.0,33041.93799999727,0.0,-0.3,40848.22099966362,33041.93799999727,40541.020999663626,33349.13799999727,40848.22099966362,EPSG:3414
tile_x102144_y31360.png,train,102144,31360,1024,1024,0.3,0.0,33310.73799999727,0.0,-0.3,40848.22099966362,33310.73799999727,40541.020999663626,33617.93799999727,40848.22099966362,EPSG:3414
tile_x104832_y31360.png,train,104832,31360,1024,1024,0.3,0.0,34117.13799999727,0.0,-0.3,40848.22099966362,34117.13799999727,40541.020999663626,34424.33799999727,40848.22099966362,EPSG:3414
tile_x105728_y31360.png,train,105728,31360,1024,1024,0.3,0.0,34385.93799999727,0.0,-0.3,40848.22099966362,34385.93799999727,40541.020999663626,34693.13799999727,40848.22099966362,EPSG:3414
tile_x106624_y31360.png,train,106624,31360,1024,1024,0.3,0.0,34654.73799999727,0.0,-0.3,40848.22099966362,34654.73799999727,40541.020999663626,34961.93799999727,40848.22099966362,EPSG:3414
tile_x107520_y31360.png,train,107520,31360,1024,1024,0.3,0.0,34923.53799999727,0.0,-0.3,40848.22099966362,34923.53799999727,40541.020999663626,35230.73799999727,40848.22099966362,EPSG:3414
tile_x108416_y31360.png,train,108416,31360,1024,1024,0.3,0.0,35192.33799999727,0.0,-0.3,40848.22099966362,35192.33799999727,40541.020999663626,35499.53799999727,40848.22099966362,EPSG:3414
tile_x109312_y31360.png,train,109312,31360,1024,1024,0.3,0.0,35461.13799999727,0.0,-0.3,40848.22099966362,35461.13799999727,40541.020999663626,35768.33799999727,40848.22099966362,EPSG:3414
tile_x110208_y31360.png,train,110208,31360,1024,1024,0.3,0.0,35729.93799999727,0.0,-0.3,40848.22099966362,35729.93799999727,40541.020999663626,36037.13799999727,40848.22099966362,EPSG:3414
tile_x111104_y31360.png,train,111104,31360,1024,1024,0.3,0.0,35998.73799999727,0.0,-0.3,40848.22099966362,35998.73799999727,40541.020999663626,36305.93799999727,40848.22099966362,EPSG:3414
tile_x48384_y32256.png,val,48384,32256,1024,1024,0.3,0.0,17182.73799999727,0.0,-0.3,40579.42099966362,17182.73799999727,40272.22099966362,17489.937999997273,40579.42099966362,EPSG:3414
tile_x49280_y32256.png,train,49280,32256,1024,1024,0.3,0.0,17451.537999997272,0.0,-0.3,40579.42099966362,17451.537999997272,40272.22099966362,17758.73799999727,40579.42099966362,EPSG:3414
tile_x50176_y32256.png,train,50176,32256,1024,1024,0.3,0.0,17720.33799999727,0.0,-0.3,40579.42099966362,17720.33799999727,40272.22099966362,18027.537999997272,40579.42099966362,EPSG:3414
tile_x51072_y32256.png,train,51072,32256,1024,1024,0.3,0.0,17989.13799999727,0.0,-0.3,40579.42099966362,17989.13799999727,40272.22099966362,18296.33799999727,40579.42099966362,EPSG:3414
tile_x51968_y32256.png,train,51968,32256,1024,1024,0.3,0.0,18257.937999997273,0.0,-0.3,40579.42099966362,18257.937999997273,40272.22099966362,18565.13799999727,40579.42099966362,EPSG:3414
tile_x52864_y32256.png,train,52864,32256,1024,1024,0.3,0.0,18526.73799999727,0.0,-0.3,40579.42099966362,18526.73799999727,40272.22099966362,18833.937999997273,40579.42099966362,EPSG:3414
tile_x53760_y32256.png,train,53760,32256,1024,1024,0.3,0.0,18795.537999997272,0.0,-0.3,40579.42099966362,18795.537999997272,40272.22099966362,19102.737999997273,40579.42099966362,EPSG:3414
tile_x54656_y32256.png,train,54656,32256,1024,1024,0.3,0.0,19064.33799999727,0.0,-0.3,40579.42099966362,19064.33799999727,40272.22099966362,19371.537999997272,40579.42099966362,EPSG:3414
tile_x56448_y32256.png,train,56448,32256,1024,1024,0.3,0.0,19601.93799999727,0.0,-0.3,40579.42099966362,19601.93799999727,40272.22099966362,19909.13799999727,40579.42099966362,EPSG:3414
tile_x57344_y32256.png,train,57344,32256,1024,1024,0.3,0.0,19870.737999997273,0.0,-0.3,40579.42099966362,19870.737999997273,40272.22099966362,20177.93799999727,40579.42099966362,EPSG:3414
tile_x58240_y32256.png,train,58240,32256,1024,1024,0.3,0.0,20139.537999997272,0.0,-0.3,40579.42099966362,20139.537999997272,40272.22099966362,20446.737999997273,40579.42099966362,EPSG:3414
tile_x59136_y32256.png,train,59136,32256,1024,1024,0.3,0.0,20408.33799999727,0.0,-0.3,40579.42099966362,20408.33799999727,40272.22099966362,20715.537999997272,40579.42099966362,EPSG:3414
tile_x60032_y32256.png,train,60032,32256,1024,1024,0.3,0.0,20677.13799999727,0.0,-0.3,40579.42099966362,20677.13799999727,40272.22099966362,20984.33799999727,40579.42099966362,EPSG:3414
tile_x60928_y32256.png,val,60928,32256,1024,1024,0.3,0.0,20945.93799999727,0.0,-0.3,40579.42099966362,20945.93799999727,40272.22099966362,21253.13799999727,40579.42099966362,EPSG:3414
tile_x61824_y32256.png,val,61824,32256,1024,1024,0.3,0.0,21214.737999997273,0.0,-0.3,40579.42099966362,21214.737999997273,40272.22099966362,21521.93799999727,40579.42099966362,EPSG:3414
tile_x80640_y32256.png,val,80640,32256,1024,1024,0.3,0.0,26859.537999997272,0.0,-0.3,40579.42099966362,26859.537999997272,40272.22099966362,27166.737999997273,40579.42099966362,EPSG:3414
tile_x81536_y32256.png,train,81536,32256,1024,1024,0.3,0.0,27128.33799999727,0.0,-0.3,40579.42099966362,27128.33799999727,40272.22099966362,27435.537999997272,40579.42099966362,EPSG:3414
tile_x82432_y32256.png,train,82432,32256,1024,1024,0.3,0.0,27397.13799999727,0.0,-0.3,40579.42099966362,27397.13799999727,40272.22099966362,27704.33799999727,40579.42099966362,EPSG:3414
tile_x85120_y32256.png,train,85120,32256,1024,1024,0.3,0.0,28203.537999997272,0.0,-0.3,40579.42099966362,28203.537999997272,40272.22099966362,28510.737999997273,40579.42099966362,EPSG:3414
tile_x86016_y32256.png,train,86016,32256,1024,1024,0.3,0.0,28472.33799999727,0.0,-0.3,40579.42099966362,28472.33799999727,40272.22099966362,28779.537999997272,40579.42099966362,EPSG:3414
tile_x86912_y32256.png,train,86912,32256,1024,1024,0.3,0.0,28741.13799999727,0.0,-0.3,40579.42099966362,28741.13799999727,40272.22099966362,29048.33799999727,40579.42099966362,EPSG:3414
tile_x87808_y32256.png,train,87808,32256,1024,1024,0.3,0.0,29009.93799999727,0.0,-0.3,40579.42099966362,29009.93799999727,40272.22099966362,29317.13799999727,40579.42099966362,EPSG:3414
tile_x88704_y32256.png,train,88704,32256,1024,1024,0.3,0.0,29278.737999997273,0.0,-0.3,40579.42099966362,29278.737999997273,40272.22099966362,29585.93799999727,40579.42099966362,EPSG:3414
tile_x100352_y32256.png,val,100352,32256,1024,1024,0.3,0.0,32773.13799999727,0.0,-0.3,40579.42099966362,32773.13799999727,40272.22099966362,33080.33799999727,40579.42099966362,EPSG:3414
tile_x101248_y32256.png,val,101248,32256,1024,1024,0.3,0.0,33041.93799999727,0.0,-0.3,40579.42099966362,33041.93799999727,40272.22099966362,33349.13799999727,40579.42099966362,EPSG:3414
tile_x102144_y32256.png,train,102144,32256,1024,1024,0.3,0.0,33310.73799999727,0.0,-0.3,40579.42099966362,33310.73799999727,40272.22099966362,33617.93799999727,40579.42099966362,EPSG:3414
tile_x103936_y32256.png,train,103936,32256,1024,1024,0.3,0.0,33848.33799999727,0.0,-0.3,40579.42099966362,33848.33799999727,40272.22099966362,34155.53799999727,40579.42099966362,EPSG:3414
tile_x104832_y32256.png,train,104832,32256,1024,1024,0.3,0.0,34117.13799999727,0.0,-0.3,40579.42099966362,34117.13799999727,40272.22099966362,34424.33799999727,40579.42099966362,EPSG:3414
tile_x105728_y32256.png,train,105728,32256,1024,1024,0.3,0.0,34385.93799999727,0.0,-0.3,40579.42099966362,34385.93799999727,40272.22099966362,34693.13799999727,40579.42099966362,EPSG:3414
tile_x106624_y32256.png,train,106624,32256,1024,1024,0.3,0.0,34654.73799999727,0.0,-0.3,40579.42099966362,34654.73799999727,40272.22099966362,34961.93799999727,40579.42099966362,EPSG:3414
tile_x107520_y32256.png,train,107520,32256,1024,1024,0.3,0.0,34923.53799999727,0.0,-0.3,40579.42099966362,34923.53799999727,40272.22099966362,35230.73799999727,40579.42099966362,EPSG:3414
tile_x108416_y32256.png,train,108416,32256,1024,1024,0.3,0.0,35192.33799999727,0.0,-0.3,40579.42099966362,35192.33799999727,40272.22099966362,35499.53799999727,40579.42099966362,EPSG:3414
tile_x109312_y32256.png,train,109312,32256,1024,1024,0.3,0.0,35461.13799999727,0.0,-0.3,40579.42099966362,35461.13799999727,40272.22099966362,35768.33799999727,40579.42099966362,EPSG:3414
tile_x47488_y33152.png,val,47488,33152,1024,1024,0.3,0.0,16913.937999997273,0.0,-0.3,40310.620999663624,16913.937999997273,40003.42099966362,17221.13799999727,40310.620999663624,EPSG:3414
tile_x48384_y33152.png,val,48384,33152,1024,1024,0.3,0.0,17182.73799999727,0.0,-0.3,40310.620999663624,17182.73799999727,40003.42099966362,17489.937999997273,40310.620999663624,EPSG:3414
tile_x50176_y33152.png,train,50176,33152,1024,1024,0.3,0.0,17720.33799999727,0.0,-0.3,40310.620999663624,17720.33799999727,40003.42099966362,18027.537999997272,40310.620999663624,EPSG:3414
tile_x51968_y33152.png,train,51968,33152,1024,1024,0.3,0.0,18257.937999997273,0.0,-0.3,40310.620999663624,18257.937999997273,40003.42099966362,18565.13799999727,40310.620999663624,EPSG:3414
tile_x52864_y33152.png,train,52864,33152,1024,1024,0.3,0.0,18526.73799999727,0.0,-0.3,40310.620999663624,18526.73799999727,40003.42099966362,18833.937999997273,40310.620999663624,EPSG:3414
tile_x55552_y33152.png,train,55552,33152,1024,1024,0.3,0.0,19333.13799999727,0.0,-0.3,40310.620999663624,19333.13799999727,40003.42099966362,19640.33799999727,40310.620999663624,EPSG:3414
tile_x56448_y33152.png,train,56448,33152,1024,1024,0.3,0.0,19601.93799999727,0.0,-0.3,40310.620999663624,19601.93799999727,40003.42099966362,19909.13799999727,40310.620999663624,EPSG:3414
tile_x57344_y33152.png,train,57344,33152,1024,1024,0.3,0.0,19870.737999997273,0.0,-0.3,40310.620999663624,19870.737999997273,40003.42099966362,20177.93799999727,40310.620999663624,EPSG:3414
tile_x58240_y33152.png,train,58240,33152,1024,1024,0.3,0.0,20139.537999997272,0.0,-0.3,40310.620999663624,20139.537999997272,40003.42099966362,20446.737999997273,40310.620999663624,EPSG:3414
tile_x59136_y33152.png,train,59136,33152,1024,1024,0.3,0.0,20408.33799999727,0.0,-0.3,40310.620999663624,20408.33799999727,40003.42099966362,20715.537999997272,40310.620999663624,EPSG:3414
tile_x60032_y33152.png,train,60032,33152,1024,1024,0.3,0.0,20677.13799999727,0.0,-0.3,40310.620999663624,20677.13799999727,40003.42099966362,20984.33799999727,40310.620999663624,EPSG:3414
tile_x60928_y33152.png,val,60928,33152,1024,1024,0.3,0.0,20945.93799999727,0.0,-0.3,40310.620999663624,20945.93799999727,40003.42099966362,21253.13799999727,40310.620999663624,EPSG:3414
tile_x61824_y33152.png,val,61824,33152,1024,1024,0.3,0.0,21214.737999997273,0.0,-0.3,40310.620999663624,21214.737999997273,40003.42099966362,21521.93799999727,40310.620999663624,EPSG:3414
tile_x86912_y33152.png,train,86912,33152,1024,1024,0.3,0.0,28741.13799999727,0.0,-0.3,40310.620999663624,28741.13799999727,40003.42099966362,29048.33799999727,40310.620999663624,EPSG:3414
tile_x87808_y33152.png,train,87808,33152,1024,1024,0.3,0.0,29009.93799999727,0.0,-0.3,40310.620999663624,29009.93799999727,40003.42099966362,29317.13799999727,40310.620999663624,EPSG:3414
tile_x88704_y33152.png,train,88704,33152,1024,1024,0.3,0.0,29278.737999997273,0.0,-0.3,40310.620999663624,29278.737999997273,40003.42099966362,29585.93799999727,40310.620999663624,EPSG:3414
tile_x89600_y33152.png,val,89600,33152,1024,1024,0.3,0.0,29547.537999997272,0.0,-0.3,40310.620999663624,29547.537999997272,40003.42099966362,29854.737999997273,40310.620999663624,EPSG:3414
tile_x95872_y33152.png,train,95872,33152,1024,1024,0.3,0.0,31429.13799999727,0.0,-0.3,40310.620999663624,31429.13799999727,40003.42099966362,31736.33799999727,40310.620999663624,EPSG:3414
tile_x96768_y33152.png,train,96768,33152,1024,1024,0.3,0.0,31697.93799999727,0.0,-0.3,40310.620999663624,31697.93799999727,40003.42099966362,32005.13799999727,40310.620999663624,EPSG:3414
tile_x98560_y33152.png,val,98560,33152,1024,1024,0.3,0.0,32235.537999997272,0.0,-0.3,40310.620999663624,32235.537999997272,40003.42099966362,32542.73799999727,40310.620999663624,EPSG:3414
tile_x99456_y33152.png,val,99456,33152,1024,1024,0.3,0.0,32504.33799999727,0.0,-0.3,40310.620999663624,32504.33799999727,40003.42099966362,32811.53799999727,40310.620999663624,EPSG:3414
tile_x100352_y33152.png,val,100352,33152,1024,1024,0.3,0.0,32773.13799999727,0.0,-0.3,40310.620999663624,32773.13799999727,40003.42099966362,33080.33799999727,40310.620999663624,EPSG:3414
tile_x101248_y33152.png,val,101248,33152,1024,1024,0.3,0.0,33041.93799999727,0.0,-0.3,40310.620999663624,33041.93799999727,40003.42099966362,33349.13799999727,40310.620999663624,EPSG:3414
tile_x102144_y33152.png,train,102144,33152,1024,1024,0.3,0.0,33310.73799999727,0.0,-0.3,40310.620999663624,33310.73799999727,40003.42099966362,33617.93799999727,40310.620999663624,EPSG:3414
tile_x103040_y33152.png,train,103040,33152,1024,1024,0.3,0.0,33579.53799999727,0.0,-0.3,40310.620999663624,33579.53799999727,40003.42099966362,33886.73799999727,40310.620999663624,EPSG:3414
tile_x103936_y33152.png,train,103936,33152,1024,1024,0.3,0.0,33848.33799999727,0.0,-0.3,40310.620999663624,33848.33799999727,40003.42099966362,34155.53799999727,40310.620999663624,EPSG:3414
tile_x104832_y33152.png,train,104832,33152,1024,1024,0.3,0.0,34117.13799999727,0.0,-0.3,40310.620999663624,34117.13799999727,40003.42099966362,34424.33799999727,40310.620999663624,EPSG:3414
tile_x105728_y33152.png,train,105728,33152,1024,1024,0.3,0.0,34385.93799999727,0.0,-0.3,40310.620999663624,34385.93799999727,40003.42099966362,34693.13799999727,40310.620999663624,EPSG:3414
tile_x106624_y33152.png,train,106624,33152,1024,1024,0.3,0.0,34654.73799999727,0.0,-0.3,40310.620999663624,34654.73799999727,40003.42099966362,34961.93799999727,40310.620999663624,EPSG:3414
tile_x110208_y33152.png,train,110208,33152,1024,1024,0.3,0.0,35729.93799999727,0.0,-0.3,40310.620999663624,35729.93799999727,40003.42099966362,36037.13799999727,40310.620999663624,EPSG:3414
tile_x116480_y33152.png,train,116480,33152,1024,1024,0.3,0.0,37611.53799999727,0.0,-0.3,40310.620999663624,37611.53799999727,40003.42099966362,37918.73799999727,40310.620999663624,EPSG:3414
tile_x120960_y33152.png,train,120960,33152,1024,1024,0.3,0.0,38955.53799999727,0.0,-0.3,40310.620999663624,38955.53799999727,40003.42099966362,39262.73799999727,40310.620999663624,EPSG:3414
tile_x121856_y33152.png,train,121856,33152,1024,1024,0.3,0.0,39224.33799999727,0.0,-0.3,40310.620999663624,39224.33799999727,40003.42099966362,39531.53799999727,40310.620999663624,EPSG:3414
tile_x122752_y33152.png,val,122752,33152,1024,1024,0.3,0.0,39493.13799999727,0.0,-0.3,40310.620999663624,39493.13799999727,40003.42099966362,39800.33799999727,40310.620999663624,EPSG:3414
tile_x47488_y34048.png,val,47488,34048,1024,1024,0.3,0.0,16913.937999997273,0.0,-0.3,40041.82099966362,16913.937999997273,39734.620999663624,17221.13799999727,40041.82099966362,EPSG:3414
tile_x49280_y34048.png,train,49280,34048,1024,1024,0.3,0.0,17451.537999997272,0.0,-0.3,40041.82099966362,17451.537999997272,39734.620999663624,17758.73799999727,40041.82099966362,EPSG:3414
tile_x50176_y34048.png,train,50176,34048,1024,1024,0.3,0.0,17720.33799999727,0.0,-0.3,40041.82099966362,17720.33799999727,39734.620999663624,18027.537999997272,40041.82099966362,EPSG:3414
tile_x51968_y34048.png,train,51968,34048,1024,1024,0.3,0.0,18257.937999997273,0.0,-0.3,40041.82099966362,18257.937999997273,39734.620999663624,18565.13799999727,40041.82099966362,EPSG:3414
tile_x52864_y34048.png,train,52864,34048,1024,1024,0.3,0.0,18526.73799999727,0.0,-0.3,40041.82099966362,18526.73799999727,39734.620999663624,18833.937999997273,40041.82099966362,EPSG:3414
tile_x53760_y34048.png,train,53760,34048,1024,1024,0.3,0.0,18795.537999997272,0.0,-0.3,40041.82099966362,18795.537999997272,39734.620999663624,19102.737999997273,40041.82099966362,EPSG:3414
tile_x54656_y34048.png,train,54656,34048,1024,1024,0.3,0.0,19064.33799999727,0.0,-0.3,40041.82099966362,19064.33799999727,39734.620999663624,19371.537999997272,40041.82099966362,EPSG:3414
tile_x55552_y34048.png,train,55552,34048,1024,1024,0.3,0.0,19333.13799999727,0.0,-0.3,40041.82099966362,19333.13799999727,39734.620999663624,19640.33799999727,40041.82099966362,EPSG:3414
tile_x57344_y34048.png,train,57344,34048,1024,1024,0.3,0.0,19870.737999997273,0.0,-0.3,40041.82099966362,19870.737999997273,39734.620999663624,20177.93799999727,40041.82099966362,EPSG:3414
tile_x58240_y34048.png,train,58240,34048,1024,1024,0.3,0.0,20139.537999997272,0.0,-0.3,40041.82099966362,20139.537999997272,39734.620999663624,20446.737999997273,40041.82099966362,EPSG:3414
tile_x59136_y34048.png,train,59136,34048,1024,1024,0.3,0.0,20408.33799999727,0.0,-0.3,40041.82099966362,20408.33799999727,39734.620999663624,20715.537999997272,40041.82099966362,EPSG:3414
tile_x60032_y34048.png,train,60032,34048,1024,1024,0.3,0.0,20677.13799999727,0.0,-0.3,40041.82099966362,20677.13799999727,39734.620999663624,20984.33799999727,40041.82099966362,EPSG:3414
tile_x60928_y34048.png,val,60928,34048,1024,1024,0.3,0.0,20945.93799999727,0.0,-0.3,40041.82099966362,20945.93799999727,39734.620999663624,21253.13799999727,40041.82099966362,EPSG:3414
tile_x61824_y34048.png,val,61824,34048,1024,1024,0.3,0.0,21214.737999997273,0.0,-0.3,40041.82099966362,21214.737999997273,39734.620999663624,21521.93799999727,40041.82099966362,EPSG:3414
tile_x81536_y34048.png,train,81536,34048,1024,1024,0.3,0.0,27128.33799999727,0.0,-0.3,40041.82099966362,27128.33799999727,39734.620999663624,27435.537999997272,40041.82099966362,EPSG:3414
tile_x82432_y34048.png,train,82432,34048,1024,1024,0.3,0.0,27397.13799999727,0.0,-0.3,40041.82099966362,27397.13799999727,39734.620999663624,27704.33799999727,40041.82099966362,EPSG:3414
tile_x86912_y34048.png,train,86912,34048,1024,1024,0.3,0.0,28741.13799999727,0.0,-0.3,40041.82099966362,28741.13799999727,39734.620999663624,29048.33799999727,40041.82099966362,EPSG:3414
tile_x87808_y34048.png,train,87808,34048,1024,1024,0.3,0.0,29009.93799999727,0.0,-0.3,40041.82099966362,29009.93799999727,39734.620999663624,29317.13799999727,40041.82099966362,EPSG:3414
tile_x89600_y34048.png,val,89600,34048,1024,1024,0.3,0.0,29547.537999997272,0.0,-0.3,40041.82099966362,29547.537999997272,39734.620999663624,29854.737999997273,40041.82099966362,EPSG:3414
tile_x92288_y34048.png,val,92288,34048,1024,1024,0.3,0.0,30353.93799999727,0.0,-0.3,40041.82099966362,30353.93799999727,39734.620999663624,30661.13799999727,40041.82099966362,EPSG:3414
tile_x95872_y34048.png,train,95872,34048,1024,1024,0.3,0.0,31429.13799999727,0.0,-0.3,40041.82099966362,31429.13799999727,39734.620999663624,31736.33799999727,40041.82099966362,EPSG:3414
tile_x96768_y34048.png,train,96768,34048,1024,1024,0.3,0.0,31697.93799999727,0.0,-0.3,40041.82099966362,31697.93799999727,39734.620999663624,32005.13799999727,40041.82099966362,EPSG:3414
tile_x100352_y34048.png,val,100352,34048,1024,1024,0.3,0.0,32773.13799999727,0.0,-0.3,40041.82099966362,32773.13799999727,39734.620999663624,33080.33799999727,40041.82099966362,EPSG:3414
tile_x102144_y34048.png,train,102144,34048,1024,1024,0.3,0.0,33310.73799999727,0.0,-0.3,40041.82099966362,33310.73799999727,39734.620999663624,33617.93799999727,40041.82099966362,EPSG:3414
tile_x103040_y34048.png,train,103040,34048,1024,1024,0.3,0.0,33579.53799999727,0.0,-0.3,40041.82099966362,33579.53799999727,39734.620999663624,33886.73799999727,40041.82099966362,EPSG:3414
tile_x105728_y34048.png,train,105728,34048,1024,1024,0.3,0.0,34385.93799999727,0.0,-0.3,40041.82099966362,34385.93799999727,39734.620999663624,34693.13799999727,40041.82099966362,EPSG:3414
tile_x106624_y34048.png,train,106624,34048,1024,1024,0.3,0.0,34654.73799999727,0.0,-0.3,40041.82099966362,34654.73799999727,39734.620999663624,34961.93799999727,40041.82099966362,EPSG:3414
tile_x109312_y34048.png,train,109312,34048,1024,1024,0.3,0.0,35461.13799999727,0.0,-0.3,40041.82099966362,35461.13799999727,39734.620999663624,35768.33799999727,40041.82099966362,EPSG:3414
tile_x110208_y34048.png,train,110208,34048,1024,1024,0.3,0.0,35729.93799999727,0.0,-0.3,40041.82099966362,35729.93799999727,39734.620999663624,36037.13799999727,40041.82099966362,EPSG:3414
tile_x120960_y34048.png,train,120960,34048,1024,1024,0.3,0.0,38955.53799999727,0.0,-0.3,40041.82099966362,38955.53799999727,39734.620999663624,39262.73799999727,40041.82099966362,EPSG:3414
tile_x121856_y34048.png,train,121856,34048,1024,1024,0.3,0.0,39224.33799999727,0.0,-0.3,40041.82099966362,39224.33799999727,39734.620999663624,39531.53799999727,40041.82099966362,EPSG:3414
tile_x122752_y34048.png,val,122752,34048,1024,1024,0.3,0.0,39493.13799999727,0.0,-0.3,40041.82099966362,39493.13799999727,39734.620999663624,39800.33799999727,40041.82099966362,EPSG:3414
tile_x40320_y34944.png,val,40320,34944,1024,1024,0.3,0.0,14763.537999997272,0.0,-0.3,39773.020999663626,14763.537999997272,39465.82099966362,15070.73799999727,39773.020999663626,EPSG:3414
tile_x41216_y34944.png,train,41216,34944,1024,1024,0.3,0.0,15032.337999997271,0.0,-0.3,39773.020999663626,15032.337999997271,39465.82099966362,15339.537999997272,39773.020999663626,EPSG:3414
tile_x43008_y34944.png,train,43008,34944,1024,1024,0.3,0.0,15569.937999997272,0.0,-0.3,39773.020999663626,15569.937999997272,39465.82099966362,15877.137999997272,39773.020999663626,EPSG:3414
tile_x50176_y34944.png,train,50176,34944,1024,1024,0.3,0.0,17720.33799999727,0.0,-0.3,39773.020999663626,17720.33799999727,39465.82099966362,18027.537999997272,39773.020999663626,EPSG:3414
tile_x52864_y34944.png,train,52864,34944,1024,1024,0.3,0.0,18526.73799999727,0.0,-0.3,39773.020999663626,18526.73799999727,39465.82099966362,18833.937999997273,39773.020999663626,EPSG:3414
tile_x53760_y34944.png,train,53760,34944,1024,1024,0.3,0.0,18795.537999997272,0.0,-0.3,39773.020999663626,18795.537999997272,39465.82099966362,19102.737999997273,39773.020999663626,EPSG:3414
tile_x57344_y34944.png,train,57344,34944,1024,1024,0.3,0.0,19870.737999997273,0.0,-0.3,39773.020999663626,19870.737999997273,39465.82099966362,20177.93799999727,39773.020999663626,EPSG:3414
tile_x58240_y34944.png,train,58240,34944,1024,1024,0.3,0.0,20139.537999997272,0.0,-0.3,39773.020999663626,20139.537999997272,39465.82099966362,20446.737999997273,39773.020999663626,EPSG:3414
tile_x60032_y34944.png,train,60032,34944,1024,1024,0.3,0.0,20677.13799999727,0.0,-0.3,39773.020999663626,20677.13799999727,39465.82099966362,20984.33799999727,39773.020999663626,EPSG:3414
tile_x60928_y34944.png,val,60928,34944,1024,1024,0.3,0.0,20945.93799999727,0.0,-0.3,39773.020999663626,20945.93799999727,39465.82099966362,21253.13799999727,39773.020999663626,EPSG:3414
tile_x61824_y34944.png,val,61824,34944,1024,1024,0.3,0.0,21214.737999997273,0.0,-0.3,39773.020999663626,21214.737999997273,39465.82099966362,21521.93799999727,39773.020999663626,EPSG:3414
tile_x82432_y34944.png,train,82432,34944,1024,1024,0.3,0.0,27397.13799999727,0.0,-0.3,39773.020999663626,27397.13799999727,39465.82099966362,27704.33799999727,39773.020999663626,EPSG:3414
tile_x85120_y34944.png,train,85120,34944,1024,1024,0.3,0.0,28203.537999997272,0.0,-0.3,39773.020999663626,28203.537999997272,39465.82099966362,28510.737999997273,39773.020999663626,EPSG:3414
tile_x86016_y34944.png,train,86016,34944,1024,1024,0.3,0.0,28472.33799999727,0.0,-0.3,39773.020999663626,28472.33799999727,39465.82099966362,28779.537999997272,39773.020999663626,EPSG:3414
tile_x87808_y34944.png,train,87808,34944,1024,1024,0.3,0.0,29009.93799999727,0.0,-0.3,39773.020999663626,29009.93799999727,39465.82099966362,29317.13799999727,39773.020999663626,EPSG:3414
tile_x88704_y34944.png,train,88704,34944,1024,1024,0.3,0.0,29278.737999997273,0.0,-0.3,39773.020999663626,29278.737999997273,39465.82099966362,29585.93799999727,39773.020999663626,EPSG:3414
tile_x89600_y34944.png,val,89600,34944,1024,1024,0.3,0.0,29547.537999997272,0.0,-0.3,39773.020999663626,29547.537999997272,39465.82099966362,29854.737999997273,39773.020999663626,EPSG:3414
tile_x92288_y34944.png,val,92288,34944,1024,1024,0.3,0.0,30353.93799999727,0.0,-0.3,39773.020999663626,30353.93799999727,39465.82099966362,30661.13799999727,39773.020999663626,EPSG:3414
tile_x93184_y34944.png,val,93184,34944,1024,1024,0.3,0.0,30622.737999997273,0.0,-0.3,39773.020999663626,30622.737999997273,39465.82099966362,30929.93799999727,39773.020999663626,EPSG:3414
tile_x94080_y34944.png,train,94080,34944,1024,1024,0.3,0.0,30891.537999997272,0.0,-0.3,39773.020999663626,30891.537999997272,39465.82099966362,31198.737999997273,39773.020999663626,EPSG:3414
tile_x94976_y34944.png,train,94976,34944,1024,1024,0.3,0.0,31160.33799999727,0.0,-0.3,39773.020999663626,31160.33799999727,39465.82099966362,31467.537999997272,39773.020999663626,EPSG:3414
tile_x98560_y34944.png,val,98560,34944,1024,1024,0.3,0.0,32235.537999997272,0.0,-0.3,39773.020999663626,32235.537999997272,39465.82099966362,32542.73799999727,39773.020999663626,EPSG:3414
tile_x99456_y34944.png,val,99456,34944,1024,1024,0.3,0.0,32504.33799999727,0.0,-0.3,39773.020999663626,32504.33799999727,39465.82099966362,32811.53799999727,39773.020999663626,EPSG:3414
tile_x100352_y34944.png,val,100352,34944,1024,1024,0.3,0.0,32773.13799999727,0.0,-0.3,39773.020999663626,32773.13799999727,39465.82099966362,33080.33799999727,39773.020999663626,EPSG:3414
tile_x103936_y34944.png,train,103936,34944,1024,1024,0.3,0.0,33848.33799999727,0.0,-0.3,39773.020999663626,33848.33799999727,39465.82099966362,34155.53799999727,39773.020999663626,EPSG:3414
tile_x104832_y34944.png,train,104832,34944,1024,1024,0.3,0.0,34117.13799999727,0.0,-0.3,39773.020999663626,34117.13799999727,39465.82099966362,34424.33799999727,39773.020999663626,EPSG:3414
tile_x105728_y34944.png,train,105728,34944,1024,1024,0.3,0.0,34385.93799999727,0.0,-0.3,39773.020999663626,34385.93799999727,39465.82099966362,34693.13799999727,39773.020999663626,EPSG:3414
tile_x109312_y34944.png,train,109312,34944,1024,1024,0.3,0.0,35461.13799999727,0.0,-0.3,39773.020999663626,35461.13799999727,39465.82099966362,35768.33799999727,39773.020999663626,EPSG:3414
tile_x110208_y34944.png,train,110208,34944,1024,1024,0.3,0.0,35729.93799999727,0.0,-0.3,39773.020999663626,35729.93799999727,39465.82099966362,36037.13799999727,39773.020999663626,EPSG:3414
tile_x120064_y34944.png,train,120064,34944,1024,1024,0.3,0.0,38686.73799999727,0.0,-0.3,39773.020999663626,38686.73799999727,39465.82099966362,38993.93799999727,39773.020999663626,EPSG:3414
tile_x120960_y34944.png,train,120960,34944,1024,1024,0.3,0.0,38955.53799999727,0.0,-0.3,39773.020999663626,38955.53799999727,39465.82099966362,39262.73799999727,39773.020999663626,EPSG:3414
tile_x121856_y34944.png,train,121856,34944,1024,1024,0.3,0.0,39224.33799999727,0.0,-0.3,39773.020999663626,39224.33799999727,39465.82099966362,39531.53799999727,39773.020999663626,EPSG:3414
tile_x123648_y34944.png,val,123648,34944,1024,1024,0.3,0.0,39761.93799999727,0.0,-0.3,39773.020999663626,39761.93799999727,39465.82099966362,40069.13799999727,39773.020999663626,EPSG:3414
tile_x125440_y34944.png,val,125440,34944,1024,1024,0.3,0.0,40299.53799999727,0.0,-0.3,39773.020999663626,40299.53799999727,39465.82099966362,40606.73799999727,39773.020999663626,EPSG:3414
tile_x126336_y34944.png,val,126336,34944,1024,1024,0.3,0.0,40568.33799999727,0.0,-0.3,39773.020999663626,40568.33799999727,39465.82099966362,40875.53799999727,39773.020999663626,EPSG:3414
tile_x129920_y34944.png,val,129920,34944,1024,1024,0.3,0.0,41643.53799999727,0.0,-0.3,39773.020999663626,41643.53799999727,39465.82099966362,41950.73799999727,39773.020999663626,EPSG:3414
tile_x130816_y34944.png,train,130816,34944,1024,1024,0.3,0.0,41912.33799999727,0.0,-0.3,39773.020999663626,41912.33799999727,39465.82099966362,42219.53799999727,39773.020999663626,EPSG:3414
tile_x134400_y34944.png,train,134400,34944,1024,1024,0.3,0.0,42987.53799999727,0.0,-0.3,39773.020999663626,42987.53799999727,39465.82099966362,43294.73799999727,39773.020999663626,EPSG:3414
tile_x135296_y34944.png,train,135296,34944,1024,1024,0.3,0.0,43256.33799999727,0.0,-0.3,39773.020999663626,43256.33799999727,39465.82099966362,43563.53799999727,39773.020999663626,EPSG:3414
tile_x57344_y35840.png,train,57344,35840,1024,1024,0.3,0.0,19870.737999997273,0.0,-0.3,39504.22099966362,19870.737999997273,39197.020999663626,20177.93799999727,39504.22099966362,EPSG:3414
tile_x58240_y35840.png,train,58240,35840,1024,1024,0.3,0.0,20139.537999997272,0.0,-0.3,39504.22099966362,20139.537999997272,39197.020999663626,20446.737999997273,39504.22099966362,EPSG:3414
tile_x59136_y35840.png,train,59136,35840,1024,1024,0.3,0.0,20408.33799999727,0.0,-0.3,39504.22099966362,20408.33799999727,39197.020999663626,20715.537999997272,39504.22099966362,EPSG:3414
tile_x60032_y35840.png,train,60032,35840,1024,1024,0.3,0.0,20677.13799999727,0.0,-0.3,39504.22099966362,20677.13799999727,39197.020999663626,20984.33799999727,39504.22099966362,EPSG:3414
tile_x60928_y35840.png,val,60928,35840,1024,1024,0.3,0.0,20945.93799999727,0.0,-0.3,39504.22099966362,20945.93799999727,39197.020999663626,21253.13799999727,39504.22099966362,EPSG:3414
tile_x84224_y35840.png,train,84224,35840,1024,1024,0.3,0.0,27934.737999997273,0.0,-0.3,39504.22099966362,27934.737999997273,39197.020999663626,28241.93799999727,39504.22099966362,EPSG:3414
tile_x85120_y35840.png,train,85120,35840,1024,1024,0.3,0.0,28203.537999997272,0.0,-0.3,39504.22099966362,28203.537999997272,39197.020999663626,28510.737999997273,39504.22099966362,EPSG:3414
tile_x88704_y35840.png,train,88704,35840,1024,1024,0.3,0.0,29278.737999997273,0.0,-0.3,39504.22099966362,29278.737999997273,39197.020999663626,29585.93799999727,39504.22099966362,EPSG:3414
tile_x89600_y35840.png,val,89600,35840,1024,1024,0.3,0.0,29547.537999997272,0.0,-0.3,39504.22099966362,29547.537999997272,39197.020999663626,29854.737999997273,39504.22099966362,EPSG:3414
tile_x90496_y35840.png,val,90496,35840,1024,1024,0.3,0.0,29816.33799999727,0.0,-0.3,39504.22099966362,29816.33799999727,39197.020999663626,30123.537999997272,39504.22099966362,EPSG:3414
tile_x91392_y35840.png,val,91392,35840,1024,1024,0.3,0.0,30085.13799999727,0.0,-0.3,39504.22099966362,30085.13799999727,39197.020999663626,30392.33799999727,39504.22099966362,EPSG:3414
tile_x95872_y35840.png,train,95872,35840,1024,1024,0.3,0.0,31429.13799999727,0.0,-0.3,39504.22099966362,31429.13799999727,39197.020999663626,31736.33799999727,39504.22099966362,EPSG:3414
tile_x97664_y35840.png,train,97664,35840,1024,1024,0.3,0.0,31966.737999997273,0.0,-0.3,39504.22099966362,31966.737999997273,39197.020999663626,32273.93799999727,39504.22099966362,EPSG:3414
tile_x98560_y35840.png,val,98560,35840,1024,1024,0.3,0.0,32235.537999997272,0.0,-0.3,39504.22099966362,32235.537999997272,39197.020999663626,32542.73799999727,39504.22099966362,EPSG:3414
tile_x99456_y35840.png,val,99456,35840,1024,1024,0.3,0.0,32504.33799999727,0.0,-0.3,39504.22099966362,32504.33799999727,39197.020999663626,32811.53799999727,39504.22099966362,EPSG:3414
tile_x100352_y35840.png,val,100352,35840,1024,1024,0.3,0.0,32773.13799999727,0.0,-0.3,39504.22099966362,32773.13799999727,39197.020999663626,33080.33799999727,39504.22099966362,EPSG:3414
tile_x101248_y35840.png,val,101248,35840,1024,1024,0.3,0.0,33041.93799999727,0.0,-0.3,39504.22099966362,33041.93799999727,39197.020999663626,33349.13799999727,39504.22099966362,EPSG:3414
tile_x103040_y35840.png,train,103040,35840,1024,1024,0.3,0.0,33579.53799999727,0.0,-0.3,39504.22099966362,33579.53799999727,39197.020999663626,33886.73799999727,39504.22099966362,EPSG:3414
tile_x103936_y35840.png,train,103936,35840,1024,1024,0.3,0.0,33848.33799999727,0.0,-0.3,39504.22099966362,33848.33799999727,39197.020999663626,34155.53799999727,39504.22099966362,EPSG:3414
tile_x104832_y35840.png,train,104832,35840,1024,1024,0.3,0.0,34117.13799999727,0.0,-0.3,39504.22099966362,34117.13799999727,39197.020999663626,34424.33799999727,39504.22099966362,EPSG:3414
tile_x105728_y35840.png,train,105728,35840,1024,1024,0.3,0.0,34385.93799999727,0.0,-0.3,39504.22099966362,34385.93799999727,39197.020999663626,34693.13799999727,39504.22099966362,EPSG:3414
tile_x106624_y35840.png,train,106624,35840,1024,1024,0.3,0.0,34654.73799999727,0.0,-0.3,39504.22099966362,34654.73799999727,39197.020999663626,34961.93799999727,39504.22099966362,EPSG:3414
tile_x107520_y35840.png,train,107520,35840,1024,1024,0.3,0.0,34923.53799999727,0.0,-0.3,39504.22099966362,34923.53799999727,39197.020999663626,35230.73799999727,39504.22099966362,EPSG:3414
tile_x108416_y35840.png,train,108416,35840,1024,1024,0.3,0.0,35192.33799999727,0.0,-0.3,39504.22099966362,35192.33799999727,39197.020999663626,35499.53799999727,39504.22099966362,EPSG:3414
tile_x125440_y35840.png,val,125440,35840,1024,1024,0.3,0.0,40299.53799999727,0.0,-0.3,39504.22099966362,40299.53799999727,39197.020999663626,40606.73799999727,39504.22099966362,EPSG:3414
tile_x126336_y35840.png,val,126336,35840,1024,1024,0.3,0.0,40568.33799999727,0.0,-0.3,39504.22099966362,40568.33799999727,39197.020999663626,40875.53799999727,39504.22099966362,EPSG:3414
tile_x127232_y35840.png,val,127232,35840,1024,1024,0.3,0.0,40837.13799999727,0.0,-0.3,39504.22099966362,40837.13799999727,39197.020999663626,41144.33799999727,39504.22099966362,EPSG:3414
tile_x129920_y35840.png,val,129920,35840,1024,1024,0.3,0.0,41643.53799999727,0.0,-0.3,39504.22099966362,41643.53799999727,39197.020999663626,41950.73799999727,39504.22099966362,EPSG:3414
tile_x130816_y35840.png,train,130816,35840,1024,1024,0.3,0.0,41912.33799999727,0.0,-0.3,39504.22099966362,41912.33799999727,39197.020999663626,42219.53799999727,39504.22099966362,EPSG:3414
tile_x131712_y35840.png,train,131712,35840,1024,1024,0.3,0.0,42181.13799999727,0.0,-0.3,39504.22099966362,42181.13799999727,39197.020999663626,42488.33799999727,39504.22099966362,EPSG:3414
tile_x57344_y36736.png,val,57344,36736,1024,1024,0.3,0.0,19870.737999997273,0.0,-0.3,39235.42099966362,19870.737999997273,38928.22099966362,20177.93799999727,39235.42099966362,EPSG:3414
tile_x58240_y36736.png,val,58240,36736,1024,1024,0.3,0.0,20139.537999997272,0.0,-0.3,39235.42099966362,20139.537999997272,38928.22099966362,20446.737999997273,39235.42099966362,EPSG:3414
tile_x59136_y36736.png,val,59136,36736,1024,1024,0.3,0.0,20408.33799999727,0.0,-0.3,39235.42099966362,20408.33799999727,38928.22099966362,20715.537999997272,39235.42099966362,EPSG:3414
tile_x60032_y36736.png,val,60032,36736,1024,1024,0.3,0.0,20677.13799999727,0.0,-0.3,39235.42099966362,20677.13799999727,38928.22099966362,20984.33799999727,39235.42099966362,EPSG:3414
tile_x60928_y36736.png,train,60928,36736,1024,1024,0.3,0.0,20945.93799999727,0.0,-0.3,39235.42099966362,20945.93799999727,38928.22099966362,21253.13799999727,39235.42099966362,EPSG:3414
tile_x85120_y36736.png,train,85120,36736,1024,1024,0.3,0.0,28203.537999997272,0.0,-0.3,39235.42099966362,28203.537999997272,38928.22099966362,28510.737999997273,39235.42099966362,EPSG:3414
tile_x86016_y36736.png,train,86016,36736,1024,1024,0.3,0.0,28472.33799999727,0.0,-0.3,39235.42099966362,28472.33799999727,38928.22099966362,28779.537999997272,39235.42099966362,EPSG:3414
tile_x86912_y36736.png,train,86912,36736,1024,1024,0.3,0.0,28741.13799999727,0.0,-0.3,39235.42099966362,28741.13799999727,38928.22099966362,29048.33799999727,39235.42099966362,EPSG:3414
tile_x88704_y36736.png,train,88704,36736,1024,1024,0.3,0.0,29278.737999997273,0.0,-0.3,39235.42099966362,29278.737999997273,38928.22099966362,29585.93799999727,39235.42099966362,EPSG:3414
tile_x89600_y36736.png,train,89600,36736,1024,1024,0.3,0.0,29547.537999997272,0.0,-0.3,39235.42099966362,29547.537999997272,38928.22099966362,29854.737999997273,39235.42099966362,EPSG:3414
tile_x90496_y36736.png,train,90496,36736,1024,1024,0.3,0.0,29816.33799999727,0.0,-0.3,39235.42099966362,29816.33799999727,38928.22099966362,30123.537999997272,39235.42099966362,EPSG:3414
tile_x91392_y36736.png,train,91392,36736,1024,1024,0.3,0.0,30085.13799999727,0.0,-0.3,39235.42099966362,30085.13799999727,38928.22099966362,30392.33799999727,39235.42099966362,EPSG:3414
tile_x92288_y36736.png,train,92288,36736,1024,1024,0.3,0.0,30353.93799999727,0.0,-0.3,39235.42099966362,30353.93799999727,38928.22099966362,30661.13799999727,39235.42099966362,EPSG:3414
tile_x93184_y36736.png,train,93184,36736,1024,1024,0.3,0.0,30622.737999997273,0.0,-0.3,39235.42099966362,30622.737999997273,38928.22099966362,30929.93799999727,39235.42099966362,EPSG:3414
tile_x95872_y36736.png,val,95872,36736,1024,1024,0.3,0.0,31429.13799999727,0.0,-0.3,39235.42099966362,31429.13799999727,38928.22099966362,31736.33799999727,39235.42099966362,EPSG:3414
tile_x97664_y36736.png,val,97664,36736,1024,1024,0.3,0.0,31966.737999997273,0.0,-0.3,39235.42099966362,31966.737999997273,38928.22099966362,32273.93799999727,39235.42099966362,EPSG:3414
tile_x98560_y36736.png,val,98560,36736,1024,1024,0.3,0.0,32235.537999997272,0.0,-0.3,39235.42099966362,32235.537999997272,38928.22099966362,32542.73799999727,39235.42099966362,EPSG:3414
tile_x99456_y36736.png,val,99456,36736,1024,1024,0.3,0.0,32504.33799999727,0.0,-0.3,39235.42099966362,32504.33799999727,38928.22099966362,32811.53799999727,39235.42099966362,EPSG:3414
tile_x100352_y36736.png,val,100352,36736,1024,1024,0.3,0.0,32773.13799999727,0.0,-0.3,39235.42099966362,32773.13799999727,38928.22099966362,33080.33799999727,39235.42099966362,EPSG:3414
tile_x101248_y36736.png,val,101248,36736,1024,1024,0.3,0.0,33041.93799999727,0.0,-0.3,39235.42099966362,33041.93799999727,38928.22099966362,33349.13799999727,39235.42099966362,EPSG:3414
tile_x102144_y36736.png,train,102144,36736,1024,1024,0.3,0.0,33310.73799999727,0.0,-0.3,39235.42099966362,33310.73799999727,38928.22099966362,33617.93799999727,39235.42099966362,EPSG:3414
tile_x103040_y36736.png,train,103040,36736,1024,1024,0.3,0.0,33579.53799999727,0.0,-0.3,39235.42099966362,33579.53799999727,38928.22099966362,33886.73799999727,39235.42099966362,EPSG:3414
tile_x104832_y36736.png,train,104832,36736,1024,1024,0.3,0.0,34117.13799999727,0.0,-0.3,39235.42099966362,34117.13799999727,38928.22099966362,34424.33799999727,39235.42099966362,EPSG:3414
tile_x105728_y36736.png,train,105728,36736,1024,1024,0.3,0.0,34385.93799999727,0.0,-0.3,39235.42099966362,34385.93799999727,38928.22099966362,34693.13799999727,39235.42099966362,EPSG:3414
tile_x106624_y36736.png,train,106624,36736,1024,1024,0.3,0.0,34654.73799999727,0.0,-0.3,39235.42099966362,34654.73799999727,38928.22099966362,34961.93799999727,39235.42099966362,EPSG:3414
tile_x107520_y36736.png,train,107520,36736,1024,1024,0.3,0.0,34923.53799999727,0.0,-0.3,39235.42099966362,34923.53799999727,38928.22099966362,35230.73799999727,39235.42099966362,EPSG:3414
tile_x108416_y36736.png,train,108416,36736,1024,1024,0.3,0.0,35192.33799999727,0.0,-0.3,39235.42099966362,35192.33799999727,38928.22099966362,35499.53799999727,39235.42099966362,EPSG:3414
tile_x126336_y36736.png,val,126336,36736,1024,1024,0.3,0.0,40568.33799999727,0.0,-0.3,39235.42099966362,40568.33799999727,38928.22099966362,40875.53799999727,39235.42099966362,EPSG:3414
tile_x127232_y36736.png,val,127232,36736,1024,1024,0.3,0.0,40837.13799999727,0.0,-0.3,39235.42099966362,40837.13799999727,38928.22099966362,41144.33799999727,39235.42099966362,EPSG:3414
tile_x128128_y36736.png,val,128128,36736,1024,1024,0.3,0.0,41105.93799999727,0.0,-0.3,39235.42099966362,41105.93799999727,38928.22099966362,41413.13799999727,39235.42099966362,EPSG:3414
tile_x129024_y36736.png,val,129024,36736,1024,1024,0.3,0.0,41374.73799999727,0.0,-0.3,39235.42099966362,41374.73799999727,38928.22099966362,41681.93799999727,39235.42099966362,EPSG:3414
tile_x129920_y36736.png,val,129920,36736,1024,1024,0.3,0.0,41643.53799999727,0.0,-0.3,39235.42099966362,41643.53799999727,38928.22099966362,41950.73799999727,39235.42099966362,EPSG:3414
tile_x130816_y36736.png,val,130816,36736,1024,1024,0.3,0.0,41912.33799999727,0.0,-0.3,39235.42099966362,41912.33799999727,38928.22099966362,42219.53799999727,39235.42099966362,EPSG:3414
tile_x131712_y36736.png,val,131712,36736,1024,1024,0.3,0.0,42181.13799999727,0.0,-0.3,39235.42099966362,42181.13799999727,38928.22099966362,42488.33799999727,39235.42099966362,EPSG:3414
tile_x134400_y36736.png,val,134400,36736,1024,1024,0.3,0.0,42987.53799999727,0.0,-0.3,39235.42099966362,42987.53799999727,38928.22099966362,43294.73799999727,39235.42099966362,EPSG:3414
tile_x135296_y36736.png,train,135296,36736,1024,1024,0.3,0.0,43256.33799999727,0.0,-0.3,39235.42099966362,43256.33799999727,38928.22099966362,43563.53799999727,39235.42099966362,EPSG:3414
tile_x137088_y36736.png,train,137088,36736,1024,1024,0.3,0.0,43793.93799999727,0.0,-0.3,39235.42099966362,43793.93799999727,38928.22099966362,44101.13799999727,39235.42099966362,EPSG:3414
tile_x137984_y36736.png,train,137984,36736,1024,1024,0.3,0.0,44062.73799999727,0.0,-0.3,39235.42099966362,44062.73799999727,38928.22099966362,44369.93799999727,39235.42099966362,EPSG:3414
tile_x58240_y37632.png,val,58240,37632,1024,1024,0.3,0.0,20139.537999997272,0.0,-0.3,38966.620999663624,20139.537999997272,38659.42099966362,20446.737999997273,38966.620999663624,EPSG:3414
tile_x59136_y37632.png,val,59136,37632,1024,1024,0.3,0.0,20408.33799999727,0.0,-0.3,38966.620999663624,20408.33799999727,38659.42099966362,20715.537999997272,38966.620999663624,EPSG:3414
tile_x60032_y37632.png,val,60032,37632,1024,1024,0.3,0.0,20677.13799999727,0.0,-0.3,38966.620999663624,20677.13799999727,38659.42099966362,20984.33799999727,38966.620999663624,EPSG:3414
tile_x82432_y37632.png,train,82432,37632,1024,1024,0.3,0.0,27397.13799999727,0.0,-0.3,38966.620999663624,27397.13799999727,38659.42099966362,27704.33799999727,38966.620999663624,EPSG:3414
tile_x83328_y37632.png,train,83328,37632,1024,1024,0.3,0.0,27665.93799999727,0.0,-0.3,38966.620999663624,27665.93799999727,38659.42099966362,27973.13799999727,38966.620999663624,EPSG:3414
tile_x84224_y37632.png,train,84224,37632,1024,1024,0.3,0.0,27934.737999997273,0.0,-0.3,38966.620999663624,27934.737999997273,38659.42099966362,28241.93799999727,38966.620999663624,EPSG:3414
tile_x85120_y37632.png,train,85120,37632,1024,1024,0.3,0.0,28203.537999997272,0.0,-0.3,38966.620999663624,28203.537999997272,38659.42099966362,28510.737999997273,38966.620999663624,EPSG:3414
tile_x86016_y37632.png,train,86016,37632,1024,1024,0.3,0.0,28472.33799999727,0.0,-0.3,38966.620999663624,28472.33799999727,38659.42099966362,28779.537999997272,38966.620999663624,EPSG:3414
tile_x87808_y37632.png,train,87808,37632,1024,1024,0.3,0.0,29009.93799999727,0.0,-0.3,38966.620999663624,29009.93799999727,38659.42099966362,29317.13799999727,38966.620999663624,EPSG:3414
tile_x89600_y37632.png,train,89600,37632,1024,1024,0.3,0.0,29547.537999997272,0.0,-0.3,38966.620999663624,29547.537999997272,38659.42099966362,29854.737999997273,38966.620999663624,EPSG:3414
tile_x90496_y37632.png,train,90496,37632,1024,1024,0.3,0.0,29816.33799999727,0.0,-0.3,38966.620999663624,29816.33799999727,38659.42099966362,30123.537999997272,38966.620999663624,EPSG:3414
tile_x91392_y37632.png,train,91392,37632,1024,1024,0.3,0.0,30085.13799999727,0.0,-0.3,38966.620999663624,30085.13799999727,38659.42099966362,30392.33799999727,38966.620999663624,EPSG:3414
tile_x92288_y37632.png,train,92288,37632,1024,1024,0.3,0.0,30353.93799999727,0.0,-0.3,38966.620999663624,30353.93799999727,38659.42099966362,30661.13799999727,38966.620999663624,EPSG:3414
tile_x94080_y37632.png,val,94080,37632,1024,1024,0.3,0.0,30891.537999997272,0.0,-0.3,38966.620999663624,30891.537999997272,38659.42099966362,31198.737999997273,38966.620999663624,EPSG:3414
tile_x99456_y37632.png,val,99456,37632,1024,1024,0.3,0.0,32504.33799999727,0.0,-0.3,38966.620999663624,32504.33799999727,38659.42099966362,32811.53799999727,38966.620999663624,EPSG:3414
tile_x100352_y37632.png,val,100352,37632,1024,1024,0.3,0.0,32773.13799999727,0.0,-0.3,38966.620999663624,32773.13799999727,38659.42099966362,33080.33799999727,38966.620999663624,EPSG:3414
tile_x102144_y37632.png,train,102144,37632,1024,1024,0.3,0.0,33310.73799999727,0.0,-0.3,38966.620999663624,33310.73799999727,38659.42099966362,33617.93799999727,38966.620999663624,EPSG:3414
tile_x103040_y37632.png,train,103040,37632,1024,1024,0.3,0.0,33579.53799999727,0.0,-0.3,38966.620999663624,33579.53799999727,38659.42099966362,33886.73799999727,38966.620999663624,EPSG:3414
tile_x104832_y37632.png,train,104832,37632,1024,1024,0.3,0.0,34117.13799999727,0.0,-0.3,38966.620999663624,34117.13799999727,38659.42099966362,34424.33799999727,38966.620999663624,EPSG:3414
tile_x105728_y37632.png,train,105728,37632,1024,1024,0.3,0.0,34385.93799999727,0.0,-0.3,38966.620999663624,34385.93799999727,38659.42099966362,34693.13799999727,38966.620999663624,EPSG:3414
tile_x106624_y37632.png,train,106624,37632,1024,1024,0.3,0.0,34654.73799999727,0.0,-0.3,38966.620999663624,34654.73799999727,38659.42099966362,34961.93799999727,38966.620999663624,EPSG:3414
tile_x123648_y37632.png,val,123648,37632,1024,1024,0.3,0.0,39761.93799999727,0.0,-0.3,38966.620999663624,39761.93799999727,38659.42099966362,40069.13799999727,38966.620999663624,EPSG:3414
tile_x124544_y37632.png,val,124544,37632,1024,1024,0.3,0.0,40030.73799999727,0.0,-0.3,38966.620999663624,40030.73799999727,38659.42099966362,40337.93799999727,38966.620999663624,EPSG:3414
tile_x126336_y37632.png,val,126336,37632,1024,1024,0.3,0.0,40568.33799999727,0.0,-0.3,38966.620999663624,40568.33799999727,38659.42099966362,40875.53799999727,38966.620999663624,EPSG:3414
tile_x127232_y37632.png,val,127232,37632,1024,1024,0.3,0.0,40837.13799999727,0.0,-0.3,38966.620999663624,40837.13799999727,38659.42099966362,41144.33799999727,38966.620999663624,EPSG:3414
tile_x128128_y37632.png,val,128128,37632,1024,1024,0.3,0.0,41105.93799999727,0.0,-0.3,38966.620999663624,41105.93799999727,38659.42099966362,41413.13799999727,38966.620999663624,EPSG:3414
tile_x129920_y37632.png,val,129920,37632,1024,1024,0.3,0.0,41643.53799999727,0.0,-0.3,38966.620999663624,41643.53799999727,38659.42099966362,41950.73799999727,38966.620999663624,EPSG:3414
tile_x130816_y37632.png,val,130816,37632,1024,1024,0.3,0.0,41912.33799999727,0.0,-0.3,38966.620999663624,41912.33799999727,38659.42099966362,42219.53799999727,38966.620999663624,EPSG:3414
tile_x131712_y37632.png,val,131712,37632,1024,1024,0.3,0.0,42181.13799999727,0.0,-0.3,38966.620999663624,42181.13799999727,38659.42099966362,42488.33799999727,38966.620999663624,EPSG:3414
tile_x132608_y37632.png,val,132608,37632,1024,1024,0.3,0.0,42449.93799999727,0.0,-0.3,38966.620999663624,42449.93799999727,38659.42099966362,42757.13799999727,38966.620999663624,EPSG:3414
tile_x136192_y37632.png,train,136192,37632,1024,1024,0.3,0.0,43525.13799999727,0.0,-0.3,38966.620999663624,43525.13799999727,38659.42099966362,43832.33799999727,38966.620999663624,EPSG:3414
tile_x137088_y37632.png,train,137088,37632,1024,1024,0.3,0.0,43793.93799999727,0.0,-0.3,38966.620999663624,43793.93799999727,38659.42099966362,44101.13799999727,38966.620999663624,EPSG:3414
tile_x137984_y37632.png,train,137984,37632,1024,1024,0.3,0.0,44062.73799999727,0.0,-0.3,38966.620999663624,44062.73799999727,38659.42099966362,44369.93799999727,38966.620999663624,EPSG:3414
tile_x50176_y38528.png,train,50176,38528,1024,1024,0.3,0.0,17720.33799999727,0.0,-0.3,38697.82099966362,17720.33799999727,38390.620999663624,18027.537999997272,38697.82099966362,EPSG:3414
tile_x51072_y38528.png,train,51072,38528,1024,1024,0.3,0.0,17989.13799999727,0.0,-0.3,38697.82099966362,17989.13799999727,38390.620999663624,18296.33799999727,38697.82099966362,EPSG:3414
tile_x51968_y38528.png,train,51968,38528,1024,1024,0.3,0.0,18257.937999997273,0.0,-0.3,38697.82099966362,18257.937999997273,38390.620999663624,18565.13799999727,38697.82099966362,EPSG:3414
tile_x52864_y38528.png,train,52864,38528,1024,1024,0.3,0.0,18526.73799999727,0.0,-0.3,38697.82099966362,18526.73799999727,38390.620999663624,18833.937999997273,38697.82099966362,EPSG:3414
tile_x58240_y38528.png,val,58240,38528,1024,1024,0.3,0.0,20139.537999997272,0.0,-0.3,38697.82099966362,20139.537999997272,38390.620999663624,20446.737999997273,38697.82099966362,EPSG:3414
tile_x59136_y38528.png,val,59136,38528,1024,1024,0.3,0.0,20408.33799999727,0.0,-0.3,38697.82099966362,20408.33799999727,38390.620999663624,20715.537999997272,38697.82099966362,EPSG:3414
tile_x60032_y38528.png,val,60032,38528,1024,1024,0.3,0.0,20677.13799999727,0.0,-0.3,38697.82099966362,20677.13799999727,38390.620999663624,20984.33799999727,38697.82099966362,EPSG:3414
tile_x60928_y38528.png,train,60928,38528,1024,1024,0.3,0.0,20945.93799999727,0.0,-0.3,38697.82099966362,20945.93799999727,38390.620999663624,21253.13799999727,38697.82099966362,EPSG:3414
tile_x61824_y38528.png,train,61824,38528,1024,1024,0.3,0.0,21214.737999997273,0.0,-0.3,38697.82099966362,21214.737999997273,38390.620999663624,21521.93799999727,38697.82099966362,EPSG:3414
tile_x81536_y38528.png,train,81536,38528,1024,1024,0.3,0.0,27128.33799999727,0.0,-0.3,38697.82099966362,27128.33799999727,38390.620999663624,27435.537999997272,38697.82099966362,EPSG:3414
tile_x82432_y38528.png,train,82432,38528,1024,1024,0.3,0.0,27397.13799999727,0.0,-0.3,38697.82099966362,27397.13799999727,38390.620999663624,27704.33799999727,38697.82099966362,EPSG:3414
tile_x83328_y38528.png,train,83328,38528,1024,1024,0.3,0.0,27665.93799999727,0.0,-0.3,38697.82099966362,27665.93799999727,38390.620999663624,27973.13799999727,38697.82099966362,EPSG:3414
tile_x84224_y38528.png,train,84224,38528,1024,1024,0.3,0.0,27934.737999997273,0.0,-0.3,38697.82099966362,27934.737999997273,38390.620999663624,28241.93799999727,38697.82099966362,EPSG:3414
tile_x85120_y38528.png,train,85120,38528,1024,1024,0.3,0.0,28203.537999997272,0.0,-0.3,38697.82099966362,28203.537999997272,38390.620999663624,28510.737999997273,38697.82099966362,EPSG:3414
tile_x86016_y38528.png,train,86016,38528,1024,1024,0.3,0.0,28472.33799999727,0.0,-0.3,38697.82099966362,28472.33799999727,38390.620999663624,28779.537999997272,38697.82099966362,EPSG:3414
tile_x86912_y38528.png,train,86912,38528,1024,1024,0.3,0.0,28741.13799999727,0.0,-0.3,38697.82099966362,28741.13799999727,38390.620999663624,29048.33799999727,38697.82099966362,EPSG:3414
tile_x87808_y38528.png,train,87808,38528,1024,1024,0.3,0.0,29009.93799999727,0.0,-0.3,38697.82099966362,29009.93799999727,38390.620999663624,29317.13799999727,38697.82099966362,EPSG:3414
tile_x88704_y38528.png,train,88704,38528,1024,1024,0.3,0.0,29278.737999997273,0.0,-0.3,38697.82099966362,29278.737999997273,38390.620999663624,29585.93799999727,38697.82099966362,EPSG:3414
tile_x89600_y38528.png,train,89600,38528,1024,1024,0.3,0.0,29547.537999997272,0.0,-0.3,38697.82099966362,29547.537999997272,38390.620999663624,29854.737999997273,38697.82099966362,EPSG:3414
tile_x90496_y38528.png,train,90496,38528,1024,1024,0.3,0.0,29816.33799999727,0.0,-0.3,38697.82099966362,29816.33799999727,38390.620999663624,30123.537999997272,38697.82099966362,EPSG:3414
tile_x91392_y38528.png,train,91392,38528,1024,1024,0.3,0.0,30085.13799999727,0.0,-0.3,38697.82099966362,30085.13799999727,38390.620999663624,30392.33799999727,38697.82099966362,EPSG:3414
tile_x92288_y38528.png,train,92288,38528,1024,1024,0.3,0.0,30353.93799999727,0.0,-0.3,38697.82099966362,30353.93799999727,38390.620999663624,30661.13799999727,38697.82099966362,EPSG:3414
tile_x95872_y38528.png,val,95872,38528,1024,1024,0.3,0.0,31429.13799999727,0.0,-0.3,38697.82099966362,31429.13799999727,38390.620999663624,31736.33799999727,38697.82099966362,EPSG:3414
tile_x104832_y38528.png,train,104832,38528,1024,1024,0.3,0.0,34117.13799999727,0.0,-0.3,38697.82099966362,34117.13799999727,38390.620999663624,34424.33799999727,38697.82099966362,EPSG:3414
tile_x105728_y38528.png,train,105728,38528,1024,1024,0.3,0.0,34385.93799999727,0.0,-0.3,38697.82099966362,34385.93799999727,38390.620999663624,34693.13799999727,38697.82099966362,EPSG:3414
tile_x106624_y38528.png,train,106624,38528,1024,1024,0.3,0.0,34654.73799999727,0.0,-0.3,38697.82099966362,34654.73799999727,38390.620999663624,34961.93799999727,38697.82099966362,EPSG:3414
tile_x122752_y38528.png,val,122752,38528,1024,1024,0.3,0.0,39493.13799999727,0.0,-0.3,38697.82099966362,39493.13799999727,38390.620999663624,39800.33799999727,38697.82099966362,EPSG:3414
tile_x123648_y38528.png,val,123648,38528,1024,1024,0.3,0.0,39761.93799999727,0.0,-0.3,38697.82099966362,39761.93799999727,38390.620999663624,40069.13799999727,38697.82099966362,EPSG:3414
tile_x124544_y38528.png,val,124544,38528,1024,1024,0.3,0.0,40030.73799999727,0.0,-0.3,38697.82099966362,40030.73799999727,38390.620999663624,40337.93799999727,38697.82099966362,EPSG:3414
tile_x128128_y38528.png,val,128128,38528,1024,1024,0.3,0.0,41105.93799999727,0.0,-0.3,38697.82099966362,41105.93799999727,38390.620999663624,41413.13799999727,38697.82099966362,EPSG:3414
tile_x129024_y38528.png,val,129024,38528,1024,1024,0.3,0.0,41374.73799999727,0.0,-0.3,38697.82099966362,41374.73799999727,38390.620999663624,41681.93799999727,38697.82099966362,EPSG:3414
tile_x131712_y38528.png,val,131712,38528,1024,1024,0.3,0.0,42181.13799999727,0.0,-0.3,38697.82099966362,42181.13799999727,38390.620999663624,42488.33799999727,38697.82099966362,EPSG:3414
tile_x132608_y38528.png,val,132608,38528,1024,1024,0.3,0.0,42449.93799999727,0.0,-0.3,38697.82099966362,42449.93799999727,38390.620999663624,42757.13799999727,38697.82099966362,EPSG:3414
tile_x133504_y38528.png,val,133504,38528,1024,1024,0.3,0.0,42718.73799999727,0.0,-0.3,38697.82099966362,42718.73799999727,38390.620999663624,43025.93799999727,38697.82099966362,EPSG:3414
tile_x136192_y38528.png,train,136192,38528,1024,1024,0.3,0.0,43525.13799999727,0.0,-0.3,38697.82099966362,43525.13799999727,38390.620999663624,43832.33799999727,38697.82099966362,EPSG:3414
tile_x137088_y38528.png,train,137088,38528,1024,1024,0.3,0.0,43793.93799999727,0.0,-0.3,38697.82099966362,43793.93799999727,38390.620999663624,44101.13799999727,38697.82099966362,EPSG:3414
tile_x50176_y39424.png,train,50176,39424,1024,1024,0.3,0.0,17720.33799999727,0.0,-0.3,38429.020999663626,17720.33799999727,38121.82099966362,18027.537999997272,38429.020999663626,EPSG:3414
tile_x51072_y39424.png,train,51072,39424,1024,1024,0.3,0.0,17989.13799999727,0.0,-0.3,38429.020999663626,17989.13799999727,38121.82099966362,18296.33799999727,38429.020999663626,EPSG:3414
tile_x51968_y39424.png,train,51968,39424,1024,1024,0.3,0.0,18257.937999997273,0.0,-0.3,38429.020999663626,18257.937999997273,38121.82099966362,18565.13799999727,38429.020999663626,EPSG:3414
tile_x52864_y39424.png,train,52864,39424,1024,1024,0.3,0.0,18526.73799999727,0.0,-0.3,38429.020999663626,18526.73799999727,38121.82099966362,18833.937999997273,38429.020999663626,EPSG:3414
tile_x53760_y39424.png,train,53760,39424,1024,1024,0.3,0.0,18795.537999997272,0.0,-0.3,38429.020999663626,18795.537999997272,38121.82099966362,19102.737999997273,38429.020999663626,EPSG:3414
tile_x58240_y39424.png,val,58240,39424,1024,1024,0.3,0.0,20139.537999997272,0.0,-0.3,38429.020999663626,20139.537999997272,38121.82099966362,20446.737999997273,38429.020999663626,EPSG:3414
tile_x59136_y39424.png,val,59136,39424,1024,1024,0.3,0.0,20408.33799999727,0.0,-0.3,38429.020999663626,20408.33799999727,38121.82099966362,20715.537999997272,38429.020999663626,EPSG:3414
tile_x60032_y39424.png,val,60032,39424,1024,1024,0.3,0.0,20677.13799999727,0.0,-0.3,38429.020999663626,20677.13799999727,38121.82099966362,20984.33799999727,38429.020999663626,EPSG:3414
tile_x81536_y39424.png,train,81536,39424,1024,1024,0.3,0.0,27128.33799999727,0.0,-0.3,38429.020999663626,27128.33799999727,38121.82099966362,27435.537999997272,38429.020999663626,EPSG:3414
tile_x82432_y39424.png,train,82432,39424,1024,1024,0.3,0.0,27397.13799999727,0.0,-0.3,38429.020999663626,27397.13799999727,38121.82099966362,27704.33799999727,38429.020999663626,EPSG:3414
tile_x83328_y39424.png,train,83328,39424,1024,1024,0.3,0.0,27665.93799999727,0.0,-0.3,38429.020999663626,27665.93799999727,38121.82099966362,27973.13799999727,38429.020999663626,EPSG:3414
tile_x84224_y39424.png,train,84224,39424,1024,1024,0.3,0.0,27934.737999997273,0.0,-0.3,38429.020999663626,27934.737999997273,38121.82099966362,28241.93799999727,38429.020999663626,EPSG:3414
tile_x85120_y39424.png,train,85120,39424,1024,1024,0.3,0.0,28203.537999997272,0.0,-0.3,38429.020999663626,28203.537999997272,38121.82099966362,28510.737999997273,38429.020999663626,EPSG:3414
tile_x86912_y39424.png,train,86912,39424,1024,1024,0.3,0.0,28741.13799999727,0.0,-0.3,38429.020999663626,28741.13799999727,38121.82099966362,29048.33799999727,38429.020999663626,EPSG:3414
tile_x87808_y39424.png,train,87808,39424,1024,1024,0.3,0.0,29009.93799999727,0.0,-0.3,38429.020999663626,29009.93799999727,38121.82099966362,29317.13799999727,38429.020999663626,EPSG:3414
tile_x88704_y39424.png,train,88704,39424,1024,1024,0.3,0.0,29278.737999997273,0.0,-0.3,38429.020999663626,29278.737999997273,38121.82099966362,29585.93799999727,38429.020999663626,EPSG:3414
tile_x89600_y39424.png,train,89600,39424,1024,1024,0.3,0.0,29547.537999997272,0.0,-0.3,38429.020999663626,29547.537999997272,38121.82099966362,29854.737999997273,38429.020999663626,EPSG:3414
tile_x90496_y39424.png,train,90496,39424,1024,1024,0.3,0.0,29816.33799999727,0.0,-0.3,38429.020999663626,29816.33799999727,38121.82099966362,30123.537999997272,38429.020999663626,EPSG:3414
tile_x93184_y39424.png,train,93184,39424,1024,1024,0.3,0.0,30622.737999997273,0.0,-0.3,38429.020999663626,30622.737999997273,38121.82099966362,30929.93799999727,38429.020999663626,EPSG:3414
tile_x98560_y39424.png,val,98560,39424,1024,1024,0.3,0.0,32235.537999997272,0.0,-0.3,38429.020999663626,32235.537999997272,38121.82099966362,32542.73799999727,38429.020999663626,EPSG:3414
tile_x105728_y39424.png,train,105728,39424,1024,1024,0.3,0.0,34385.93799999727,0.0,-0.3,38429.020999663626,34385.93799999727,38121.82099966362,34693.13799999727,38429.020999663626,EPSG:3414
tile_x106624_y39424.png,train,106624,39424,1024,1024,0.3,0.0,34654.73799999727,0.0,-0.3,38429.020999663626,34654.73799999727,38121.82099966362,34961.93799999727,38429.020999663626,EPSG:3414
tile_x121856_y39424.png,train,121856,39424,1024,1024,0.3,0.0,39224.33799999727,0.0,-0.3,38429.020999663626,39224.33799999727,38121.82099966362,39531.53799999727,38429.020999663626,EPSG:3414
tile_x128128_y39424.png,val,128128,39424,1024,1024,0.3,0.0,41105.93799999727,0.0,-0.3,38429.020999663626,41105.93799999727,38121.82099966362,41413.13799999727,38429.020999663626,EPSG:3414
tile_x129024_y39424.png,val,129024,39424,1024,1024,0.3,0.0,41374.73799999727,0.0,-0.3,38429.020999663626,41374.73799999727,38121.82099966362,41681.93799999727,38429.020999663626,EPSG:3414
tile_x131712_y39424.png,val,131712,39424,1024,1024,0.3,0.0,42181.13799999727,0.0,-0.3,38429.020999663626,42181.13799999727,38121.82099966362,42488.33799999727,38429.020999663626,EPSG:3414
tile_x132608_y39424.png,val,132608,39424,1024,1024,0.3,0.0,42449.93799999727,0.0,-0.3,38429.020999663626,42449.93799999727,38121.82099966362,42757.13799999727,38429.020999663626,EPSG:3414
tile_x135296_y39424.png,train,135296,39424,1024,1024,0.3,0.0,43256.33799999727,0.0,-0.3,38429.020999663626,43256.33799999727,38121.82099966362,43563.53799999727,38429.020999663626,EPSG:3414
tile_x136192_y39424.png,train,136192,39424,1024,1024,0.3,0.0,43525.13799999727,0.0,-0.3,38429.020999663626,43525.13799999727,38121.82099966362,43832.33799999727,38429.020999663626,EPSG:3414
tile_x52864_y40320.png,train,52864,40320,1024,1024,0.3,0.0,18526.73799999727,0.0,-0.3,38160.22099966362,18526.73799999727,37853.020999663626,18833.937999997273,38160.22099966362,EPSG:3414
tile_x53760_y40320.png,train,53760,40320,1024,1024,0.3,0.0,18795.537999997272,0.0,-0.3,38160.22099966362,18795.537999997272,37853.020999663626,19102.737999997273,38160.22099966362,EPSG:3414
tile_x58240_y40320.png,val,58240,40320,1024,1024,0.3,0.0,20139.537999997272,0.0,-0.3,38160.22099966362,20139.537999997272,37853.020999663626,20446.737999997273,38160.22099966362,EPSG:3414
tile_x59136_y40320.png,val,59136,40320,1024,1024,0.3,0.0,20408.33799999727,0.0,-0.3,38160.22099966362,20408.33799999727,37853.020999663626,20715.537999997272,38160.22099966362,EPSG:3414
tile_x83328_y40320.png,train,83328,40320,1024,1024,0.3,0.0,27665.93799999727,0.0,-0.3,38160.22099966362,27665.93799999727,37853.020999663626,27973.13799999727,38160.22099966362,EPSG:3414
tile_x86912_y40320.png,train,86912,40320,1024,1024,0.3,0.0,28741.13799999727,0.0,-0.3,38160.22099966362,28741.13799999727,37853.020999663626,29048.33799999727,38160.22099966362,EPSG:3414
tile_x90496_y40320.png,train,90496,40320,1024,1024,0.3,0.0,29816.33799999727,0.0,-0.3,38160.22099966362,29816.33799999727,37853.020999663626,30123.537999997272,38160.22099966362,EPSG:3414
tile_x92288_y40320.png,train,92288,40320,1024,1024,0.3,0.0,30353.93799999727,0.0,-0.3,38160.22099966362,30353.93799999727,37853.020999663626,30661.13799999727,38160.22099966362,EPSG:3414
tile_x102144_y40320.png,train,102144,40320,1024,1024,0.3,0.0,33310.73799999727,0.0,-0.3,38160.22099966362,33310.73799999727,37853.020999663626,33617.93799999727,38160.22099966362,EPSG:3414
tile_x103040_y40320.png,train,103040,40320,1024,1024,0.3,0.0,33579.53799999727,0.0,-0.3,38160.22099966362,33579.53799999727,37853.020999663626,33886.73799999727,38160.22099966362,EPSG:3414
tile_x103936_y40320.png,train,103936,40320,1024,1024,0.3,0.0,33848.33799999727,0.0,-0.3,38160.22099966362,33848.33799999727,37853.020999663626,34155.53799999727,38160.22099966362,EPSG:3414
tile_x105728_y40320.png,train,105728,40320,1024,1024,0.3,0.0,34385.93799999727,0.0,-0.3,38160.22099966362,34385.93799999727,37853.020999663626,34693.13799999727,38160.22099966362,EPSG:3414
tile_x106624_y40320.png,train,106624,40320,1024,1024,0.3,0.0,34654.73799999727,0.0,-0.3,38160.22099966362,34654.73799999727,37853.020999663626,34961.93799999727,38160.22099966362,EPSG:3414
tile_x122752_y40320.png,val,122752,40320,1024,1024,0.3,0.0,39493.13799999727,0.0,-0.3,38160.22099966362,39493.13799999727,37853.020999663626,39800.33799999727,38160.22099966362,EPSG:3414
tile_x123648_y40320.png,val,123648,40320,1024,1024,0.3,0.0,39761.93799999727,0.0,-0.3,38160.22099966362,39761.93799999727,37853.020999663626,40069.13799999727,38160.22099966362,EPSG:3414
tile_x127232_y40320.png,val,127232,40320,1024,1024,0.3,0.0,40837.13799999727,0.0,-0.3,38160.22099966362,40837.13799999727,37853.020999663626,41144.33799999727,38160.22099966362,EPSG:3414
tile_x129024_y40320.png,val,129024,40320,1024,1024,0.3,0.0,41374.73799999727,0.0,-0.3,38160.22099966362,41374.73799999727,37853.020999663626,41681.93799999727,38160.22099966362,EPSG:3414
tile_x129920_y40320.png,val,129920,40320,1024,1024,0.3,0.0,41643.53799999727,0.0,-0.3,38160.22099966362,41643.53799999727,37853.020999663626,41950.73799999727,38160.22099966362,EPSG:3414
tile_x130816_y40320.png,val,130816,40320,1024,1024,0.3,0.0,41912.33799999727,0.0,-0.3,38160.22099966362,41912.33799999727,37853.020999663626,42219.53799999727,38160.22099966362,EPSG:3414
tile_x136192_y40320.png,train,136192,40320,1024,1024,0.3,0.0,43525.13799999727,0.0,-0.3,38160.22099966362,43525.13799999727,37853.020999663626,43832.33799999727,38160.22099966362,EPSG:3414
tile_x52864_y41216.png,train,52864,41216,1024,1024,0.3,0.0,18526.73799999727,0.0,-0.3,37891.42099966362,18526.73799999727,37584.22099966362,18833.937999997273,37891.42099966362,EPSG:3414
tile_x53760_y41216.png,train,53760,41216,1024,1024,0.3,0.0,18795.537999997272,0.0,-0.3,37891.42099966362,18795.537999997272,37584.22099966362,19102.737999997273,37891.42099966362,EPSG:3414
tile_x56448_y41216.png,train,56448,41216,1024,1024,0.3,0.0,19601.93799999727,0.0,-0.3,37891.42099966362,19601.93799999727,37584.22099966362,19909.13799999727,37891.42099966362,EPSG:3414
tile_x57344_y41216.png,train,57344,41216,1024,1024,0.3,0.0,19870.737999997273,0.0,-0.3,37891.42099966362,19870.737999997273,37584.22099966362,20177.93799999727,37891.42099966362,EPSG:3414
tile_x58240_y41216.png,train,58240,41216,1024,1024,0.3,0.0,20139.537999997272,0.0,-0.3,37891.42099966362,20139.537999997272,37584.22099966362,20446.737999997273,37891.42099966362,EPSG:3414
tile_x59136_y41216.png,train,59136,41216,1024,1024,0.3,0.0,20408.33799999727,0.0,-0.3,37891.42099966362,20408.33799999727,37584.22099966362,20715.537999997272,37891.42099966362,EPSG:3414
tile_x60032_y41216.png,train,60032,41216,1024,1024,0.3,0.0,20677.13799999727,0.0,-0.3,37891.42099966362,20677.13799999727,37584.22099966362,20984.33799999727,37891.42099966362,EPSG:3414
tile_x65408_y41216.png,train,65408,41216,1024,1024,0.3,0.0,22289.93799999727,0.0,-0.3,37891.42099966362,22289.93799999727,37584.22099966362,22597.13799999727,37891.42099966362,EPSG:3414
tile_x82432_y41216.png,train,82432,41216,1024,1024,0.3,0.0,27397.13799999727,0.0,-0.3,37891.42099966362,27397.13799999727,37584.22099966362,27704.33799999727,37891.42099966362,EPSG:3414
tile_x83328_y41216.png,train,83328,41216,1024,1024,0.3,0.0,27665.93799999727,0.0,-0.3,37891.42099966362,27665.93799999727,37584.22099966362,27973.13799999727,37891.42099966362,EPSG:3414
tile_x86912_y41216.png,train,86912,41216,1024,1024,0.3,0.0,28741.13799999727,0.0,-0.3,37891.42099966362,28741.13799999727,37584.22099966362,29048.33799999727,37891.42099966362,EPSG:3414
tile_x88704_y41216.png,train,88704,41216,1024,1024,0.3,0.0,29278.737999997273,0.0,-0.3,37891.42099966362,29278.737999997273,37584.22099966362,29585.93799999727,37891.42099966362,EPSG:3414
tile_x91392_y41216.png,val,91392,41216,1024,1024,0.3,0.0,30085.13799999727,0.0,-0.3,37891.42099966362,30085.13799999727,37584.22099966362,30392.33799999727,37891.42099966362,EPSG:3414
tile_x92288_y41216.png,val,92288,41216,1024,1024,0.3,0.0,30353.93799999727,0.0,-0.3,37891.42099966362,30353.93799999727,37584.22099966362,30661.13799999727,37891.42099966362,EPSG:3414
tile_x98560_y41216.png,val,98560,41216,1024,1024,0.3,0.0,32235.537999997272,0.0,-0.3,37891.42099966362,32235.537999997272,37584.22099966362,32542.73799999727,37891.42099966362,EPSG:3414
tile_x99456_y41216.png,val,99456,41216,1024,1024,0.3,0.0,32504.33799999727,0.0,-0.3,37891.42099966362,32504.33799999727,37584.22099966362,32811.53799999727,37891.42099966362,EPSG:3414
tile_x102144_y41216.png,train,102144,41216,1024,1024,0.3,0.0,33310.73799999727,0.0,-0.3,37891.42099966362,33310.73799999727,37584.22099966362,33617.93799999727,37891.42099966362,EPSG:3414
tile_x103040_y41216.png,train,103040,41216,1024,1024,0.3,0.0,33579.53799999727,0.0,-0.3,37891.42099966362,33579.53799999727,37584.22099966362,33886.73799999727,37891.42099966362,EPSG:3414
tile_x103936_y41216.png,train,103936,41216,1024,1024,0.3,0.0,33848.33799999727,0.0,-0.3,37891.42099966362,33848.33799999727,37584.22099966362,34155.53799999727,37891.42099966362,EPSG:3414
tile_x104832_y41216.png,train,104832,41216,1024,1024,0.3,0.0,34117.13799999727,0.0,-0.3,37891.42099966362,34117.13799999727,37584.22099966362,34424.33799999727,37891.42099966362,EPSG:3414
tile_x105728_y41216.png,train,105728,41216,1024,1024,0.3,0.0,34385.93799999727,0.0,-0.3,37891.42099966362,34385.93799999727,37584.22099966362,34693.13799999727,37891.42099966362,EPSG:3414
tile_x120960_y41216.png,train,120960,41216,1024,1024,0.3,0.0,38955.53799999727,0.0,-0.3,37891.42099966362,38955.53799999727,37584.22099966362,39262.73799999727,37891.42099966362,EPSG:3414
tile_x121856_y41216.png,train,121856,41216,1024,1024,0.3,0.0,39224.33799999727,0.0,-0.3,37891.42099966362,39224.33799999727,37584.22099966362,39531.53799999727,37891.42099966362,EPSG:3414
tile_x123648_y41216.png,train,123648,41216,1024,1024,0.3,0.0,39761.93799999727,0.0,-0.3,37891.42099966362,39761.93799999727,37584.22099966362,40069.13799999727,37891.42099966362,EPSG:3414
tile_x124544_y41216.png,train,124544,41216,1024,1024,0.3,0.0,40030.73799999727,0.0,-0.3,37891.42099966362,40030.73799999727,37584.22099966362,40337.93799999727,37891.42099966362,EPSG:3414
tile_x125440_y41216.png,train,125440,41216,1024,1024,0.3,0.0,40299.53799999727,0.0,-0.3,37891.42099966362,40299.53799999727,37584.22099966362,40606.73799999727,37891.42099966362,EPSG:3414
tile_x126336_y41216.png,train,126336,41216,1024,1024,0.3,0.0,40568.33799999727,0.0,-0.3,37891.42099966362,40568.33799999727,37584.22099966362,40875.53799999727,37891.42099966362,EPSG:3414
tile_x127232_y41216.png,train,127232,41216,1024,1024,0.3,0.0,40837.13799999727,0.0,-0.3,37891.42099966362,40837.13799999727,37584.22099966362,41144.33799999727,37891.42099966362,EPSG:3414
tile_x128128_y41216.png,train,128128,41216,1024,1024,0.3,0.0,41105.93799999727,0.0,-0.3,37891.42099966362,41105.93799999727,37584.22099966362,41413.13799999727,37891.42099966362,EPSG:3414
tile_x129024_y41216.png,train,129024,41216,1024,1024,0.3,0.0,41374.73799999727,0.0,-0.3,37891.42099966362,41374.73799999727,37584.22099966362,41681.93799999727,37891.42099966362,EPSG:3414
tile_x129920_y41216.png,train,129920,41216,1024,1024,0.3,0.0,41643.53799999727,0.0,-0.3,37891.42099966362,41643.53799999727,37584.22099966362,41950.73799999727,37891.42099966362,EPSG:3414
tile_x130816_y41216.png,train,130816,41216,1024,1024,0.3,0.0,41912.33799999727,0.0,-0.3,37891.42099966362,41912.33799999727,37584.22099966362,42219.53799999727,37891.42099966362,EPSG:3414
tile_x134400_y41216.png,train,134400,41216,1024,1024,0.3,0.0,42987.53799999727,0.0,-0.3,37891.42099966362,42987.53799999727,37584.22099966362,43294.73799999727,37891.42099966362,EPSG:3414
tile_x31360_y42112.png,train,31360,42112,1024,1024,0.3,0.0,12075.537999997272,0.0,-0.3,37622.620999663624,12075.537999997272,37315.42099966362,12382.73799999727,37622.620999663624,EPSG:3414
tile_x49280_y42112.png,train,49280,42112,1024,1024,0.3,0.0,17451.537999997272,0.0,-0.3,37622.620999663624,17451.537999997272,37315.42099966362,17758.73799999727,37622.620999663624,EPSG:3414
tile_x50176_y42112.png,train,50176,42112,1024,1024,0.3,0.0,17720.33799999727,0.0,-0.3,37622.620999663624,17720.33799999727,37315.42099966362,18027.537999997272,37622.620999663624,EPSG:3414
tile_x52864_y42112.png,train,52864,42112,1024,1024,0.3,0.0,18526.73799999727,0.0,-0.3,37622.620999663624,18526.73799999727,37315.42099966362,18833.937999997273,37622.620999663624,EPSG:3414
tile_x53760_y42112.png,train,53760,42112,1024,1024,0.3,0.0,18795.537999997272,0.0,-0.3,37622.620999663624,18795.537999997272,37315.42099966362,19102.737999997273,37622.620999663624,EPSG:3414
tile_x59136_y42112.png,train,59136,42112,1024,1024,0.3,0.0,20408.33799999727,0.0,-0.3,37622.620999663624,20408.33799999727,37315.42099966362,20715.537999997272,37622.620999663624,EPSG:3414
tile_x60032_y42112.png,train,60032,42112,1024,1024,0.3,0.0,20677.13799999727,0.0,-0.3,37622.620999663624,20677.13799999727,37315.42099966362,20984.33799999727,37622.620999663624,EPSG:3414
tile_x65408_y42112.png,train,65408,42112,1024,1024,0.3,0.0,22289.93799999727,0.0,-0.3,37622.620999663624,22289.93799999727,37315.42099966362,22597.13799999727,37622.620999663624,EPSG:3414
tile_x82432_y42112.png,train,82432,42112,1024,1024,0.3,0.0,27397.13799999727,0.0,-0.3,37622.620999663624,27397.13799999727,37315.42099966362,27704.33799999727,37622.620999663624,EPSG:3414
tile_x83328_y42112.png,train,83328,42112,1024,1024,0.3,0.0,27665.93799999727,0.0,-0.3,37622.620999663624,27665.93799999727,37315.42099966362,27973.13799999727,37622.620999663624,EPSG:3414
tile_x84224_y42112.png,train,84224,42112,1024,1024,0.3,0.0,27934.737999997273,0.0,-0.3,37622.620999663624,27934.737999997273,37315.42099966362,28241.93799999727,37622.620999663624,EPSG:3414
tile_x86912_y42112.png,train,86912,42112,1024,1024,0.3,0.0,28741.13799999727,0.0,-0.3,37622.620999663624,28741.13799999727,37315.42099966362,29048.33799999727,37622.620999663624,EPSG:3414
tile_x88704_y42112.png,train,88704,42112,1024,1024,0.3,0.0,29278.737999997273,0.0,-0.3,37622.620999663624,29278.737999997273,37315.42099966362,29585.93799999727,37622.620999663624,EPSG:3414
tile_x89600_y42112.png,val,89600,42112,1024,1024,0.3,0.0,29547.537999997272,0.0,-0.3,37622.620999663624,29547.537999997272,37315.42099966362,29854.737999997273,37622.620999663624,EPSG:3414
tile_x90496_y42112.png,val,90496,42112,1024,1024,0.3,0.0,29816.33799999727,0.0,-0.3,37622.620999663624,29816.33799999727,37315.42099966362,30123.537999997272,37622.620999663624,EPSG:3414
tile_x94080_y42112.png,val,94080,42112,1024,1024,0.3,0.0,30891.537999997272,0.0,-0.3,37622.620999663624,30891.537999997272,37315.42099966362,31198.737999997273,37622.620999663624,EPSG:3414
tile_x94976_y42112.png,val,94976,42112,1024,1024,0.3,0.0,31160.33799999727,0.0,-0.3,37622.620999663624,31160.33799999727,37315.42099966362,31467.537999997272,37622.620999663624,EPSG:3414
tile_x95872_y42112.png,val,95872,42112,1024,1024,0.3,0.0,31429.13799999727,0.0,-0.3,37622.620999663624,31429.13799999727,37315.42099966362,31736.33799999727,37622.620999663624,EPSG:3414
tile_x96768_y42112.png,val,96768,42112,1024,1024,0.3,0.0,31697.93799999727,0.0,-0.3,37622.620999663624,31697.93799999727,37315.42099966362,32005.13799999727,37622.620999663624,EPSG:3414
tile_x97664_y42112.png,val,97664,42112,1024,1024,0.3,0.0,31966.737999997273,0.0,-0.3,37622.620999663624,31966.737999997273,37315.42099966362,32273.93799999727,37622.620999663624,EPSG:3414
tile_x98560_y42112.png,val,98560,42112,1024,1024,0.3,0.0,32235.537999997272,0.0,-0.3,37622.620999663624,32235.537999997272,37315.42099966362,32542.73799999727,37622.620999663624,EPSG:3414
tile_x99456_y42112.png,val,99456,42112,1024,1024,0.3,0.0,32504.33799999727,0.0,-0.3,37622.620999663624,32504.33799999727,37315.42099966362,32811.53799999727,37622.620999663624,EPSG:3414
tile_x100352_y42112.png,val,100352,42112,1024,1024,0.3,0.0,32773.13799999727,0.0,-0.3,37622.620999663624,32773.13799999727,37315.42099966362,33080.33799999727,37622.620999663624,EPSG:3414
tile_x101248_y42112.png,val,101248,42112,1024,1024,0.3,0.0,33041.93799999727,0.0,-0.3,37622.620999663624,33041.93799999727,37315.42099966362,33349.13799999727,37622.620999663624,EPSG:3414
tile_x104832_y42112.png,train,104832,42112,1024,1024,0.3,0.0,34117.13799999727,0.0,-0.3,37622.620999663624,34117.13799999727,37315.42099966362,34424.33799999727,37622.620999663624,EPSG:3414
tile_x105728_y42112.png,train,105728,42112,1024,1024,0.3,0.0,34385.93799999727,0.0,-0.3,37622.620999663624,34385.93799999727,37315.42099966362,34693.13799999727,37622.620999663624,EPSG:3414
tile_x120960_y42112.png,train,120960,42112,1024,1024,0.3,0.0,38955.53799999727,0.0,-0.3,37622.620999663624,38955.53799999727,37315.42099966362,39262.73799999727,37622.620999663624,EPSG:3414
tile_x121856_y42112.png,train,121856,42112,1024,1024,0.3,0.0,39224.33799999727,0.0,-0.3,37622.620999663624,39224.33799999727,37315.42099966362,39531.53799999727,37622.620999663624,EPSG:3414
tile_x123648_y42112.png,train,123648,42112,1024,1024,0.3,0.0,39761.93799999727,0.0,-0.3,37622.620999663624,39761.93799999727,37315.42099966362,40069.13799999727,37622.620999663624,EPSG:3414
tile_x124544_y42112.png,train,124544,42112,1024,1024,0.3,0.0,40030.73799999727,0.0,-0.3,37622.620999663624,40030.73799999727,37315.42099966362,40337.93799999727,37622.620999663624,EPSG:3414
tile_x125440_y42112.png,train,125440,42112,1024,1024,0.3,0.0,40299.53799999727,0.0,-0.3,37622.620999663624,40299.53799999727,37315.42099966362,40606.73799999727,37622.620999663624,EPSG:3414
tile_x126336_y42112.png,train,126336,42112,1024,1024,0.3,0.0,40568.33799999727,0.0,-0.3,37622.620999663624,40568.33799999727,37315.42099966362,40875.53799999727,37622.620999663624,EPSG:3414
tile_x127232_y42112.png,train,127232,42112,1024,1024,0.3,0.0,40837.13799999727,0.0,-0.3,37622.620999663624,40837.13799999727,37315.42099966362,41144.33799999727,37622.620999663624,EPSG:3414
tile_x128128_y42112.png,train,128128,42112,1024,1024,0.3,0.0,41105.93799999727,0.0,-0.3,37622.620999663624,41105.93799999727,37315.42099966362,41413.13799999727,37622.620999663624,EPSG:3414
tile_x129024_y42112.png,train,129024,42112,1024,1024,0.3,0.0,41374.73799999727,0.0,-0.3,37622.620999663624,41374.73799999727,37315.42099966362,41681.93799999727,37622.620999663624,EPSG:3414
tile_x129920_y42112.png,train,129920,42112,1024,1024,0.3,0.0,41643.53799999727,0.0,-0.3,37622.620999663624,41643.53799999727,37315.42099966362,41950.73799999727,37622.620999663624,EPSG:3414
tile_x130816_y42112.png,train,130816,42112,1024,1024,0.3,0.0,41912.33799999727,0.0,-0.3,37622.620999663624,41912.33799999727,37315.42099966362,42219.53799999727,37622.620999663624,EPSG:3414
tile_x34944_y43008.png,train,34944,43008,1024,1024,0.3,0.0,13150.73799999727,0.0,-0.3,37353.82099966362,13150.73799999727,37046.620999663624,13457.937999997272,37353.82099966362,EPSG:3414
tile_x37632_y43008.png,train,37632,43008,1024,1024,0.3,0.0,13957.137999997272,0.0,-0.3,37353.82099966362,13957.137999997272,37046.620999663624,14264.337999997271,37353.82099966362,EPSG:3414
tile_x43904_y43008.png,train,43904,43008,1024,1024,0.3,0.0,15838.73799999727,0.0,-0.3,37353.82099966362,15838.73799999727,37046.620999663624,16145.937999997272,37353.82099966362,EPSG:3414
tile_x48384_y43008.png,train,48384,43008,1024,1024,0.3,0.0,17182.73799999727,0.0,-0.3,37353.82099966362,17182.73799999727,37046.620999663624,17489.937999997273,37353.82099966362,EPSG:3414
tile_x49280_y43008.png,train,49280,43008,1024,1024,0.3,0.0,17451.537999997272,0.0,-0.3,37353.82099966362,17451.537999997272,37046.620999663624,17758.73799999727,37353.82099966362,EPSG:3414
tile_x50176_y43008.png,train,50176,43008,1024,1024,0.3,0.0,17720.33799999727,0.0,-0.3,37353.82099966362,17720.33799999727,37046.620999663624,18027.537999997272,37353.82099966362,EPSG:3414
tile_x51072_y43008.png,train,51072,43008,1024,1024,0.3,0.0,17989.13799999727,0.0,-0.3,37353.82099966362,17989.13799999727,37046.620999663624,18296.33799999727,37353.82099966362,EPSG:3414
tile_x51968_y43008.png,train,51968,43008,1024,1024,0.3,0.0,18257.937999997273,0.0,-0.3,37353.82099966362,18257.937999997273,37046.620999663624,18565.13799999727,37353.82099966362,EPSG:3414
tile_x52864_y43008.png,train,52864,43008,1024,1024,0.3,0.0,18526.73799999727,0.0,-0.3,37353.82099966362,18526.73799999727,37046.620999663624,18833.937999997273,37353.82099966362,EPSG:3414
tile_x53760_y43008.png,train,53760,43008,1024,1024,0.3,0.0,18795.537999997272,0.0,-0.3,37353.82099966362,18795.537999997272,37046.620999663624,19102.737999997273,37353.82099966362,EPSG:3414
tile_x54656_y43008.png,train,54656,43008,1024,1024,0.3,0.0,19064.33799999727,0.0,-0.3,37353.82099966362,19064.33799999727,37046.620999663624,19371.537999997272,37353.82099966362,EPSG:3414
tile_x84224_y43008.png,train,84224,43008,1024,1024,0.3,0.0,27934.737999997273,0.0,-0.3,37353.82099966362,27934.737999997273,37046.620999663624,28241.93799999727,37353.82099966362,EPSG:3414
tile_x85120_y43008.png,train,85120,43008,1024,1024,0.3,0.0,28203.537999997272,0.0,-0.3,37353.82099966362,28203.537999997272,37046.620999663624,28510.737999997273,37353.82099966362,EPSG:3414
tile_x86016_y43008.png,train,86016,43008,1024,1024,0.3,0.0,28472.33799999727,0.0,-0.3,37353.82099966362,28472.33799999727,37046.620999663624,28779.537999997272,37353.82099966362,EPSG:3414
tile_x86912_y43008.png,train,86912,43008,1024,1024,0.3,0.0,28741.13799999727,0.0,-0.3,37353.82099966362,28741.13799999727,37046.620999663624,29048.33799999727,37353.82099966362,EPSG:3414
tile_x88704_y43008.png,train,88704,43008,1024,1024,0.3,0.0,29278.737999997273,0.0,-0.3,37353.82099966362,29278.737999997273,37046.620999663624,29585.93799999727,37353.82099966362,EPSG:3414
tile_x89600_y43008.png,val,89600,43008,1024,1024,0.3,0.0,29547.537999997272,0.0,-0.3,37353.82099966362,29547.537999997272,37046.620999663624,29854.737999997273,37353.82099966362,EPSG:3414
tile_x90496_y43008.png,val,90496,43008,1024,1024,0.3,0.0,29816.33799999727,0.0,-0.3,37353.82099966362,29816.33799999727,37046.620999663624,30123.537999997272,37353.82099966362,EPSG:3414
tile_x91392_y43008.png,val,91392,43008,1024,1024,0.3,0.0,30085.13799999727,0.0,-0.3,37353.82099966362,30085.13799999727,37046.620999663624,30392.33799999727,37353.82099966362,EPSG:3414
tile_x94976_y43008.png,val,94976,43008,1024,1024,0.3,0.0,31160.33799999727,0.0,-0.3,37353.82099966362,31160.33799999727,37046.620999663624,31467.537999997272,37353.82099966362,EPSG:3414
tile_x95872_y43008.png,val,95872,43008,1024,1024,0.3,0.0,31429.13799999727,0.0,-0.3,37353.82099966362,31429.13799999727,37046.620999663624,31736.33799999727,37353.82099966362,EPSG:3414
tile_x96768_y43008.png,val,96768,43008,1024,1024,0.3,0.0,31697.93799999727,0.0,-0.3,37353.82099966362,31697.93799999727,37046.620999663624,32005.13799999727,37353.82099966362,EPSG:3414
tile_x97664_y43008.png,val,97664,43008,1024,1024,0.3,0.0,31966.737999997273,0.0,-0.3,37353.82099966362,31966.737999997273,37046.620999663624,32273.93799999727,37353.82099966362,EPSG:3414
tile_x98560_y43008.png,val,98560,43008,1024,1024,0.3,0.0,32235.537999997272,0.0,-0.3,37353.82099966362,32235.537999997272,37046.620999663624,32542.73799999727,37353.82099966362,EPSG:3414
tile_x99456_y43008.png,val,99456,43008,1024,1024,0.3,0.0,32504.33799999727,0.0,-0.3,37353.82099966362,32504.33799999727,37046.620999663624,32811.53799999727,37353.82099966362,EPSG:3414
tile_x100352_y43008.png,val,100352,43008,1024,1024,0.3,0.0,32773.13799999727,0.0,-0.3,37353.82099966362,32773.13799999727,37046.620999663624,33080.33799999727,37353.82099966362,EPSG:3414
tile_x101248_y43008.png,val,101248,43008,1024,1024,0.3,0.0,33041.93799999727,0.0,-0.3,37353.82099966362,33041.93799999727,37046.620999663624,33349.13799999727,37353.82099966362,EPSG:3414
tile_x103040_y43008.png,train,103040,43008,1024,1024,0.3,0.0,33579.53799999727,0.0,-0.3,37353.82099966362,33579.53799999727,37046.620999663624,33886.73799999727,37353.82099966362,EPSG:3414
tile_x103936_y43008.png,train,103936,43008,1024,1024,0.3,0.0,33848.33799999727,0.0,-0.3,37353.82099966362,33848.33799999727,37046.620999663624,34155.53799999727,37353.82099966362,EPSG:3414
tile_x105728_y43008.png,train,105728,43008,1024,1024,0.3,0.0,34385.93799999727,0.0,-0.3,37353.82099966362,34385.93799999727,37046.620999663624,34693.13799999727,37353.82099966362,EPSG:3414
tile_x118272_y43008.png,train,118272,43008,1024,1024,0.3,0.0,38149.13799999727,0.0,-0.3,37353.82099966362,38149.13799999727,37046.620999663624,38456.33799999727,37353.82099966362,EPSG:3414
tile_x119168_y43008.png,train,119168,43008,1024,1024,0.3,0.0,38417.93799999727,0.0,-0.3,37353.82099966362,38417.93799999727,37046.620999663624,38725.13799999727,37353.82099966362,EPSG:3414
tile_x123648_y43008.png,train,123648,43008,1024,1024,0.3,0.0,39761.93799999727,0.0,-0.3,37353.82099966362,39761.93799999727,37046.620999663624,40069.13799999727,37353.82099966362,EPSG:3414
tile_x124544_y43008.png,train,124544,43008,1024,1024,0.3,0.0,40030.73799999727,0.0,-0.3,37353.82099966362,40030.73799999727,37046.620999663624,40337.93799999727,37353.82099966362,EPSG:3414
tile_x125440_y43008.png,train,125440,43008,1024,1024,0.3,0.0,40299.53799999727,0.0,-0.3,37353.82099966362,40299.53799999727,37046.620999663624,40606.73799999727,37353.82099966362,EPSG:3414
tile_x126336_y43008.png,train,126336,43008,1024,1024,0.3,0.0,40568.33799999727,0.0,-0.3,37353.82099966362,40568.33799999727,37046.620999663624,40875.53799999727,37353.82099966362,EPSG:3414
tile_x127232_y43008.png,train,127232,43008,1024,1024,0.3,0.0,40837.13799999727,0.0,-0.3,37353.82099966362,40837.13799999727,37046.620999663624,41144.33799999727,37353.82099966362,EPSG:3414
tile_x128128_y43008.png,train,128128,43008,1024,1024,0.3,0.0,41105.93799999727,0.0,-0.3,37353.82099966362,41105.93799999727,37046.620999663624,41413.13799999727,37353.82099966362,EPSG:3414
tile_x129024_y43008.png,train,129024,43008,1024,1024,0.3,0.0,41374.73799999727,0.0,-0.3,37353.82099966362,41374.73799999727,37046.620999663624,41681.93799999727,37353.82099966362,EPSG:3414
tile_x129920_y43008.png,train,129920,43008,1024,1024,0.3,0.0,41643.53799999727,0.0,-0.3,37353.82099966362,41643.53799999727,37046.620999663624,41950.73799999727,37353.82099966362,EPSG:3414
tile_x130816_y43008.png,train,130816,43008,1024,1024,0.3,0.0,41912.33799999727,0.0,-0.3,37353.82099966362,41912.33799999727,37046.620999663624,42219.53799999727,37353.82099966362,EPSG:3414
tile_x131712_y43008.png,train,131712,43008,1024,1024,0.3,0.0,42181.13799999727,0.0,-0.3,37353.82099966362,42181.13799999727,37046.620999663624,42488.33799999727,37353.82099966362,EPSG:3414
tile_x37632_y43904.png,train,37632,43904,1024,1024,0.3,0.0,13957.137999997272,0.0,-0.3,37085.020999663626,13957.137999997272,36777.82099966362,14264.337999997271,37085.020999663626,EPSG:3414
tile_x39424_y43904.png,train,39424,43904,1024,1024,0.3,0.0,14494.73799999727,0.0,-0.3,37085.020999663626,14494.73799999727,36777.82099966362,14801.937999997272,37085.020999663626,EPSG:3414
tile_x42112_y43904.png,train,42112,43904,1024,1024,0.3,0.0,15301.137999997272,0.0,-0.3,37085.020999663626,15301.137999997272,36777.82099966362,15608.337999997271,37085.020999663626,EPSG:3414
tile_x43008_y43904.png,train,43008,43904,1024,1024,0.3,0.0,15569.937999997272,0.0,-0.3,37085.020999663626,15569.937999997272,36777.82099966362,15877.137999997272,37085.020999663626,EPSG:3414
tile_x43904_y43904.png,train,43904,43904,1024,1024,0.3,0.0,15838.73799999727,0.0,-0.3,37085.020999663626,15838.73799999727,36777.82099966362,16145.937999997272,37085.020999663626,EPSG:3414
tile_x48384_y43904.png,train,48384,43904,1024,1024,0.3,0.0,17182.73799999727,0.0,-0.3,37085.020999663626,17182.73799999727,36777.82099966362,17489.937999997273,37085.020999663626,EPSG:3414
tile_x49280_y43904.png,train,49280,43904,1024,1024,0.3,0.0,17451.537999997272,0.0,-0.3,37085.020999663626,17451.537999997272,36777.82099966362,17758.73799999727,37085.020999663626,EPSG:3414
tile_x50176_y43904.png,train,50176,43904,1024,1024,0.3,0.0,17720.33799999727,0.0,-0.3,37085.020999663626,17720.33799999727,36777.82099966362,18027.537999997272,37085.020999663626,EPSG:3414
tile_x51072_y43904.png,train,51072,43904,1024,1024,0.3,0.0,17989.13799999727,0.0,-0.3,37085.020999663626,17989.13799999727,36777.82099966362,18296.33799999727,37085.020999663626,EPSG:3414
tile_x51968_y43904.png,train,51968,43904,1024,1024,0.3,0.0,18257.937999997273,0.0,-0.3,37085.020999663626,18257.937999997273,36777.82099966362,18565.13799999727,37085.020999663626,EPSG:3414
tile_x52864_y43904.png,train,52864,43904,1024,1024,0.3,0.0,18526.73799999727,0.0,-0.3,37085.020999663626,18526.73799999727,36777.82099966362,18833.937999997273,37085.020999663626,EPSG:3414
tile_x53760_y43904.png,train,53760,43904,1024,1024,0.3,0.0,18795.537999997272,0.0,-0.3,37085.020999663626,18795.537999997272,36777.82099966362,19102.737999997273,37085.020999663626,EPSG:3414
tile_x54656_y43904.png,train,54656,43904,1024,1024,0.3,0.0,19064.33799999727,0.0,-0.3,37085.020999663626,19064.33799999727,36777.82099966362,19371.537999997272,37085.020999663626,EPSG:3414
tile_x85120_y43904.png,train,85120,43904,1024,1024,0.3,0.0,28203.537999997272,0.0,-0.3,37085.020999663626,28203.537999997272,36777.82099966362,28510.737999997273,37085.020999663626,EPSG:3414
tile_x86016_y43904.png,train,86016,43904,1024,1024,0.3,0.0,28472.33799999727,0.0,-0.3,37085.020999663626,28472.33799999727,36777.82099966362,28779.537999997272,37085.020999663626,EPSG:3414
tile_x89600_y43904.png,val,89600,43904,1024,1024,0.3,0.0,29547.537999997272,0.0,-0.3,37085.020999663626,29547.537999997272,36777.82099966362,29854.737999997273,37085.020999663626,EPSG:3414
tile_x90496_y43904.png,val,90496,43904,1024,1024,0.3,0.0,29816.33799999727,0.0,-0.3,37085.020999663626,29816.33799999727,36777.82099966362,30123.537999997272,37085.020999663626,EPSG:3414
tile_x91392_y43904.png,val,91392,43904,1024,1024,0.3,0.0,30085.13799999727,0.0,-0.3,37085.020999663626,30085.13799999727,36777.82099966362,30392.33799999727,37085.020999663626,EPSG:3414
tile_x93184_y43904.png,val,93184,43904,1024,1024,0.3,0.0,30622.737999997273,0.0,-0.3,37085.020999663626,30622.737999997273,36777.82099966362,30929.93799999727,37085.020999663626,EPSG:3414
tile_x94080_y43904.png,val,94080,43904,1024,1024,0.3,0.0,30891.537999997272,0.0,-0.3,37085.020999663626,30891.537999997272,36777.82099966362,31198.737999997273,37085.020999663626,EPSG:3414
tile_x94976_y43904.png,val,94976,43904,1024,1024,0.3,0.0,31160.33799999727,0.0,-0.3,37085.020999663626,31160.33799999727,36777.82099966362,31467.537999997272,37085.020999663626,EPSG:3414
tile_x95872_y43904.png,val,95872,43904,1024,1024,0.3,0.0,31429.13799999727,0.0,-0.3,37085.020999663626,31429.13799999727,36777.82099966362,31736.33799999727,37085.020999663626,EPSG:3414
tile_x96768_y43904.png,val,96768,43904,1024,1024,0.3,0.0,31697.93799999727,0.0,-0.3,37085.020999663626,31697.93799999727,36777.82099966362,32005.13799999727,37085.020999663626,EPSG:3414
tile_x97664_y43904.png,val,97664,43904,1024,1024,0.3,0.0,31966.737999997273,0.0,-0.3,37085.020999663626,31966.737999997273,36777.82099966362,32273.93799999727,37085.020999663626,EPSG:3414
tile_x98560_y43904.png,val,98560,43904,1024,1024,0.3,0.0,32235.537999997272,0.0,-0.3,37085.020999663626,32235.537999997272,36777.82099966362,32542.73799999727,37085.020999663626,EPSG:3414
tile_x99456_y43904.png,val,99456,43904,1024,1024,0.3,0.0,32504.33799999727,0.0,-0.3,37085.020999663626,32504.33799999727,36777.82099966362,32811.53799999727,37085.020999663626,EPSG:3414
tile_x100352_y43904.png,val,100352,43904,1024,1024,0.3,0.0,32773.13799999727,0.0,-0.3,37085.020999663626,32773.13799999727,36777.82099966362,33080.33799999727,37085.020999663626,EPSG:3414
tile_x103040_y43904.png,train,103040,43904,1024,1024,0.3,0.0,33579.53799999727,0.0,-0.3,37085.020999663626,33579.53799999727,36777.82099966362,33886.73799999727,37085.020999663626,EPSG:3414
tile_x104832_y43904.png,train,104832,43904,1024,1024,0.3,0.0,34117.13799999727,0.0,-0.3,37085.020999663626,34117.13799999727,36777.82099966362,34424.33799999727,37085.020999663626,EPSG:3414
tile_x108416_y43904.png,train,108416,43904,1024,1024,0.3,0.0,35192.33799999727,0.0,-0.3,37085.020999663626,35192.33799999727,36777.82099966362,35499.53799999727,37085.020999663626,EPSG:3414
tile_x119168_y43904.png,train,119168,43904,1024,1024,0.3,0.0,38417.93799999727,0.0,-0.3,37085.020999663626,38417.93799999727,36777.82099966362,38725.13799999727,37085.020999663626,EPSG:3414
tile_x120064_y43904.png,train,120064,43904,1024,1024,0.3,0.0,38686.73799999727,0.0,-0.3,37085.020999663626,38686.73799999727,36777.82099966362,38993.93799999727,37085.020999663626,EPSG:3414
tile_x121856_y43904.png,train,121856,43904,1024,1024,0.3,0.0,39224.33799999727,0.0,-0.3,37085.020999663626,39224.33799999727,36777.82099966362,39531.53799999727,37085.020999663626,EPSG:3414
tile_x122752_y43904.png,train,122752,43904,1024,1024,0.3,0.0,39493.13799999727,0.0,-0.3,37085.020999663626,39493.13799999727,36777.82099966362,39800.33799999727,37085.020999663626,EPSG:3414
tile_x123648_y43904.png,train,123648,43904,1024,1024,0.3,0.0,39761.93799999727,0.0,-0.3,37085.020999663626,39761.93799999727,36777.82099966362,40069.13799999727,37085.020999663626,EPSG:3414
tile_x124544_y43904.png,train,124544,43904,1024,1024,0.3,0.0,40030.73799999727,0.0,-0.3,37085.020999663626,40030.73799999727,36777.82099966362,40337.93799999727,37085.020999663626,EPSG:3414
tile_x125440_y43904.png,train,125440,43904,1024,1024,0.3,0.0,40299.53799999727,0.0,-0.3,37085.020999663626,40299.53799999727,36777.82099966362,40606.73799999727,37085.020999663626,EPSG:3414
tile_x127232_y43904.png,train,127232,43904,1024,1024,0.3,0.0,40837.13799999727,0.0,-0.3,37085.020999663626,40837.13799999727,36777.82099966362,41144.33799999727,37085.020999663626,EPSG:3414
tile_x128128_y43904.png,train,128128,43904,1024,1024,0.3,0.0,41105.93799999727,0.0,-0.3,37085.020999663626,41105.93799999727,36777.82099966362,41413.13799999727,37085.020999663626,EPSG:3414
tile_x129024_y43904.png,train,129024,43904,1024,1024,0.3,0.0,41374.73799999727,0.0,-0.3,37085.020999663626,41374.73799999727,36777.82099966362,41681.93799999727,37085.020999663626,EPSG:3414
tile_x33152_y44800.png,train,33152,44800,1024,1024,0.3,0.0,12613.137999997272,0.0,-0.3,36816.22099966362,12613.137999997272,36509.020999663626,12920.337999997271,36816.22099966362,EPSG:3414
tile_x34048_y44800.png,train,34048,44800,1024,1024,0.3,0.0,12881.937999997272,0.0,-0.3,36816.22099966362,12881.937999997272,36509.020999663626,13189.137999997272,36816.22099966362,EPSG:3414
tile_x40320_y44800.png,train,40320,44800,1024,1024,0.3,0.0,14763.537999997272,0.0,-0.3,36816.22099966362,14763.537999997272,36509.020999663626,15070.73799999727,36816.22099966362,EPSG:3414
tile_x41216_y44800.png,val,41216,44800,1024,1024,0.3,0.0,15032.337999997271,0.0,-0.3,36816.22099966362,15032.337999997271,36509.020999663626,15339.537999997272,36816.22099966362,EPSG:3414
tile_x42112_y44800.png,val,42112,44800,1024,1024,0.3,0.0,15301.137999997272,0.0,-0.3,36816.22099966362,15301.137999997272,36509.020999663626,15608.337999997271,36816.22099966362,EPSG:3414
tile_x43008_y44800.png,val,43008,44800,1024,1024,0.3,0.0,15569.937999997272,0.0,-0.3,36816.22099966362,15569.937999997272,36509.020999663626,15877.137999997272,36816.22099966362,EPSG:3414
tile_x43904_y44800.png,val,43904,44800,1024,1024,0.3,0.0,15838.73799999727,0.0,-0.3,36816.22099966362,15838.73799999727,36509.020999663626,16145.937999997272,36816.22099966362,EPSG:3414
tile_x46592_y44800.png,train,46592,44800,1024,1024,0.3,0.0,16645.13799999727,0.0,-0.3,36816.22099966362,16645.13799999727,36509.020999663626,16952.33799999727,36816.22099966362,EPSG:3414
tile_x51968_y44800.png,train,51968,44800,1024,1024,0.3,0.0,18257.937999997273,0.0,-0.3,36816.22099966362,18257.937999997273,36509.020999663626,18565.13799999727,36816.22099966362,EPSG:3414
tile_x52864_y44800.png,train,52864,44800,1024,1024,0.3,0.0,18526.73799999727,0.0,-0.3,36816.22099966362,18526.73799999727,36509.020999663626,18833.937999997273,36816.22099966362,EPSG:3414
tile_x53760_y44800.png,train,53760,44800,1024,1024,0.3,0.0,18795.537999997272,0.0,-0.3,36816.22099966362,18795.537999997272,36509.020999663626,19102.737999997273,36816.22099966362,EPSG:3414
tile_x54656_y44800.png,train,54656,44800,1024,1024,0.3,0.0,19064.33799999727,0.0,-0.3,36816.22099966362,19064.33799999727,36509.020999663626,19371.537999997272,36816.22099966362,EPSG:3414
tile_x55552_y44800.png,train,55552,44800,1024,1024,0.3,0.0,19333.13799999727,0.0,-0.3,36816.22099966362,19333.13799999727,36509.020999663626,19640.33799999727,36816.22099966362,EPSG:3414
tile_x56448_y44800.png,train,56448,44800,1024,1024,0.3,0.0,19601.93799999727,0.0,-0.3,36816.22099966362,19601.93799999727,36509.020999663626,19909.13799999727,36816.22099966362,EPSG:3414
tile_x57344_y44800.png,val,57344,44800,1024,1024,0.3,0.0,19870.737999997273,0.0,-0.3,36816.22099966362,19870.737999997273,36509.020999663626,20177.93799999727,36816.22099966362,EPSG:3414
tile_x60928_y44800.png,train,60928,44800,1024,1024,0.3,0.0,20945.93799999727,0.0,-0.3,36816.22099966362,20945.93799999727,36509.020999663626,21253.13799999727,36816.22099966362,EPSG:3414
tile_x86016_y44800.png,train,86016,44800,1024,1024,0.3,0.0,28472.33799999727,0.0,-0.3,36816.22099966362,28472.33799999727,36509.020999663626,28779.537999997272,36816.22099966362,EPSG:3414
tile_x86912_y44800.png,train,86912,44800,1024,1024,0.3,0.0,28741.13799999727,0.0,-0.3,36816.22099966362,28741.13799999727,36509.020999663626,29048.33799999727,36816.22099966362,EPSG:3414
tile_x88704_y44800.png,train,88704,44800,1024,1024,0.3,0.0,29278.737999997273,0.0,-0.3,36816.22099966362,29278.737999997273,36509.020999663626,29585.93799999727,36816.22099966362,EPSG:3414
tile_x91392_y44800.png,train,91392,44800,1024,1024,0.3,0.0,30085.13799999727,0.0,-0.3,36816.22099966362,30085.13799999727,36509.020999663626,30392.33799999727,36816.22099966362,EPSG:3414
tile_x92288_y44800.png,train,92288,44800,1024,1024,0.3,0.0,30353.93799999727,0.0,-0.3,36816.22099966362,30353.93799999727,36509.020999663626,30661.13799999727,36816.22099966362,EPSG:3414
tile_x93184_y44800.png,train,93184,44800,1024,1024,0.3,0.0,30622.737999997273,0.0,-0.3,36816.22099966362,30622.737999997273,36509.020999663626,30929.93799999727,36816.22099966362,EPSG:3414
tile_x97664_y44800.png,train,97664,44800,1024,1024,0.3,0.0,31966.737999997273,0.0,-0.3,36816.22099966362,31966.737999997273,36509.020999663626,32273.93799999727,36816.22099966362,EPSG:3414
tile_x98560_y44800.png,val,98560,44800,1024,1024,0.3,0.0,32235.537999997272,0.0,-0.3,36816.22099966362,32235.537999997272,36509.020999663626,32542.73799999727,36816.22099966362,EPSG:3414
tile_x99456_y44800.png,val,99456,44800,1024,1024,0.3,0.0,32504.33799999727,0.0,-0.3,36816.22099966362,32504.33799999727,36509.020999663626,32811.53799999727,36816.22099966362,EPSG:3414
tile_x101248_y44800.png,val,101248,44800,1024,1024,0.3,0.0,33041.93799999727,0.0,-0.3,36816.22099966362,33041.93799999727,36509.020999663626,33349.13799999727,36816.22099966362,EPSG:3414
tile_x120064_y44800.png,val,120064,44800,1024,1024,0.3,0.0,38686.73799999727,0.0,-0.3,36816.22099966362,38686.73799999727,36509.020999663626,38993.93799999727,36816.22099966362,EPSG:3414
tile_x120960_y44800.png,val,120960,44800,1024,1024,0.3,0.0,38955.53799999727,0.0,-0.3,36816.22099966362,38955.53799999727,36509.020999663626,39262.73799999727,36816.22099966362,EPSG:3414
tile_x121856_y44800.png,val,121856,44800,1024,1024,0.3,0.0,39224.33799999727,0.0,-0.3,36816.22099966362,39224.33799999727,36509.020999663626,39531.53799999727,36816.22099966362,EPSG:3414
tile_x122752_y44800.png,train,122752,44800,1024,1024,0.3,0.0,39493.13799999727,0.0,-0.3,36816.22099966362,39493.13799999727,36509.020999663626,39800.33799999727,36816.22099966362,EPSG:3414
tile_x123648_y44800.png,train,123648,44800,1024,1024,0.3,0.0,39761.93799999727,0.0,-0.3,36816.22099966362,39761.93799999727,36509.020999663626,40069.13799999727,36816.22099966362,EPSG:3414
tile_x124544_y44800.png,train,124544,44800,1024,1024,0.3,0.0,40030.73799999727,0.0,-0.3,36816.22099966362,40030.73799999727,36509.020999663626,40337.93799999727,36816.22099966362,EPSG:3414
tile_x125440_y44800.png,train,125440,44800,1024,1024,0.3,0.0,40299.53799999727,0.0,-0.3,36816.22099966362,40299.53799999727,36509.020999663626,40606.73799999727,36816.22099966362,EPSG:3414
tile_x128128_y44800.png,train,128128,44800,1024,1024,0.3,0.0,41105.93799999727,0.0,-0.3,36816.22099966362,41105.93799999727,36509.020999663626,41413.13799999727,36816.22099966362,EPSG:3414
tile_x129024_y44800.png,train,129024,44800,1024,1024,0.3,0.0,41374.73799999727,0.0,-0.3,36816.22099966362,41374.73799999727,36509.020999663626,41681.93799999727,36816.22099966362,EPSG:3414
tile_x129920_y44800.png,train,129920,44800,1024,1024,0.3,0.0,41643.53799999727,0.0,-0.3,36816.22099966362,41643.53799999727,36509.020999663626,41950.73799999727,36816.22099966362,EPSG:3414
tile_x131712_y44800.png,train,131712,44800,1024,1024,0.3,0.0,42181.13799999727,0.0,-0.3,36816.22099966362,42181.13799999727,36509.020999663626,42488.33799999727,36816.22099966362,EPSG:3414
tile_x31360_y45696.png,val,31360,45696,1024,1024,0.3,0.0,12075.537999997272,0.0,-0.3,36547.42099966362,12075.537999997272,36240.22099966362,12382.73799999727,36547.42099966362,EPSG:3414
tile_x34048_y45696.png,train,34048,45696,1024,1024,0.3,0.0,12881.937999997272,0.0,-0.3,36547.42099966362,12881.937999997272,36240.22099966362,13189.137999997272,36547.42099966362,EPSG:3414
tile_x36736_y45696.png,train,36736,45696,1024,1024,0.3,0.0,13688.337999997271,0.0,-0.3,36547.42099966362,13688.337999997271,36240.22099966362,13995.537999997272,36547.42099966362,EPSG:3414
tile_x37632_y45696.png,train,37632,45696,1024,1024,0.3,0.0,13957.137999997272,0.0,-0.3,36547.42099966362,13957.137999997272,36240.22099966362,14264.337999997271,36547.42099966362,EPSG:3414
tile_x41216_y45696.png,val,41216,45696,1024,1024,0.3,0.0,15032.337999997271,0.0,-0.3,36547.42099966362,15032.337999997271,36240.22099966362,15339.537999997272,36547.42099966362,EPSG:3414
tile_x42112_y45696.png,val,42112,45696,1024,1024,0.3,0.0,15301.137999997272,0.0,-0.3,36547.42099966362,15301.137999997272,36240.22099966362,15608.337999997271,36547.42099966362,EPSG:3414
tile_x43008_y45696.png,val,43008,45696,1024,1024,0.3,0.0,15569.937999997272,0.0,-0.3,36547.42099966362,15569.937999997272,36240.22099966362,15877.137999997272,36547.42099966362,EPSG:3414
tile_x43904_y45696.png,val,43904,45696,1024,1024,0.3,0.0,15838.73799999727,0.0,-0.3,36547.42099966362,15838.73799999727,36240.22099966362,16145.937999997272,36547.42099966362,EPSG:3414
tile_x46592_y45696.png,train,46592,45696,1024,1024,0.3,0.0,16645.13799999727,0.0,-0.3,36547.42099966362,16645.13799999727,36240.22099966362,16952.33799999727,36547.42099966362,EPSG:3414
tile_x47488_y45696.png,train,47488,45696,1024,1024,0.3,0.0,16913.937999997273,0.0,-0.3,36547.42099966362,16913.937999997273,36240.22099966362,17221.13799999727,36547.42099966362,EPSG:3414
tile_x48384_y45696.png,train,48384,45696,1024,1024,0.3,0.0,17182.73799999727,0.0,-0.3,36547.42099966362,17182.73799999727,36240.22099966362,17489.937999997273,36547.42099966362,EPSG:3414
tile_x49280_y45696.png,train,49280,45696,1024,1024,0.3,0.0,17451.537999997272,0.0,-0.3,36547.42099966362,17451.537999997272,36240.22099966362,17758.73799999727,36547.42099966362,EPSG:3414
tile_x50176_y45696.png,train,50176,45696,1024,1024,0.3,0.0,17720.33799999727,0.0,-0.3,36547.42099966362,17720.33799999727,36240.22099966362,18027.537999997272,36547.42099966362,EPSG:3414
tile_x52864_y45696.png,train,52864,45696,1024,1024,0.3,0.0,18526.73799999727,0.0,-0.3,36547.42099966362,18526.73799999727,36240.22099966362,18833.937999997273,36547.42099966362,EPSG:3414
tile_x53760_y45696.png,train,53760,45696,1024,1024,0.3,0.0,18795.537999997272,0.0,-0.3,36547.42099966362,18795.537999997272,36240.22099966362,19102.737999997273,36547.42099966362,EPSG:3414
tile_x54656_y45696.png,train,54656,45696,1024,1024,0.3,0.0,19064.33799999727,0.0,-0.3,36547.42099966362,19064.33799999727,36240.22099966362,19371.537999997272,36547.42099966362,EPSG:3414
tile_x55552_y45696.png,train,55552,45696,1024,1024,0.3,0.0,19333.13799999727,0.0,-0.3,36547.42099966362,19333.13799999727,36240.22099966362,19640.33799999727,36547.42099966362,EPSG:3414
tile_x56448_y45696.png,train,56448,45696,1024,1024,0.3,0.0,19601.93799999727,0.0,-0.3,36547.42099966362,19601.93799999727,36240.22099966362,19909.13799999727,36547.42099966362,EPSG:3414
tile_x60032_y45696.png,val,60032,45696,1024,1024,0.3,0.0,20677.13799999727,0.0,-0.3,36547.42099966362,20677.13799999727,36240.22099966362,20984.33799999727,36547.42099966362,EPSG:3414
tile_x60928_y45696.png,train,60928,45696,1024,1024,0.3,0.0,20945.93799999727,0.0,-0.3,36547.42099966362,20945.93799999727,36240.22099966362,21253.13799999727,36547.42099966362,EPSG:3414
tile_x61824_y45696.png,train,61824,45696,1024,1024,0.3,0.0,21214.737999997273,0.0,-0.3,36547.42099966362,21214.737999997273,36240.22099966362,21521.93799999727,36547.42099966362,EPSG:3414
tile_x62720_y45696.png,train,62720,45696,1024,1024,0.3,0.0,21483.537999997272,0.0,-0.3,36547.42099966362,21483.537999997272,36240.22099966362,21790.737999997273,36547.42099966362,EPSG:3414
tile_x86016_y45696.png,train,86016,45696,1024,1024,0.3,0.0,28472.33799999727,0.0,-0.3,36547.42099966362,28472.33799999727,36240.22099966362,28779.537999997272,36547.42099966362,EPSG:3414
tile_x86912_y45696.png,train,86912,45696,1024,1024,0.3,0.0,28741.13799999727,0.0,-0.3,36547.42099966362,28741.13799999727,36240.22099966362,29048.33799999727,36547.42099966362,EPSG:3414
tile_x87808_y45696.png,train,87808,45696,1024,1024,0.3,0.0,29009.93799999727,0.0,-0.3,36547.42099966362,29009.93799999727,36240.22099966362,29317.13799999727,36547.42099966362,EPSG:3414
tile_x88704_y45696.png,train,88704,45696,1024,1024,0.3,0.0,29278.737999997273,0.0,-0.3,36547.42099966362,29278.737999997273,36240.22099966362,29585.93799999727,36547.42099966362,EPSG:3414
tile_x89600_y45696.png,train,89600,45696,1024,1024,0.3,0.0,29547.537999997272,0.0,-0.3,36547.42099966362,29547.537999997272,36240.22099966362,29854.737999997273,36547.42099966362,EPSG:3414
tile_x90496_y45696.png,train,90496,45696,1024,1024,0.3,0.0,29816.33799999727,0.0,-0.3,36547.42099966362,29816.33799999727,36240.22099966362,30123.537999997272,36547.42099966362,EPSG:3414
tile_x98560_y45696.png,val,98560,45696,1024,1024,0.3,0.0,32235.537999997272,0.0,-0.3,36547.42099966362,32235.537999997272,36240.22099966362,32542.73799999727,36547.42099966362,EPSG:3414
tile_x102144_y45696.png,train,102144,45696,1024,1024,0.3,0.0,33310.73799999727,0.0,-0.3,36547.42099966362,33310.73799999727,36240.22099966362,33617.93799999727,36547.42099966362,EPSG:3414
tile_x104832_y45696.png,train,104832,45696,1024,1024,0.3,0.0,34117.13799999727,0.0,-0.3,36547.42099966362,34117.13799999727,36240.22099966362,34424.33799999727,36547.42099966362,EPSG:3414
tile_x105728_y45696.png,train,105728,45696,1024,1024,0.3,0.0,34385.93799999727,0.0,-0.3,36547.42099966362,34385.93799999727,36240.22099966362,34693.13799999727,36547.42099966362,EPSG:3414
tile_x120960_y45696.png,val,120960,45696,1024,1024,0.3,0.0,38955.53799999727,0.0,-0.3,36547.42099966362,38955.53799999727,36240.22099966362,39262.73799999727,36547.42099966362,EPSG:3414
tile_x121856_y45696.png,val,121856,45696,1024,1024,0.3,0.0,39224.33799999727,0.0,-0.3,36547.42099966362,39224.33799999727,36240.22099966362,39531.53799999727,36547.42099966362,EPSG:3414
tile_x122752_y45696.png,train,122752,45696,1024,1024,0.3,0.0,39493.13799999727,0.0,-0.3,36547.42099966362,39493.13799999727,36240.22099966362,39800.33799999727,36547.42099966362,EPSG:3414
tile_x123648_y45696.png,train,123648,45696,1024,1024,0.3,0.0,39761.93799999727,0.0,-0.3,36547.42099966362,39761.93799999727,36240.22099966362,40069.13799999727,36547.42099966362,EPSG:3414
tile_x124544_y45696.png,train,124544,45696,1024,1024,0.3,0.0,40030.73799999727,0.0,-0.3,36547.42099966362,40030.73799999727,36240.22099966362,40337.93799999727,36547.42099966362,EPSG:3414
tile_x125440_y45696.png,train,125440,45696,1024,1024,0.3,0.0,40299.53799999727,0.0,-0.3,36547.42099966362,40299.53799999727,36240.22099966362,40606.73799999727,36547.42099966362,EPSG:3414
tile_x127232_y45696.png,train,127232,45696,1024,1024,0.3,0.0,40837.13799999727,0.0,-0.3,36547.42099966362,40837.13799999727,36240.22099966362,41144.33799999727,36547.42099966362,EPSG:3414
tile_x128128_y45696.png,train,128128,45696,1024,1024,0.3,0.0,41105.93799999727,0.0,-0.3,36547.42099966362,41105.93799999727,36240.22099966362,41413.13799999727,36547.42099966362,EPSG:3414
tile_x129024_y45696.png,train,129024,45696,1024,1024,0.3,0.0,41374.73799999727,0.0,-0.3,36547.42099966362,41374.73799999727,36240.22099966362,41681.93799999727,36547.42099966362,EPSG:3414
tile_x129920_y45696.png,train,129920,45696,1024,1024,0.3,0.0,41643.53799999727,0.0,-0.3,36547.42099966362,41643.53799999727,36240.22099966362,41950.73799999727,36547.42099966362,EPSG:3414
tile_x131712_y45696.png,train,131712,45696,1024,1024,0.3,0.0,42181.13799999727,0.0,-0.3,36547.42099966362,42181.13799999727,36240.22099966362,42488.33799999727,36547.42099966362,EPSG:3414
tile_x132608_y45696.png,train,132608,45696,1024,1024,0.3,0.0,42449.93799999727,0.0,-0.3,36547.42099966362,42449.93799999727,36240.22099966362,42757.13799999727,36547.42099966362,EPSG:3414
tile_x29568_y46592.png,val,29568,46592,1024,1024,0.3,0.0,11537.937999997272,0.0,-0.3,36278.620999663624,11537.937999997272,35971.42099966362,11845.137999997272,36278.620999663624,EPSG:3414
tile_x30464_y46592.png,val,30464,46592,1024,1024,0.3,0.0,11806.73799999727,0.0,-0.3,36278.620999663624,11806.73799999727,35971.42099966362,12113.937999997272,36278.620999663624,EPSG:3414
tile_x31360_y46592.png,val,31360,46592,1024,1024,0.3,0.0,12075.537999997272,0.0,-0.3,36278.620999663624,12075.537999997272,35971.42099966362,12382.73799999727,36278.620999663624,EPSG:3414
tile_x33152_y46592.png,train,33152,46592,1024,1024,0.3,0.0,12613.137999997272,0.0,-0.3,36278.620999663624,12613.137999997272,35971.42099966362,12920.337999997271,36278.620999663624,EPSG:3414
tile_x34048_y46592.png,train,34048,46592,1024,1024,0.3,0.0,12881.937999997272,0.0,-0.3,36278.620999663624,12881.937999997272,35971.42099966362,13189.137999997272,36278.620999663624,EPSG:3414
tile_x35840_y46592.png,train,35840,46592,1024,1024,0.3,0.0,13419.537999997272,0.0,-0.3,36278.620999663624,13419.537999997272,35971.42099966362,13726.73799999727,36278.620999663624,EPSG:3414
tile_x36736_y46592.png,train,36736,46592,1024,1024,0.3,0.0,13688.337999997271,0.0,-0.3,36278.620999663624,13688.337999997271,35971.42099966362,13995.537999997272,36278.620999663624,EPSG:3414
tile_x37632_y46592.png,train,37632,46592,1024,1024,0.3,0.0,13957.137999997272,0.0,-0.3,36278.620999663624,13957.137999997272,35971.42099966362,14264.337999997271,36278.620999663624,EPSG:3414
tile_x38528_y46592.png,train,38528,46592,1024,1024,0.3,0.0,14225.937999997272,0.0,-0.3,36278.620999663624,14225.937999997272,35971.42099966362,14533.137999997272,36278.620999663624,EPSG:3414
tile_x39424_y46592.png,train,39424,46592,1024,1024,0.3,0.0,14494.73799999727,0.0,-0.3,36278.620999663624,14494.73799999727,35971.42099966362,14801.937999997272,36278.620999663624,EPSG:3414
tile_x40320_y46592.png,train,40320,46592,1024,1024,0.3,0.0,14763.537999997272,0.0,-0.3,36278.620999663624,14763.537999997272,35971.42099966362,15070.73799999727,36278.620999663624,EPSG:3414
tile_x41216_y46592.png,val,41216,46592,1024,1024,0.3,0.0,15032.337999997271,0.0,-0.3,36278.620999663624,15032.337999997271,35971.42099966362,15339.537999997272,36278.620999663624,EPSG:3414
tile_x42112_y46592.png,val,42112,46592,1024,1024,0.3,0.0,15301.137999997272,0.0,-0.3,36278.620999663624,15301.137999997272,35971.42099966362,15608.337999997271,36278.620999663624,EPSG:3414
tile_x45696_y46592.png,train,45696,46592,1024,1024,0.3,0.0,16376.337999997271,0.0,-0.3,36278.620999663624,16376.337999997271,35971.42099966362,16683.537999997272,36278.620999663624,EPSG:3414
tile_x46592_y46592.png,train,46592,46592,1024,1024,0.3,0.0,16645.13799999727,0.0,-0.3,36278.620999663624,16645.13799999727,35971.42099966362,16952.33799999727,36278.620999663624,EPSG:3414
tile_x47488_y46592.png,train,47488,46592,1024,1024,0.3,0.0,16913.937999997273,0.0,-0.3,36278.620999663624,16913.937999997273,35971.42099966362,17221.13799999727,36278.620999663624,EPSG:3414
tile_x48384_y46592.png,train,48384,46592,1024,1024,0.3,0.0,17182.73799999727,0.0,-0.3,36278.620999663624,17182.73799999727,35971.42099966362,17489.937999997273,36278.620999663624,EPSG:3414
tile_x55552_y46592.png,train,55552,46592,1024,1024,0.3,0.0,19333.13799999727,0.0,-0.3,36278.620999663624,19333.13799999727,35971.42099966362,19640.33799999727,36278.620999663624,EPSG:3414
tile_x56448_y46592.png,train,56448,46592,1024,1024,0.3,0.0,19601.93799999727,0.0,-0.3,36278.620999663624,19601.93799999727,35971.42099966362,19909.13799999727,36278.620999663624,EPSG:3414
tile_x60032_y46592.png,val,60032,46592,1024,1024,0.3,0.0,20677.13799999727,0.0,-0.3,36278.620999663624,20677.13799999727,35971.42099966362,20984.33799999727,36278.620999663624,EPSG:3414
tile_x60928_y46592.png,train,60928,46592,1024,1024,0.3,0.0,20945.93799999727,0.0,-0.3,36278.620999663624,20945.93799999727,35971.42099966362,21253.13799999727,36278.620999663624,EPSG:3414
tile_x61824_y46592.png,train,61824,46592,1024,1024,0.3,0.0,21214.737999997273,0.0,-0.3,36278.620999663624,21214.737999997273,35971.42099966362,21521.93799999727,36278.620999663624,EPSG:3414
tile_x62720_y46592.png,train,62720,46592,1024,1024,0.3,0.0,21483.537999997272,0.0,-0.3,36278.620999663624,21483.537999997272,35971.42099966362,21790.737999997273,36278.620999663624,EPSG:3414
tile_x63616_y46592.png,train,63616,46592,1024,1024,0.3,0.0,21752.33799999727,0.0,-0.3,36278.620999663624,21752.33799999727,35971.42099966362,22059.537999997272,36278.620999663624,EPSG:3414
tile_x64512_y46592.png,train,64512,46592,1024,1024,0.3,0.0,22021.13799999727,0.0,-0.3,36278.620999663624,22021.13799999727,35971.42099966362,22328.33799999727,36278.620999663624,EPSG:3414
tile_x85120_y46592.png,val,85120,46592,1024,1024,0.3,0.0,28203.537999997272,0.0,-0.3,36278.620999663624,28203.537999997272,35971.42099966362,28510.737999997273,36278.620999663624,EPSG:3414
tile_x87808_y46592.png,train,87808,46592,1024,1024,0.3,0.0,29009.93799999727,0.0,-0.3,36278.620999663624,29009.93799999727,35971.42099966362,29317.13799999727,36278.620999663624,EPSG:3414
tile_x90496_y46592.png,train,90496,46592,1024,1024,0.3,0.0,29816.33799999727,0.0,-0.3,36278.620999663624,29816.33799999727,35971.42099966362,30123.537999997272,36278.620999663624,EPSG:3414
tile_x91392_y46592.png,train,91392,46592,1024,1024,0.3,0.0,30085.13799999727,0.0,-0.3,36278.620999663624,30085.13799999727,35971.42099966362,30392.33799999727,36278.620999663624,EPSG:3414
tile_x92288_y46592.png,train,92288,46592,1024,1024,0.3,0.0,30353.93799999727,0.0,-0.3,36278.620999663624,30353.93799999727,35971.42099966362,30661.13799999727,36278.620999663624,EPSG:3414
tile_x93184_y46592.png,train,93184,46592,1024,1024,0.3,0.0,30622.737999997273,0.0,-0.3,36278.620999663624,30622.737999997273,35971.42099966362,30929.93799999727,36278.620999663624,EPSG:3414
tile_x94080_y46592.png,train,94080,46592,1024,1024,0.3,0.0,30891.537999997272,0.0,-0.3,36278.620999663624,30891.537999997272,35971.42099966362,31198.737999997273,36278.620999663624,EPSG:3414
tile_x94976_y46592.png,train,94976,46592,1024,1024,0.3,0.0,31160.33799999727,0.0,-0.3,36278.620999663624,31160.33799999727,35971.42099966362,31467.537999997272,36278.620999663624,EPSG:3414
tile_x95872_y46592.png,train,95872,46592,1024,1024,0.3,0.0,31429.13799999727,0.0,-0.3,36278.620999663624,31429.13799999727,35971.42099966362,31736.33799999727,36278.620999663624,EPSG:3414
tile_x96768_y46592.png,train,96768,46592,1024,1024,0.3,0.0,31697.93799999727,0.0,-0.3,36278.620999663624,31697.93799999727,35971.42099966362,32005.13799999727,36278.620999663624,EPSG:3414
tile_x97664_y46592.png,train,97664,46592,1024,1024,0.3,0.0,31966.737999997273,0.0,-0.3,36278.620999663624,31966.737999997273,35971.42099966362,32273.93799999727,36278.620999663624,EPSG:3414
tile_x99456_y46592.png,val,99456,46592,1024,1024,0.3,0.0,32504.33799999727,0.0,-0.3,36278.620999663624,32504.33799999727,35971.42099966362,32811.53799999727,36278.620999663624,EPSG:3414
tile_x100352_y46592.png,val,100352,46592,1024,1024,0.3,0.0,32773.13799999727,0.0,-0.3,36278.620999663624,32773.13799999727,35971.42099966362,33080.33799999727,36278.620999663624,EPSG:3414
tile_x101248_y46592.png,val,101248,46592,1024,1024,0.3,0.0,33041.93799999727,0.0,-0.3,36278.620999663624,33041.93799999727,35971.42099966362,33349.13799999727,36278.620999663624,EPSG:3414
tile_x102144_y46592.png,train,102144,46592,1024,1024,0.3,0.0,33310.73799999727,0.0,-0.3,36278.620999663624,33310.73799999727,35971.42099966362,33617.93799999727,36278.620999663624,EPSG:3414
tile_x103040_y46592.png,train,103040,46592,1024,1024,0.3,0.0,33579.53799999727,0.0,-0.3,36278.620999663624,33579.53799999727,35971.42099966362,33886.73799999727,36278.620999663624,EPSG:3414
tile_x104832_y46592.png,train,104832,46592,1024,1024,0.3,0.0,34117.13799999727,0.0,-0.3,36278.620999663624,34117.13799999727,35971.42099966362,34424.33799999727,36278.620999663624,EPSG:3414
tile_x105728_y46592.png,train,105728,46592,1024,1024,0.3,0.0,34385.93799999727,0.0,-0.3,36278.620999663624,34385.93799999727,35971.42099966362,34693.13799999727,36278.620999663624,EPSG:3414
tile_x126336_y46592.png,train,126336,46592,1024,1024,0.3,0.0,40568.33799999727,0.0,-0.3,36278.620999663624,40568.33799999727,35971.42099966362,40875.53799999727,36278.620999663624,EPSG:3414
tile_x127232_y46592.png,train,127232,46592,1024,1024,0.3,0.0,40837.13799999727,0.0,-0.3,36278.620999663624,40837.13799999727,35971.42099966362,41144.33799999727,36278.620999663624,EPSG:3414
tile_x128128_y46592.png,train,128128,46592,1024,1024,0.3,0.0,41105.93799999727,0.0,-0.3,36278.620999663624,41105.93799999727,35971.42099966362,41413.13799999727,36278.620999663624,EPSG:3414
tile_x129024_y46592.png,train,129024,46592,1024,1024,0.3,0.0,41374.73799999727,0.0,-0.3,36278.620999663624,41374.73799999727,35971.42099966362,41681.93799999727,36278.620999663624,EPSG:3414
tile_x129920_y46592.png,train,129920,46592,1024,1024,0.3,0.0,41643.53799999727,0.0,-0.3,36278.620999663624,41643.53799999727,35971.42099966362,41950.73799999727,36278.620999663624,EPSG:3414
tile_x130816_y46592.png,train,130816,46592,1024,1024,0.3,0.0,41912.33799999727,0.0,-0.3,36278.620999663624,41912.33799999727,35971.42099966362,42219.53799999727,36278.620999663624,EPSG:3414
tile_x131712_y46592.png,train,131712,46592,1024,1024,0.3,0.0,42181.13799999727,0.0,-0.3,36278.620999663624,42181.13799999727,35971.42099966362,42488.33799999727,36278.620999663624,EPSG:3414
tile_x138880_y46592.png,train,138880,46592,1024,1024,0.3,0.0,44331.53799999727,0.0,-0.3,36278.620999663624,44331.53799999727,35971.42099966362,44638.73799999727,36278.620999663624,EPSG:3414
tile_x29568_y47488.png,val,29568,47488,1024,1024,0.3,0.0,11537.937999997272,0.0,-0.3,36009.82099966362,11537.937999997272,35702.620999663624,11845.137999997272,36009.82099966362,EPSG:3414
tile_x30464_y47488.png,val,30464,47488,1024,1024,0.3,0.0,11806.73799999727,0.0,-0.3,36009.82099966362,11806.73799999727,35702.620999663624,12113.937999997272,36009.82099966362,EPSG:3414
tile_x31360_y47488.png,val,31360,47488,1024,1024,0.3,0.0,12075.537999997272,0.0,-0.3,36009.82099966362,12075.537999997272,35702.620999663624,12382.73799999727,36009.82099966362,EPSG:3414
tile_x32256_y47488.png,train,32256,47488,1024,1024,0.3,0.0,12344.337999997271,0.0,-0.3,36009.82099966362,12344.337999997271,35702.620999663624,12651.537999997272,36009.82099966362,EPSG:3414
tile_x33152_y47488.png,train,33152,47488,1024,1024,0.3,0.0,12613.137999997272,0.0,-0.3,36009.82099966362,12613.137999997272,35702.620999663624,12920.337999997271,36009.82099966362,EPSG:3414
tile_x34048_y47488.png,train,34048,47488,1024,1024,0.3,0.0,12881.937999997272,0.0,-0.3,36009.82099966362,12881.937999997272,35702.620999663624,13189.137999997272,36009.82099966362,EPSG:3414
tile_x34944_y47488.png,train,34944,47488,1024,1024,0.3,0.0,13150.73799999727,0.0,-0.3,36009.82099966362,13150.73799999727,35702.620999663624,13457.937999997272,36009.82099966362,EPSG:3414
tile_x35840_y47488.png,train,35840,47488,1024,1024,0.3,0.0,13419.537999997272,0.0,-0.3,36009.82099966362,13419.537999997272,35702.620999663624,13726.73799999727,36009.82099966362,EPSG:3414
tile_x36736_y47488.png,train,36736,47488,1024,1024,0.3,0.0,13688.337999997271,0.0,-0.3,36009.82099966362,13688.337999997271,35702.620999663624,13995.537999997272,36009.82099966362,EPSG:3414
tile_x37632_y47488.png,train,37632,47488,1024,1024,0.3,0.0,13957.137999997272,0.0,-0.3,36009.82099966362,13957.137999997272,35702.620999663624,14264.337999997271,36009.82099966362,EPSG:3414
tile_x38528_y47488.png,train,38528,47488,1024,1024,0.3,0.0,14225.937999997272,0.0,-0.3,36009.82099966362,14225.937999997272,35702.620999663624,14533.137999997272,36009.82099966362,EPSG:3414
tile_x39424_y47488.png,train,39424,47488,1024,1024,0.3,0.0,14494.73799999727,0.0,-0.3,36009.82099966362,14494.73799999727,35702.620999663624,14801.937999997272,36009.82099966362,EPSG:3414
tile_x41216_y47488.png,val,41216,47488,1024,1024,0.3,0.0,15032.337999997271,0.0,-0.3,36009.82099966362,15032.337999997271,35702.620999663624,15339.537999997272,36009.82099966362,EPSG:3414
tile_x42112_y47488.png,val,42112,47488,1024,1024,0.3,0.0,15301.137999997272,0.0,-0.3,36009.82099966362,15301.137999997272,35702.620999663624,15608.337999997271,36009.82099966362,EPSG:3414
tile_x43008_y47488.png,val,43008,47488,1024,1024,0.3,0.0,15569.937999997272,0.0,-0.3,36009.82099966362,15569.937999997272,35702.620999663624,15877.137999997272,36009.82099966362,EPSG:3414
tile_x46592_y47488.png,train,46592,47488,1024,1024,0.3,0.0,16645.13799999727,0.0,-0.3,36009.82099966362,16645.13799999727,35702.620999663624,16952.33799999727,36009.82099966362,EPSG:3414
tile_x47488_y47488.png,train,47488,47488,1024,1024,0.3,0.0,16913.937999997273,0.0,-0.3,36009.82099966362,16913.937999997273,35702.620999663624,17221.13799999727,36009.82099966362,EPSG:3414
tile_x48384_y47488.png,train,48384,47488,1024,1024,0.3,0.0,17182.73799999727,0.0,-0.3,36009.82099966362,17182.73799999727,35702.620999663624,17489.937999997273,36009.82099966362,EPSG:3414
tile_x56448_y47488.png,train,56448,47488,1024,1024,0.3,0.0,19601.93799999727,0.0,-0.3,36009.82099966362,19601.93799999727,35702.620999663624,19909.13799999727,36009.82099966362,EPSG:3414
tile_x60928_y47488.png,train,60928,47488,1024,1024,0.3,0.0,20945.93799999727,0.0,-0.3,36009.82099966362,20945.93799999727,35702.620999663624,21253.13799999727,36009.82099966362,EPSG:3414
tile_x61824_y47488.png,train,61824,47488,1024,1024,0.3,0.0,21214.737999997273,0.0,-0.3,36009.82099966362,21214.737999997273,35702.620999663624,21521.93799999727,36009.82099966362,EPSG:3414
tile_x62720_y47488.png,train,62720,47488,1024,1024,0.3,0.0,21483.537999997272,0.0,-0.3,36009.82099966362,21483.537999997272,35702.620999663624,21790.737999997273,36009.82099966362,EPSG:3414
tile_x63616_y47488.png,train,63616,47488,1024,1024,0.3,0.0,21752.33799999727,0.0,-0.3,36009.82099966362,21752.33799999727,35702.620999663624,22059.537999997272,36009.82099966362,EPSG:3414
tile_x65408_y47488.png,train,65408,47488,1024,1024,0.3,0.0,22289.93799999727,0.0,-0.3,36009.82099966362,22289.93799999727,35702.620999663624,22597.13799999727,36009.82099966362,EPSG:3414
tile_x83328_y47488.png,val,83328,47488,1024,1024,0.3,0.0,27665.93799999727,0.0,-0.3,36009.82099966362,27665.93799999727,35702.620999663624,27973.13799999727,36009.82099966362,EPSG:3414
tile_x84224_y47488.png,val,84224,47488,1024,1024,0.3,0.0,27934.737999997273,0.0,-0.3,36009.82099966362,27934.737999997273,35702.620999663624,28241.93799999727,36009.82099966362,EPSG:3414
tile_x85120_y47488.png,val,85120,47488,1024,1024,0.3,0.0,28203.537999997272,0.0,-0.3,36009.82099966362,28203.537999997272,35702.620999663624,28510.737999997273,36009.82099966362,EPSG:3414
tile_x86016_y47488.png,train,86016,47488,1024,1024,0.3,0.0,28472.33799999727,0.0,-0.3,36009.82099966362,28472.33799999727,35702.620999663624,28779.537999997272,36009.82099966362,EPSG:3414
tile_x89600_y47488.png,train,89600,47488,1024,1024,0.3,0.0,29547.537999997272,0.0,-0.3,36009.82099966362,29547.537999997272,35702.620999663624,29854.737999997273,36009.82099966362,EPSG:3414
tile_x90496_y47488.png,train,90496,47488,1024,1024,0.3,0.0,29816.33799999727,0.0,-0.3,36009.82099966362,29816.33799999727,35702.620999663624,30123.537999997272,36009.82099966362,EPSG:3414
tile_x91392_y47488.png,train,91392,47488,1024,1024,0.3,0.0,30085.13799999727,0.0,-0.3,36009.82099966362,30085.13799999727,35702.620999663624,30392.33799999727,36009.82099966362,EPSG:3414
tile_x92288_y47488.png,train,92288,47488,1024,1024,0.3,0.0,30353.93799999727,0.0,-0.3,36009.82099966362,30353.93799999727,35702.620999663624,30661.13799999727,36009.82099966362,EPSG:3414
tile_x93184_y47488.png,train,93184,47488,1024,1024,0.3,0.0,30622.737999997273,0.0,-0.3,36009.82099966362,30622.737999997273,35702.620999663624,30929.93799999727,36009.82099966362,EPSG:3414
tile_x97664_y47488.png,train,97664,47488,1024,1024,0.3,0.0,31966.737999997273,0.0,-0.3,36009.82099966362,31966.737999997273,35702.620999663624,32273.93799999727,36009.82099966362,EPSG:3414
tile_x101248_y47488.png,val,101248,47488,1024,1024,0.3,0.0,33041.93799999727,0.0,-0.3,36009.82099966362,33041.93799999727,35702.620999663624,33349.13799999727,36009.82099966362,EPSG:3414
tile_x102144_y47488.png,train,102144,47488,1024,1024,0.3,0.0,33310.73799999727,0.0,-0.3,36009.82099966362,33310.73799999727,35702.620999663624,33617.93799999727,36009.82099966362,EPSG:3414
tile_x103040_y47488.png,train,103040,47488,1024,1024,0.3,0.0,33579.53799999727,0.0,-0.3,36009.82099966362,33579.53799999727,35702.620999663624,33886.73799999727,36009.82099966362,EPSG:3414
tile_x103936_y47488.png,train,103936,47488,1024,1024,0.3,0.0,33848.33799999727,0.0,-0.3,36009.82099966362,33848.33799999727,35702.620999663624,34155.53799999727,36009.82099966362,EPSG:3414
tile_x105728_y47488.png,train,105728,47488,1024,1024,0.3,0.0,34385.93799999727,0.0,-0.3,36009.82099966362,34385.93799999727,35702.620999663624,34693.13799999727,36009.82099966362,EPSG:3414
tile_x106624_y47488.png,train,106624,47488,1024,1024,0.3,0.0,34654.73799999727,0.0,-0.3,36009.82099966362,34654.73799999727,35702.620999663624,34961.93799999727,36009.82099966362,EPSG:3414
tile_x107520_y47488.png,train,107520,47488,1024,1024,0.3,0.0,34923.53799999727,0.0,-0.3,36009.82099966362,34923.53799999727,35702.620999663624,35230.73799999727,36009.82099966362,EPSG:3414
tile_x126336_y47488.png,train,126336,47488,1024,1024,0.3,0.0,40568.33799999727,0.0,-0.3,36009.82099966362,40568.33799999727,35702.620999663624,40875.53799999727,36009.82099966362,EPSG:3414
tile_x127232_y47488.png,train,127232,47488,1024,1024,0.3,0.0,40837.13799999727,0.0,-0.3,36009.82099966362,40837.13799999727,35702.620999663624,41144.33799999727,36009.82099966362,EPSG:3414
tile_x128128_y47488.png,train,128128,47488,1024,1024,0.3,0.0,41105.93799999727,0.0,-0.3,36009.82099966362,41105.93799999727,35702.620999663624,41413.13799999727,36009.82099966362,EPSG:3414
tile_x129024_y47488.png,train,129024,47488,1024,1024,0.3,0.0,41374.73799999727,0.0,-0.3,36009.82099966362,41374.73799999727,35702.620999663624,41681.93799999727,36009.82099966362,EPSG:3414
tile_x129920_y47488.png,train,129920,47488,1024,1024,0.3,0.0,41643.53799999727,0.0,-0.3,36009.82099966362,41643.53799999727,35702.620999663624,41950.73799999727,36009.82099966362,EPSG:3414
tile_x130816_y47488.png,train,130816,47488,1024,1024,0.3,0.0,41912.33799999727,0.0,-0.3,36009.82099966362,41912.33799999727,35702.620999663624,42219.53799999727,36009.82099966362,EPSG:3414
tile_x131712_y47488.png,train,131712,47488,1024,1024,0.3,0.0,42181.13799999727,0.0,-0.3,36009.82099966362,42181.13799999727,35702.620999663624,42488.33799999727,36009.82099966362,EPSG:3414
tile_x138880_y47488.png,train,138880,47488,1024,1024,0.3,0.0,44331.53799999727,0.0,-0.3,36009.82099966362,44331.53799999727,35702.620999663624,44638.73799999727,36009.82099966362,EPSG:3414
tile_x30464_y48384.png,val,30464,48384,1024,1024,0.3,0.0,11806.73799999727,0.0,-0.3,35741.020999663626,11806.73799999727,35433.82099966362,12113.937999997272,35741.020999663626,EPSG:3414
tile_x32256_y48384.png,train,32256,48384,1024,1024,0.3,0.0,12344.337999997271,0.0,-0.3,35741.020999663626,12344.337999997271,35433.82099966362,12651.537999997272,35741.020999663626,EPSG:3414
tile_x33152_y48384.png,train,33152,48384,1024,1024,0.3,0.0,12613.137999997272,0.0,-0.3,35741.020999663626,12613.137999997272,35433.82099966362,12920.337999997271,35741.020999663626,EPSG:3414
tile_x34048_y48384.png,train,34048,48384,1024,1024,0.3,0.0,12881.937999997272,0.0,-0.3,35741.020999663626,12881.937999997272,35433.82099966362,13189.137999997272,35741.020999663626,EPSG:3414
tile_x34944_y48384.png,train,34944,48384,1024,1024,0.3,0.0,13150.73799999727,0.0,-0.3,35741.020999663626,13150.73799999727,35433.82099966362,13457.937999997272,35741.020999663626,EPSG:3414
tile_x35840_y48384.png,train,35840,48384,1024,1024,0.3,0.0,13419.537999997272,0.0,-0.3,35741.020999663626,13419.537999997272,35433.82099966362,13726.73799999727,35741.020999663626,EPSG:3414
tile_x36736_y48384.png,train,36736,48384,1024,1024,0.3,0.0,13688.337999997271,0.0,-0.3,35741.020999663626,13688.337999997271,35433.82099966362,13995.537999997272,35741.020999663626,EPSG:3414
tile_x37632_y48384.png,train,37632,48384,1024,1024,0.3,0.0,13957.137999997272,0.0,-0.3,35741.020999663626,13957.137999997272,35433.82099966362,14264.337999997271,35741.020999663626,EPSG:3414
tile_x38528_y48384.png,train,38528,48384,1024,1024,0.3,0.0,14225.937999997272,0.0,-0.3,35741.020999663626,14225.937999997272,35433.82099966362,14533.137999997272,35741.020999663626,EPSG:3414
tile_x43008_y48384.png,val,43008,48384,1024,1024,0.3,0.0,15569.937999997272,0.0,-0.3,35741.020999663626,15569.937999997272,35433.82099966362,15877.137999997272,35741.020999663626,EPSG:3414
tile_x46592_y48384.png,train,46592,48384,1024,1024,0.3,0.0,16645.13799999727,0.0,-0.3,35741.020999663626,16645.13799999727,35433.82099966362,16952.33799999727,35741.020999663626,EPSG:3414
tile_x47488_y48384.png,train,47488,48384,1024,1024,0.3,0.0,16913.937999997273,0.0,-0.3,35741.020999663626,16913.937999997273,35433.82099966362,17221.13799999727,35741.020999663626,EPSG:3414
tile_x48384_y48384.png,train,48384,48384,1024,1024,0.3,0.0,17182.73799999727,0.0,-0.3,35741.020999663626,17182.73799999727,35433.82099966362,17489.937999997273,35741.020999663626,EPSG:3414
tile_x49280_y48384.png,train,49280,48384,1024,1024,0.3,0.0,17451.537999997272,0.0,-0.3,35741.020999663626,17451.537999997272,35433.82099966362,17758.73799999727,35741.020999663626,EPSG:3414
tile_x50176_y48384.png,train,50176,48384,1024,1024,0.3,0.0,17720.33799999727,0.0,-0.3,35741.020999663626,17720.33799999727,35433.82099966362,18027.537999997272,35741.020999663626,EPSG:3414
tile_x62720_y48384.png,train,62720,48384,1024,1024,0.3,0.0,21483.537999997272,0.0,-0.3,35741.020999663626,21483.537999997272,35433.82099966362,21790.737999997273,35741.020999663626,EPSG:3414
tile_x64512_y48384.png,train,64512,48384,1024,1024,0.3,0.0,22021.13799999727,0.0,-0.3,35741.020999663626,22021.13799999727,35433.82099966362,22328.33799999727,35741.020999663626,EPSG:3414
tile_x65408_y48384.png,train,65408,48384,1024,1024,0.3,0.0,22289.93799999727,0.0,-0.3,35741.020999663626,22289.93799999727,35433.82099966362,22597.13799999727,35741.020999663626,EPSG:3414
tile_x66304_y48384.png,train,66304,48384,1024,1024,0.3,0.0,22558.737999997273,0.0,-0.3,35741.020999663626,22558.737999997273,35433.82099966362,22865.93799999727,35741.020999663626,EPSG:3414
tile_x67200_y48384.png,train,67200,48384,1024,1024,0.3,0.0,22827.537999997272,0.0,-0.3,35741.020999663626,22827.537999997272,35433.82099966362,23134.737999997273,35741.020999663626,EPSG:3414
tile_x78848_y48384.png,val,78848,48384,1024,1024,0.3,0.0,26321.93799999727,0.0,-0.3,35741.020999663626,26321.93799999727,35433.82099966362,26629.13799999727,35741.020999663626,EPSG:3414
tile_x85120_y48384.png,val,85120,48384,1024,1024,0.3,0.0,28203.537999997272,0.0,-0.3,35741.020999663626,28203.537999997272,35433.82099966362,28510.737999997273,35741.020999663626,EPSG:3414
tile_x86016_y48384.png,train,86016,48384,1024,1024,0.3,0.0,28472.33799999727,0.0,-0.3,35741.020999663626,28472.33799999727,35433.82099966362,28779.537999997272,35741.020999663626,EPSG:3414
tile_x86912_y48384.png,train,86912,48384,1024,1024,0.3,0.0,28741.13799999727,0.0,-0.3,35741.020999663626,28741.13799999727,35433.82099966362,29048.33799999727,35741.020999663626,EPSG:3414
tile_x87808_y48384.png,train,87808,48384,1024,1024,0.3,0.0,29009.93799999727,0.0,-0.3,35741.020999663626,29009.93799999727,35433.82099966362,29317.13799999727,35741.020999663626,EPSG:3414
tile_x88704_y48384.png,train,88704,48384,1024,1024,0.3,0.0,29278.737999997273,0.0,-0.3,35741.020999663626,29278.737999997273,35433.82099966362,29585.93799999727,35741.020999663626,EPSG:3414
tile_x89600_y48384.png,train,89600,48384,1024,1024,0.3,0.0,29547.537999997272,0.0,-0.3,35741.020999663626,29547.537999997272,35433.82099966362,29854.737999997273,35741.020999663626,EPSG:3414
tile_x91392_y48384.png,train,91392,48384,1024,1024,0.3,0.0,30085.13799999727,0.0,-0.3,35741.020999663626,30085.13799999727,35433.82099966362,30392.33799999727,35741.020999663626,EPSG:3414
tile_x92288_y48384.png,train,92288,48384,1024,1024,0.3,0.0,30353.93799999727,0.0,-0.3,35741.020999663626,30353.93799999727,35433.82099966362,30661.13799999727,35741.020999663626,EPSG:3414
tile_x94080_y48384.png,train,94080,48384,1024,1024,0.3,0.0,30891.537999997272,0.0,-0.3,35741.020999663626,30891.537999997272,35433.82099966362,31198.737999997273,35741.020999663626,EPSG:3414
tile_x94976_y48384.png,train,94976,48384,1024,1024,0.3,0.0,31160.33799999727,0.0,-0.3,35741.020999663626,31160.33799999727,35433.82099966362,31467.537999997272,35741.020999663626,EPSG:3414
tile_x97664_y48384.png,train,97664,48384,1024,1024,0.3,0.0,31966.737999997273,0.0,-0.3,35741.020999663626,31966.737999997273,35433.82099966362,32273.93799999727,35741.020999663626,EPSG:3414
tile_x103936_y48384.png,train,103936,48384,1024,1024,0.3,0.0,33848.33799999727,0.0,-0.3,35741.020999663626,33848.33799999727,35433.82099966362,34155.53799999727,35741.020999663626,EPSG:3414
tile_x106624_y48384.png,train,106624,48384,1024,1024,0.3,0.0,34654.73799999727,0.0,-0.3,35741.020999663626,34654.73799999727,35433.82099966362,34961.93799999727,35741.020999663626,EPSG:3414
tile_x107520_y48384.png,train,107520,48384,1024,1024,0.3,0.0,34923.53799999727,0.0,-0.3,35741.020999663626,34923.53799999727,35433.82099966362,35230.73799999727,35741.020999663626,EPSG:3414
tile_x117376_y48384.png,val,117376,48384,1024,1024,0.3,0.0,37880.33799999727,0.0,-0.3,35741.020999663626,37880.33799999727,35433.82099966362,38187.53799999727,35741.020999663626,EPSG:3414
tile_x118272_y48384.png,val,118272,48384,1024,1024,0.3,0.0,38149.13799999727,0.0,-0.3,35741.020999663626,38149.13799999727,35433.82099966362,38456.33799999727,35741.020999663626,EPSG:3414
tile_x119168_y48384.png,val,119168,48384,1024,1024,0.3,0.0,38417.93799999727,0.0,-0.3,35741.020999663626,38417.93799999727,35433.82099966362,38725.13799999727,35741.020999663626,EPSG:3414
tile_x120064_y48384.png,val,120064,48384,1024,1024,0.3,0.0,38686.73799999727,0.0,-0.3,35741.020999663626,38686.73799999727,35433.82099966362,38993.93799999727,35741.020999663626,EPSG:3414
tile_x120960_y48384.png,val,120960,48384,1024,1024,0.3,0.0,38955.53799999727,0.0,-0.3,35741.020999663626,38955.53799999727,35433.82099966362,39262.73799999727,35741.020999663626,EPSG:3414
tile_x126336_y48384.png,train,126336,48384,1024,1024,0.3,0.0,40568.33799999727,0.0,-0.3,35741.020999663626,40568.33799999727,35433.82099966362,40875.53799999727,35741.020999663626,EPSG:3414
tile_x127232_y48384.png,train,127232,48384,1024,1024,0.3,0.0,40837.13799999727,0.0,-0.3,35741.020999663626,40837.13799999727,35433.82099966362,41144.33799999727,35741.020999663626,EPSG:3414
tile_x34048_y49280.png,val,34048,49280,1024,1024,0.3,0.0,12881.937999997272,0.0,-0.3,35472.22099966362,12881.937999997272,35165.020999663626,13189.137999997272,35472.22099966362,EPSG:3414
tile_x34944_y49280.png,val,34944,49280,1024,1024,0.3,0.0,13150.73799999727,0.0,-0.3,35472.22099966362,13150.73799999727,35165.020999663626,13457.937999997272,35472.22099966362,EPSG:3414
tile_x36736_y49280.png,val,36736,49280,1024,1024,0.3,0.0,13688.337999997271,0.0,-0.3,35472.22099966362,13688.337999997271,35165.020999663626,13995.537999997272,35472.22099966362,EPSG:3414
tile_x48384_y49280.png,train,48384,49280,1024,1024,0.3,0.0,17182.73799999727,0.0,-0.3,35472.22099966362,17182.73799999727,35165.020999663626,17489.937999997273,35472.22099966362,EPSG:3414
tile_x49280_y49280.png,val,49280,49280,1024,1024,0.3,0.0,17451.537999997272,0.0,-0.3,35472.22099966362,17451.537999997272,35165.020999663626,17758.73799999727,35472.22099966362,EPSG:3414
tile_x50176_y49280.png,val,50176,49280,1024,1024,0.3,0.0,17720.33799999727,0.0,-0.3,35472.22099966362,17720.33799999727,35165.020999663626,18027.537999997272,35472.22099966362,EPSG:3414
tile_x51072_y49280.png,val,51072,49280,1024,1024,0.3,0.0,17989.13799999727,0.0,-0.3,35472.22099966362,17989.13799999727,35165.020999663626,18296.33799999727,35472.22099966362,EPSG:3414
tile_x51968_y49280.png,val,51968,49280,1024,1024,0.3,0.0,18257.937999997273,0.0,-0.3,35472.22099966362,18257.937999997273,35165.020999663626,18565.13799999727,35472.22099966362,EPSG:3414
tile_x56448_y49280.png,train,56448,49280,1024,1024,0.3,0.0,19601.93799999727,0.0,-0.3,35472.22099966362,19601.93799999727,35165.020999663626,19909.13799999727,35472.22099966362,EPSG:3414
tile_x62720_y49280.png,train,62720,49280,1024,1024,0.3,0.0,21483.537999997272,0.0,-0.3,35472.22099966362,21483.537999997272,35165.020999663626,21790.737999997273,35472.22099966362,EPSG:3414
tile_x64512_y49280.png,train,64512,49280,1024,1024,0.3,0.0,22021.13799999727,0.0,-0.3,35472.22099966362,22021.13799999727,35165.020999663626,22328.33799999727,35472.22099966362,EPSG:3414
tile_x65408_y49280.png,val,65408,49280,1024,1024,0.3,0.0,22289.93799999727,0.0,-0.3,35472.22099966362,22289.93799999727,35165.020999663626,22597.13799999727,35472.22099966362,EPSG:3414
tile_x66304_y49280.png,val,66304,49280,1024,1024,0.3,0.0,22558.737999997273,0.0,-0.3,35472.22099966362,22558.737999997273,35165.020999663626,22865.93799999727,35472.22099966362,EPSG:3414
tile_x67200_y49280.png,val,67200,49280,1024,1024,0.3,0.0,22827.537999997272,0.0,-0.3,35472.22099966362,22827.537999997272,35165.020999663626,23134.737999997273,35472.22099966362,EPSG:3414
tile_x77952_y49280.png,train,77952,49280,1024,1024,0.3,0.0,26053.13799999727,0.0,-0.3,35472.22099966362,26053.13799999727,35165.020999663626,26360.33799999727,35472.22099966362,EPSG:3414
tile_x78848_y49280.png,train,78848,49280,1024,1024,0.3,0.0,26321.93799999727,0.0,-0.3,35472.22099966362,26321.93799999727,35165.020999663626,26629.13799999727,35472.22099966362,EPSG:3414
tile_x85120_y49280.png,train,85120,49280,1024,1024,0.3,0.0,28203.537999997272,0.0,-0.3,35472.22099966362,28203.537999997272,35165.020999663626,28510.737999997273,35472.22099966362,EPSG:3414
tile_x86016_y49280.png,train,86016,49280,1024,1024,0.3,0.0,28472.33799999727,0.0,-0.3,35472.22099966362,28472.33799999727,35165.020999663626,28779.537999997272,35472.22099966362,EPSG:3414
tile_x86912_y49280.png,train,86912,49280,1024,1024,0.3,0.0,28741.13799999727,0.0,-0.3,35472.22099966362,28741.13799999727,35165.020999663626,29048.33799999727,35472.22099966362,EPSG:3414
tile_x87808_y49280.png,train,87808,49280,1024,1024,0.3,0.0,29009.93799999727,0.0,-0.3,35472.22099966362,29009.93799999727,35165.020999663626,29317.13799999727,35472.22099966362,EPSG:3414
tile_x88704_y49280.png,train,88704,49280,1024,1024,0.3,0.0,29278.737999997273,0.0,-0.3,35472.22099966362,29278.737999997273,35165.020999663626,29585.93799999727,35472.22099966362,EPSG:3414
tile_x89600_y49280.png,train,89600,49280,1024,1024,0.3,0.0,29547.537999997272,0.0,-0.3,35472.22099966362,29547.537999997272,35165.020999663626,29854.737999997273,35472.22099966362,EPSG:3414
tile_x91392_y49280.png,train,91392,49280,1024,1024,0.3,0.0,30085.13799999727,0.0,-0.3,35472.22099966362,30085.13799999727,35165.020999663626,30392.33799999727,35472.22099966362,EPSG:3414
tile_x92288_y49280.png,train,92288,49280,1024,1024,0.3,0.0,30353.93799999727,0.0,-0.3,35472.22099966362,30353.93799999727,35165.020999663626,30661.13799999727,35472.22099966362,EPSG:3414
tile_x93184_y49280.png,train,93184,49280,1024,1024,0.3,0.0,30622.737999997273,0.0,-0.3,35472.22099966362,30622.737999997273,35165.020999663626,30929.93799999727,35472.22099966362,EPSG:3414
tile_x94080_y49280.png,train,94080,49280,1024,1024,0.3,0.0,30891.537999997272,0.0,-0.3,35472.22099966362,30891.537999997272,35165.020999663626,31198.737999997273,35472.22099966362,EPSG:3414
tile_x94976_y49280.png,train,94976,49280,1024,1024,0.3,0.0,31160.33799999727,0.0,-0.3,35472.22099966362,31160.33799999727,35165.020999663626,31467.537999997272,35472.22099966362,EPSG:3414
tile_x95872_y49280.png,train,95872,49280,1024,1024,0.3,0.0,31429.13799999727,0.0,-0.3,35472.22099966362,31429.13799999727,35165.020999663626,31736.33799999727,35472.22099966362,EPSG:3414
tile_x96768_y49280.png,train,96768,49280,1024,1024,0.3,0.0,31697.93799999727,0.0,-0.3,35472.22099966362,31697.93799999727,35165.020999663626,32005.13799999727,35472.22099966362,EPSG:3414
tile_x97664_y49280.png,train,97664,49280,1024,1024,0.3,0.0,31966.737999997273,0.0,-0.3,35472.22099966362,31966.737999997273,35165.020999663626,32273.93799999727,35472.22099966362,EPSG:3414
tile_x99456_y49280.png,train,99456,49280,1024,1024,0.3,0.0,32504.33799999727,0.0,-0.3,35472.22099966362,32504.33799999727,35165.020999663626,32811.53799999727,35472.22099966362,EPSG:3414
tile_x100352_y49280.png,train,100352,49280,1024,1024,0.3,0.0,32773.13799999727,0.0,-0.3,35472.22099966362,32773.13799999727,35165.020999663626,33080.33799999727,35472.22099966362,EPSG:3414
tile_x103040_y49280.png,train,103040,49280,1024,1024,0.3,0.0,33579.53799999727,0.0,-0.3,35472.22099966362,33579.53799999727,35165.020999663626,33886.73799999727,35472.22099966362,EPSG:3414
tile_x103936_y49280.png,train,103936,49280,1024,1024,0.3,0.0,33848.33799999727,0.0,-0.3,35472.22099966362,33848.33799999727,35165.020999663626,34155.53799999727,35472.22099966362,EPSG:3414
tile_x104832_y49280.png,train,104832,49280,1024,1024,0.3,0.0,34117.13799999727,0.0,-0.3,35472.22099966362,34117.13799999727,35165.020999663626,34424.33799999727,35472.22099966362,EPSG:3414
tile_x105728_y49280.png,train,105728,49280,1024,1024,0.3,0.0,34385.93799999727,0.0,-0.3,35472.22099966362,34385.93799999727,35165.020999663626,34693.13799999727,35472.22099966362,EPSG:3414
tile_x107520_y49280.png,val,107520,49280,1024,1024,0.3,0.0,34923.53799999727,0.0,-0.3,35472.22099966362,34923.53799999727,35165.020999663626,35230.73799999727,35472.22099966362,EPSG:3414
tile_x108416_y49280.png,val,108416,49280,1024,1024,0.3,0.0,35192.33799999727,0.0,-0.3,35472.22099966362,35192.33799999727,35165.020999663626,35499.53799999727,35472.22099966362,EPSG:3414
tile_x111104_y49280.png,train,111104,49280,1024,1024,0.3,0.0,35998.73799999727,0.0,-0.3,35472.22099966362,35998.73799999727,35165.020999663626,36305.93799999727,35472.22099966362,EPSG:3414
tile_x112000_y49280.png,train,112000,49280,1024,1024,0.3,0.0,36267.53799999727,0.0,-0.3,35472.22099966362,36267.53799999727,35165.020999663626,36574.73799999727,35472.22099966362,EPSG:3414
tile_x112896_y49280.png,train,112896,49280,1024,1024,0.3,0.0,36536.33799999727,0.0,-0.3,35472.22099966362,36536.33799999727,35165.020999663626,36843.53799999727,35472.22099966362,EPSG:3414
tile_x114688_y49280.png,train,114688,49280,1024,1024,0.3,0.0,37073.93799999727,0.0,-0.3,35472.22099966362,37073.93799999727,35165.020999663626,37381.13799999727,35472.22099966362,EPSG:3414
tile_x115584_y49280.png,train,115584,49280,1024,1024,0.3,0.0,37342.73799999727,0.0,-0.3,35472.22099966362,37342.73799999727,35165.020999663626,37649.93799999727,35472.22099966362,EPSG:3414
tile_x116480_y49280.png,train,116480,49280,1024,1024,0.3,0.0,37611.53799999727,0.0,-0.3,35472.22099966362,37611.53799999727,35165.020999663626,37918.73799999727,35472.22099966362,EPSG:3414
tile_x117376_y49280.png,train,117376,49280,1024,1024,0.3,0.0,37880.33799999727,0.0,-0.3,35472.22099966362,37880.33799999727,35165.020999663626,38187.53799999727,35472.22099966362,EPSG:3414
tile_x118272_y49280.png,train,118272,49280,1024,1024,0.3,0.0,38149.13799999727,0.0,-0.3,35472.22099966362,38149.13799999727,35165.020999663626,38456.33799999727,35472.22099966362,EPSG:3414
tile_x119168_y49280.png,train,119168,49280,1024,1024,0.3,0.0,38417.93799999727,0.0,-0.3,35472.22099966362,38417.93799999727,35165.020999663626,38725.13799999727,35472.22099966362,EPSG:3414
tile_x120064_y49280.png,train,120064,49280,1024,1024,0.3,0.0,38686.73799999727,0.0,-0.3,35472.22099966362,38686.73799999727,35165.020999663626,38993.93799999727,35472.22099966362,EPSG:3414
tile_x120960_y49280.png,train,120960,49280,1024,1024,0.3,0.0,38955.53799999727,0.0,-0.3,35472.22099966362,38955.53799999727,35165.020999663626,39262.73799999727,35472.22099966362,EPSG:3414
tile_x122752_y49280.png,train,122752,49280,1024,1024,0.3,0.0,39493.13799999727,0.0,-0.3,35472.22099966362,39493.13799999727,35165.020999663626,39800.33799999727,35472.22099966362,EPSG:3414
tile_x123648_y49280.png,train,123648,49280,1024,1024,0.3,0.0,39761.93799999727,0.0,-0.3,35472.22099966362,39761.93799999727,35165.020999663626,40069.13799999727,35472.22099966362,EPSG:3414
tile_x127232_y49280.png,train,127232,49280,1024,1024,0.3,0.0,40837.13799999727,0.0,-0.3,35472.22099966362,40837.13799999727,35165.020999663626,41144.33799999727,35472.22099966362,EPSG:3414
tile_x129920_y49280.png,train,129920,49280,1024,1024,0.3,0.0,41643.53799999727,0.0,-0.3,35472.22099966362,41643.53799999727,35165.020999663626,41950.73799999727,35472.22099966362,EPSG:3414
tile_x130816_y49280.png,train,130816,49280,1024,1024,0.3,0.0,41912.33799999727,0.0,-0.3,35472.22099966362,41912.33799999727,35165.020999663626,42219.53799999727,35472.22099966362,EPSG:3414
tile_x131712_y49280.png,train,131712,49280,1024,1024,0.3,0.0,42181.13799999727,0.0,-0.3,35472.22099966362,42181.13799999727,35165.020999663626,42488.33799999727,35472.22099966362,EPSG:3414
tile_x132608_y49280.png,train,132608,49280,1024,1024,0.3,0.0,42449.93799999727,0.0,-0.3,35472.22099966362,42449.93799999727,35165.020999663626,42757.13799999727,35472.22099966362,EPSG:3414
tile_x30464_y50176.png,train,30464,50176,1024,1024,0.3,0.0,11806.73799999727,0.0,-0.3,35203.42099966362,11806.73799999727,34896.22099966362,12113.937999997272,35203.42099966362,EPSG:3414
tile_x31360_y50176.png,train,31360,50176,1024,1024,0.3,0.0,12075.537999997272,0.0,-0.3,35203.42099966362,12075.537999997272,34896.22099966362,12382.73799999727,35203.42099966362,EPSG:3414
tile_x48384_y50176.png,train,48384,50176,1024,1024,0.3,0.0,17182.73799999727,0.0,-0.3,35203.42099966362,17182.73799999727,34896.22099966362,17489.937999997273,35203.42099966362,EPSG:3414
tile_x49280_y50176.png,val,49280,50176,1024,1024,0.3,0.0,17451.537999997272,0.0,-0.3,35203.42099966362,17451.537999997272,34896.22099966362,17758.73799999727,35203.42099966362,EPSG:3414
tile_x50176_y50176.png,val,50176,50176,1024,1024,0.3,0.0,17720.33799999727,0.0,-0.3,35203.42099966362,17720.33799999727,34896.22099966362,18027.537999997272,35203.42099966362,EPSG:3414
tile_x51072_y50176.png,val,51072,50176,1024,1024,0.3,0.0,17989.13799999727,0.0,-0.3,35203.42099966362,17989.13799999727,34896.22099966362,18296.33799999727,35203.42099966362,EPSG:3414
tile_x51968_y50176.png,val,51968,50176,1024,1024,0.3,0.0,18257.937999997273,0.0,-0.3,35203.42099966362,18257.937999997273,34896.22099966362,18565.13799999727,35203.42099966362,EPSG:3414
tile_x64512_y50176.png,train,64512,50176,1024,1024,0.3,0.0,22021.13799999727,0.0,-0.3,35203.42099966362,22021.13799999727,34896.22099966362,22328.33799999727,35203.42099966362,EPSG:3414
tile_x65408_y50176.png,val,65408,50176,1024,1024,0.3,0.0,22289.93799999727,0.0,-0.3,35203.42099966362,22289.93799999727,34896.22099966362,22597.13799999727,35203.42099966362,EPSG:3414
tile_x66304_y50176.png,val,66304,50176,1024,1024,0.3,0.0,22558.737999997273,0.0,-0.3,35203.42099966362,22558.737999997273,34896.22099966362,22865.93799999727,35203.42099966362,EPSG:3414
tile_x67200_y50176.png,val,67200,50176,1024,1024,0.3,0.0,22827.537999997272,0.0,-0.3,35203.42099966362,22827.537999997272,34896.22099966362,23134.737999997273,35203.42099966362,EPSG:3414
tile_x68096_y50176.png,val,68096,50176,1024,1024,0.3,0.0,23096.33799999727,0.0,-0.3,35203.42099966362,23096.33799999727,34896.22099966362,23403.537999997272,35203.42099966362,EPSG:3414
tile_x68992_y50176.png,val,68992,50176,1024,1024,0.3,0.0,23365.13799999727,0.0,-0.3,35203.42099966362,23365.13799999727,34896.22099966362,23672.33799999727,35203.42099966362,EPSG:3414
tile_x69888_y50176.png,train,69888,50176,1024,1024,0.3,0.0,23633.93799999727,0.0,-0.3,35203.42099966362,23633.93799999727,34896.22099966362,23941.13799999727,35203.42099966362,EPSG:3414
tile_x85120_y50176.png,train,85120,50176,1024,1024,0.3,0.0,28203.537999997272,0.0,-0.3,35203.42099966362,28203.537999997272,34896.22099966362,28510.737999997273,35203.42099966362,EPSG:3414
tile_x86016_y50176.png,train,86016,50176,1024,1024,0.3,0.0,28472.33799999727,0.0,-0.3,35203.42099966362,28472.33799999727,34896.22099966362,28779.537999997272,35203.42099966362,EPSG:3414
tile_x87808_y50176.png,train,87808,50176,1024,1024,0.3,0.0,29009.93799999727,0.0,-0.3,35203.42099966362,29009.93799999727,34896.22099966362,29317.13799999727,35203.42099966362,EPSG:3414
tile_x88704_y50176.png,train,88704,50176,1024,1024,0.3,0.0,29278.737999997273,0.0,-0.3,35203.42099966362,29278.737999997273,34896.22099966362,29585.93799999727,35203.42099966362,EPSG:3414
tile_x89600_y50176.png,train,89600,50176,1024,1024,0.3,0.0,29547.537999997272,0.0,-0.3,35203.42099966362,29547.537999997272,34896.22099966362,29854.737999997273,35203.42099966362,EPSG:3414
tile_x92288_y50176.png,train,92288,50176,1024,1024,0.3,0.0,30353.93799999727,0.0,-0.3,35203.42099966362,30353.93799999727,34896.22099966362,30661.13799999727,35203.42099966362,EPSG:3414
tile_x94080_y50176.png,train,94080,50176,1024,1024,0.3,0.0,30891.537999997272,0.0,-0.3,35203.42099966362,30891.537999997272,34896.22099966362,31198.737999997273,35203.42099966362,EPSG:3414
tile_x94976_y50176.png,train,94976,50176,1024,1024,0.3,0.0,31160.33799999727,0.0,-0.3,35203.42099966362,31160.33799999727,34896.22099966362,31467.537999997272,35203.42099966362,EPSG:3414
tile_x95872_y50176.png,train,95872,50176,1024,1024,0.3,0.0,31429.13799999727,0.0,-0.3,35203.42099966362,31429.13799999727,34896.22099966362,31736.33799999727,35203.42099966362,EPSG:3414
tile_x96768_y50176.png,train,96768,50176,1024,1024,0.3,0.0,31697.93799999727,0.0,-0.3,35203.42099966362,31697.93799999727,34896.22099966362,32005.13799999727,35203.42099966362,EPSG:3414
tile_x97664_y50176.png,train,97664,50176,1024,1024,0.3,0.0,31966.737999997273,0.0,-0.3,35203.42099966362,31966.737999997273,34896.22099966362,32273.93799999727,35203.42099966362,EPSG:3414
tile_x103040_y50176.png,train,103040,50176,1024,1024,0.3,0.0,33579.53799999727,0.0,-0.3,35203.42099966362,33579.53799999727,34896.22099966362,33886.73799999727,35203.42099966362,EPSG:3414
tile_x103936_y50176.png,train,103936,50176,1024,1024,0.3,0.0,33848.33799999727,0.0,-0.3,35203.42099966362,33848.33799999727,34896.22099966362,34155.53799999727,35203.42099966362,EPSG:3414
tile_x104832_y50176.png,train,104832,50176,1024,1024,0.3,0.0,34117.13799999727,0.0,-0.3,35203.42099966362,34117.13799999727,34896.22099966362,34424.33799999727,35203.42099966362,EPSG:3414
tile_x105728_y50176.png,train,105728,50176,1024,1024,0.3,0.0,34385.93799999727,0.0,-0.3,35203.42099966362,34385.93799999727,34896.22099966362,34693.13799999727,35203.42099966362,EPSG:3414
tile_x108416_y50176.png,val,108416,50176,1024,1024,0.3,0.0,35192.33799999727,0.0,-0.3,35203.42099966362,35192.33799999727,34896.22099966362,35499.53799999727,35203.42099966362,EPSG:3414
tile_x109312_y50176.png,val,109312,50176,1024,1024,0.3,0.0,35461.13799999727,0.0,-0.3,35203.42099966362,35461.13799999727,34896.22099966362,35768.33799999727,35203.42099966362,EPSG:3414
tile_x110208_y50176.png,train,110208,50176,1024,1024,0.3,0.0,35729.93799999727,0.0,-0.3,35203.42099966362,35729.93799999727,34896.22099966362,36037.13799999727,35203.42099966362,EPSG:3414
tile_x111104_y50176.png,train,111104,50176,1024,1024,0.3,0.0,35998.73799999727,0.0,-0.3,35203.42099966362,35998.73799999727,34896.22099966362,36305.93799999727,35203.42099966362,EPSG:3414
tile_x112000_y50176.png,train,112000,50176,1024,1024,0.3,0.0,36267.53799999727,0.0,-0.3,35203.42099966362,36267.53799999727,34896.22099966362,36574.73799999727,35203.42099966362,EPSG:3414
tile_x113792_y50176.png,train,113792,50176,1024,1024,0.3,0.0,36805.13799999727,0.0,-0.3,35203.42099966362,36805.13799999727,34896.22099966362,37112.33799999727,35203.42099966362,EPSG:3414
tile_x114688_y50176.png,train,114688,50176,1024,1024,0.3,0.0,37073.93799999727,0.0,-0.3,35203.42099966362,37073.93799999727,34896.22099966362,37381.13799999727,35203.42099966362,EPSG:3414
tile_x115584_y50176.png,train,115584,50176,1024,1024,0.3,0.0,37342.73799999727,0.0,-0.3,35203.42099966362,37342.73799999727,34896.22099966362,37649.93799999727,35203.42099966362,EPSG:3414
tile_x116480_y50176.png,train,116480,50176,1024,1024,0.3,0.0,37611.53799999727,0.0,-0.3,35203.42099966362,37611.53799999727,34896.22099966362,37918.73799999727,35203.42099966362,EPSG:3414
tile_x117376_y50176.png,train,117376,50176,1024,1024,0.3,0.0,37880.33799999727,0.0,-0.3,35203.42099966362,37880.33799999727,34896.22099966362,38187.53799999727,35203.42099966362,EPSG:3414
tile_x118272_y50176.png,train,118272,50176,1024,1024,0.3,0.0,38149.13799999727,0.0,-0.3,35203.42099966362,38149.13799999727,34896.22099966362,38456.33799999727,35203.42099966362,EPSG:3414
tile_x120960_y50176.png,train,120960,50176,1024,1024,0.3,0.0,38955.53799999727,0.0,-0.3,35203.42099966362,38955.53799999727,34896.22099966362,39262.73799999727,35203.42099966362,EPSG:3414
tile_x121856_y50176.png,train,121856,50176,1024,1024,0.3,0.0,39224.33799999727,0.0,-0.3,35203.42099966362,39224.33799999727,34896.22099966362,39531.53799999727,35203.42099966362,EPSG:3414
tile_x123648_y50176.png,train,123648,50176,1024,1024,0.3,0.0,39761.93799999727,0.0,-0.3,35203.42099966362,39761.93799999727,34896.22099966362,40069.13799999727,35203.42099966362,EPSG:3414
tile_x124544_y50176.png,train,124544,50176,1024,1024,0.3,0.0,40030.73799999727,0.0,-0.3,35203.42099966362,40030.73799999727,34896.22099966362,40337.93799999727,35203.42099966362,EPSG:3414
tile_x128128_y50176.png,train,128128,50176,1024,1024,0.3,0.0,41105.93799999727,0.0,-0.3,35203.42099966362,41105.93799999727,34896.22099966362,41413.13799999727,35203.42099966362,EPSG:3414
tile_x129024_y50176.png,train,129024,50176,1024,1024,0.3,0.0,41374.73799999727,0.0,-0.3,35203.42099966362,41374.73799999727,34896.22099966362,41681.93799999727,35203.42099966362,EPSG:3414
tile_x130816_y50176.png,train,130816,50176,1024,1024,0.3,0.0,41912.33799999727,0.0,-0.3,35203.42099966362,41912.33799999727,34896.22099966362,42219.53799999727,35203.42099966362,EPSG:3414
tile_x131712_y50176.png,train,131712,50176,1024,1024,0.3,0.0,42181.13799999727,0.0,-0.3,35203.42099966362,42181.13799999727,34896.22099966362,42488.33799999727,35203.42099966362,EPSG:3414
tile_x137088_y50176.png,train,137088,50176,1024,1024,0.3,0.0,43793.93799999727,0.0,-0.3,35203.42099966362,43793.93799999727,34896.22099966362,44101.13799999727,35203.42099966362,EPSG:3414
tile_x25984_y51072.png,val,25984,51072,1024,1024,0.3,0.0,10462.737999997273,0.0,-0.3,34934.620999663624,10462.737999997273,34627.42099966362,10769.937999997272,34934.620999663624,EPSG:3414
tile_x26880_y51072.png,val,26880,51072,1024,1024,0.3,0.0,10731.537999997272,0.0,-0.3,34934.620999663624,10731.537999997272,34627.42099966362,11038.73799999727,34934.620999663624,EPSG:3414
tile_x43904_y51072.png,train,43904,51072,1024,1024,0.3,0.0,15838.73799999727,0.0,-0.3,34934.620999663624,15838.73799999727,34627.42099966362,16145.937999997272,34934.620999663624,EPSG:3414
tile_x49280_y51072.png,val,49280,51072,1024,1024,0.3,0.0,17451.537999997272,0.0,-0.3,34934.620999663624,17451.537999997272,34627.42099966362,17758.73799999727,34934.620999663624,EPSG:3414
tile_x50176_y51072.png,val,50176,51072,1024,1024,0.3,0.0,17720.33799999727,0.0,-0.3,34934.620999663624,17720.33799999727,34627.42099966362,18027.537999997272,34934.620999663624,EPSG:3414
tile_x51072_y51072.png,val,51072,51072,1024,1024,0.3,0.0,17989.13799999727,0.0,-0.3,34934.620999663624,17989.13799999727,34627.42099966362,18296.33799999727,34934.620999663624,EPSG:3414
tile_x51968_y51072.png,val,51968,51072,1024,1024,0.3,0.0,18257.937999997273,0.0,-0.3,34934.620999663624,18257.937999997273,34627.42099966362,18565.13799999727,34934.620999663624,EPSG:3414
tile_x52864_y51072.png,train,52864,51072,1024,1024,0.3,0.0,18526.73799999727,0.0,-0.3,34934.620999663624,18526.73799999727,34627.42099966362,18833.937999997273,34934.620999663624,EPSG:3414
tile_x56448_y51072.png,train,56448,51072,1024,1024,0.3,0.0,19601.93799999727,0.0,-0.3,34934.620999663624,19601.93799999727,34627.42099966362,19909.13799999727,34934.620999663624,EPSG:3414
tile_x61824_y51072.png,train,61824,51072,1024,1024,0.3,0.0,21214.737999997273,0.0,-0.3,34934.620999663624,21214.737999997273,34627.42099966362,21521.93799999727,34934.620999663624,EPSG:3414
tile_x63616_y51072.png,train,63616,51072,1024,1024,0.3,0.0,21752.33799999727,0.0,-0.3,34934.620999663624,21752.33799999727,34627.42099966362,22059.537999997272,34934.620999663624,EPSG:3414
tile_x68992_y51072.png,val,68992,51072,1024,1024,0.3,0.0,23365.13799999727,0.0,-0.3,34934.620999663624,23365.13799999727,34627.42099966362,23672.33799999727,34934.620999663624,EPSG:3414
tile_x69888_y51072.png,train,69888,51072,1024,1024,0.3,0.0,23633.93799999727,0.0,-0.3,34934.620999663624,23633.93799999727,34627.42099966362,23941.13799999727,34934.620999663624,EPSG:3414
tile_x70784_y51072.png,train,70784,51072,1024,1024,0.3,0.0,23902.737999997273,0.0,-0.3,34934.620999663624,23902.737999997273,34627.42099966362,24209.93799999727,34934.620999663624,EPSG:3414
tile_x72576_y51072.png,train,72576,51072,1024,1024,0.3,0.0,24440.33799999727,0.0,-0.3,34934.620999663624,24440.33799999727,34627.42099966362,24747.537999997272,34934.620999663624,EPSG:3414
tile_x74368_y51072.png,train,74368,51072,1024,1024,0.3,0.0,24977.93799999727,0.0,-0.3,34934.620999663624,24977.93799999727,34627.42099966362,25285.13799999727,34934.620999663624,EPSG:3414
tile_x76160_y51072.png,train,76160,51072,1024,1024,0.3,0.0,25515.537999997272,0.0,-0.3,34934.620999663624,25515.537999997272,34627.42099966362,25822.737999997273,34934.620999663624,EPSG:3414
tile_x77056_y51072.png,train,77056,51072,1024,1024,0.3,0.0,25784.33799999727,0.0,-0.3,34934.620999663624,25784.33799999727,34627.42099966362,26091.537999997272,34934.620999663624,EPSG:3414
tile_x86016_y51072.png,train,86016,51072,1024,1024,0.3,0.0,28472.33799999727,0.0,-0.3,34934.620999663624,28472.33799999727,34627.42099966362,28779.537999997272,34934.620999663624,EPSG:3414
tile_x87808_y51072.png,train,87808,51072,1024,1024,0.3,0.0,29009.93799999727,0.0,-0.3,34934.620999663624,29009.93799999727,34627.42099966362,29317.13799999727,34934.620999663624,EPSG:3414
tile_x88704_y51072.png,train,88704,51072,1024,1024,0.3,0.0,29278.737999997273,0.0,-0.3,34934.620999663624,29278.737999997273,34627.42099966362,29585.93799999727,34934.620999663624,EPSG:3414
tile_x89600_y51072.png,train,89600,51072,1024,1024,0.3,0.0,29547.537999997272,0.0,-0.3,34934.620999663624,29547.537999997272,34627.42099966362,29854.737999997273,34934.620999663624,EPSG:3414
tile_x90496_y51072.png,train,90496,51072,1024,1024,0.3,0.0,29816.33799999727,0.0,-0.3,34934.620999663624,29816.33799999727,34627.42099966362,30123.537999997272,34934.620999663624,EPSG:3414
tile_x91392_y51072.png,train,91392,51072,1024,1024,0.3,0.0,30085.13799999727,0.0,-0.3,34934.620999663624,30085.13799999727,34627.42099966362,30392.33799999727,34934.620999663624,EPSG:3414
tile_x92288_y51072.png,train,92288,51072,1024,1024,0.3,0.0,30353.93799999727,0.0,-0.3,34934.620999663624,30353.93799999727,34627.42099966362,30661.13799999727,34934.620999663624,EPSG:3414
tile_x93184_y51072.png,train,93184,51072,1024,1024,0.3,0.0,30622.737999997273,0.0,-0.3,34934.620999663624,30622.737999997273,34627.42099966362,30929.93799999727,34934.620999663624,EPSG:3414
tile_x94080_y51072.png,train,94080,51072,1024,1024,0.3,0.0,30891.537999997272,0.0,-0.3,34934.620999663624,30891.537999997272,34627.42099966362,31198.737999997273,34934.620999663624,EPSG:3414
tile_x95872_y51072.png,train,95872,51072,1024,1024,0.3,0.0,31429.13799999727,0.0,-0.3,34934.620999663624,31429.13799999727,34627.42099966362,31736.33799999727,34934.620999663624,EPSG:3414
tile_x96768_y51072.png,train,96768,51072,1024,1024,0.3,0.0,31697.93799999727,0.0,-0.3,34934.620999663624,31697.93799999727,34627.42099966362,32005.13799999727,34934.620999663624,EPSG:3414
tile_x97664_y51072.png,train,97664,51072,1024,1024,0.3,0.0,31966.737999997273,0.0,-0.3,34934.620999663624,31966.737999997273,34627.42099966362,32273.93799999727,34934.620999663624,EPSG:3414
tile_x107520_y51072.png,val,107520,51072,1024,1024,0.3,0.0,34923.53799999727,0.0,-0.3,34934.620999663624,34923.53799999727,34627.42099966362,35230.73799999727,34934.620999663624,EPSG:3414
tile_x108416_y51072.png,val,108416,51072,1024,1024,0.3,0.0,35192.33799999727,0.0,-0.3,34934.620999663624,35192.33799999727,34627.42099966362,35499.53799999727,34934.620999663624,EPSG:3414
tile_x109312_y51072.png,val,109312,51072,1024,1024,0.3,0.0,35461.13799999727,0.0,-0.3,34934.620999663624,35461.13799999727,34627.42099966362,35768.33799999727,34934.620999663624,EPSG:3414
tile_x110208_y51072.png,train,110208,51072,1024,1024,0.3,0.0,35729.93799999727,0.0,-0.3,34934.620999663624,35729.93799999727,34627.42099966362,36037.13799999727,34934.620999663624,EPSG:3414
tile_x111104_y51072.png,train,111104,51072,1024,1024,0.3,0.0,35998.73799999727,0.0,-0.3,34934.620999663624,35998.73799999727,34627.42099966362,36305.93799999727,34934.620999663624,EPSG:3414
tile_x112000_y51072.png,train,112000,51072,1024,1024,0.3,0.0,36267.53799999727,0.0,-0.3,34934.620999663624,36267.53799999727,34627.42099966362,36574.73799999727,34934.620999663624,EPSG:3414
tile_x112896_y51072.png,train,112896,51072,1024,1024,0.3,0.0,36536.33799999727,0.0,-0.3,34934.620999663624,36536.33799999727,34627.42099966362,36843.53799999727,34934.620999663624,EPSG:3414
tile_x114688_y51072.png,train,114688,51072,1024,1024,0.3,0.0,37073.93799999727,0.0,-0.3,34934.620999663624,37073.93799999727,34627.42099966362,37381.13799999727,34934.620999663624,EPSG:3414
tile_x115584_y51072.png,train,115584,51072,1024,1024,0.3,0.0,37342.73799999727,0.0,-0.3,34934.620999663624,37342.73799999727,34627.42099966362,37649.93799999727,34934.620999663624,EPSG:3414
tile_x116480_y51072.png,train,116480,51072,1024,1024,0.3,0.0,37611.53799999727,0.0,-0.3,34934.620999663624,37611.53799999727,34627.42099966362,37918.73799999727,34934.620999663624,EPSG:3414
tile_x117376_y51072.png,train,117376,51072,1024,1024,0.3,0.0,37880.33799999727,0.0,-0.3,34934.620999663624,37880.33799999727,34627.42099966362,38187.53799999727,34934.620999663624,EPSG:3414
tile_x118272_y51072.png,train,118272,51072,1024,1024,0.3,0.0,38149.13799999727,0.0,-0.3,34934.620999663624,38149.13799999727,34627.42099966362,38456.33799999727,34934.620999663624,EPSG:3414
tile_x120960_y51072.png,train,120960,51072,1024,1024,0.3,0.0,38955.53799999727,0.0,-0.3,34934.620999663624,38955.53799999727,34627.42099966362,39262.73799999727,34934.620999663624,EPSG:3414
tile_x121856_y51072.png,train,121856,51072,1024,1024,0.3,0.0,39224.33799999727,0.0,-0.3,34934.620999663624,39224.33799999727,34627.42099966362,39531.53799999727,34934.620999663624,EPSG:3414
tile_x122752_y51072.png,train,122752,51072,1024,1024,0.3,0.0,39493.13799999727,0.0,-0.3,34934.620999663624,39493.13799999727,34627.42099966362,39800.33799999727,34934.620999663624,EPSG:3414
tile_x127232_y51072.png,train,127232,51072,1024,1024,0.3,0.0,40837.13799999727,0.0,-0.3,34934.620999663624,40837.13799999727,34627.42099966362,41144.33799999727,34934.620999663624,EPSG:3414
tile_x128128_y51072.png,train,128128,51072,1024,1024,0.3,0.0,41105.93799999727,0.0,-0.3,34934.620999663624,41105.93799999727,34627.42099966362,41413.13799999727,34934.620999663624,EPSG:3414
tile_x129920_y51072.png,train,129920,51072,1024,1024,0.3,0.0,41643.53799999727,0.0,-0.3,34934.620999663624,41643.53799999727,34627.42099966362,41950.73799999727,34934.620999663624,EPSG:3414
tile_x25984_y51968.png,val,25984,51968,1024,1024,0.3,0.0,10462.737999997273,0.0,-0.3,34665.82099966362,10462.737999997273,34358.620999663624,10769.937999997272,34665.82099966362,EPSG:3414
tile_x26880_y51968.png,val,26880,51968,1024,1024,0.3,0.0,10731.537999997272,0.0,-0.3,34665.82099966362,10731.537999997272,34358.620999663624,11038.73799999727,34665.82099966362,EPSG:3414
tile_x27776_y51968.png,val,27776,51968,1024,1024,0.3,0.0,11000.337999997271,0.0,-0.3,34665.82099966362,11000.337999997271,34358.620999663624,11307.537999997272,34665.82099966362,EPSG:3414
tile_x43008_y51968.png,train,43008,51968,1024,1024,0.3,0.0,15569.937999997272,0.0,-0.3,34665.82099966362,15569.937999997272,34358.620999663624,15877.137999997272,34665.82099966362,EPSG:3414
tile_x51072_y51968.png,val,51072,51968,1024,1024,0.3,0.0,17989.13799999727,0.0,-0.3,34665.82099966362,17989.13799999727,34358.620999663624,18296.33799999727,34665.82099966362,EPSG:3414
tile_x51968_y51968.png,val,51968,51968,1024,1024,0.3,0.0,18257.937999997273,0.0,-0.3,34665.82099966362,18257.937999997273,34358.620999663624,18565.13799999727,34665.82099966362,EPSG:3414
tile_x56448_y51968.png,train,56448,51968,1024,1024,0.3,0.0,19601.93799999727,0.0,-0.3,34665.82099966362,19601.93799999727,34358.620999663624,19909.13799999727,34665.82099966362,EPSG:3414
tile_x61824_y51968.png,train,61824,51968,1024,1024,0.3,0.0,21214.737999997273,0.0,-0.3,34665.82099966362,21214.737999997273,34358.620999663624,21521.93799999727,34665.82099966362,EPSG:3414
tile_x62720_y51968.png,train,62720,51968,1024,1024,0.3,0.0,21483.537999997272,0.0,-0.3,34665.82099966362,21483.537999997272,34358.620999663624,21790.737999997273,34665.82099966362,EPSG:3414
tile_x69888_y51968.png,train,69888,51968,1024,1024,0.3,0.0,23633.93799999727,0.0,-0.3,34665.82099966362,23633.93799999727,34358.620999663624,23941.13799999727,34665.82099966362,EPSG:3414
tile_x72576_y51968.png,train,72576,51968,1024,1024,0.3,0.0,24440.33799999727,0.0,-0.3,34665.82099966362,24440.33799999727,34358.620999663624,24747.537999997272,34665.82099966362,EPSG:3414
tile_x73472_y51968.png,train,73472,51968,1024,1024,0.3,0.0,24709.13799999727,0.0,-0.3,34665.82099966362,24709.13799999727,34358.620999663624,25016.33799999727,34665.82099966362,EPSG:3414
tile_x74368_y51968.png,train,74368,51968,1024,1024,0.3,0.0,24977.93799999727,0.0,-0.3,34665.82099966362,24977.93799999727,34358.620999663624,25285.13799999727,34665.82099966362,EPSG:3414
tile_x76160_y51968.png,train,76160,51968,1024,1024,0.3,0.0,25515.537999997272,0.0,-0.3,34665.82099966362,25515.537999997272,34358.620999663624,25822.737999997273,34665.82099966362,EPSG:3414
tile_x77056_y51968.png,train,77056,51968,1024,1024,0.3,0.0,25784.33799999727,0.0,-0.3,34665.82099966362,25784.33799999727,34358.620999663624,26091.537999997272,34665.82099966362,EPSG:3414
tile_x87808_y51968.png,train,87808,51968,1024,1024,0.3,0.0,29009.93799999727,0.0,-0.3,34665.82099966362,29009.93799999727,34358.620999663624,29317.13799999727,34665.82099966362,EPSG:3414
tile_x89600_y51968.png,train,89600,51968,1024,1024,0.3,0.0,29547.537999997272,0.0,-0.3,34665.82099966362,29547.537999997272,34358.620999663624,29854.737999997273,34665.82099966362,EPSG:3414
tile_x90496_y51968.png,train,90496,51968,1024,1024,0.3,0.0,29816.33799999727,0.0,-0.3,34665.82099966362,29816.33799999727,34358.620999663624,30123.537999997272,34665.82099966362,EPSG:3414
tile_x91392_y51968.png,train,91392,51968,1024,1024,0.3,0.0,30085.13799999727,0.0,-0.3,34665.82099966362,30085.13799999727,34358.620999663624,30392.33799999727,34665.82099966362,EPSG:3414
tile_x92288_y51968.png,train,92288,51968,1024,1024,0.3,0.0,30353.93799999727,0.0,-0.3,34665.82099966362,30353.93799999727,34358.620999663624,30661.13799999727,34665.82099966362,EPSG:3414
tile_x93184_y51968.png,train,93184,51968,1024,1024,0.3,0.0,30622.737999997273,0.0,-0.3,34665.82099966362,30622.737999997273,34358.620999663624,30929.93799999727,34665.82099966362,EPSG:3414
tile_x94080_y51968.png,train,94080,51968,1024,1024,0.3,0.0,30891.537999997272,0.0,-0.3,34665.82099966362,30891.537999997272,34358.620999663624,31198.737999997273,34665.82099966362,EPSG:3414
tile_x94976_y51968.png,train,94976,51968,1024,1024,0.3,0.0,31160.33799999727,0.0,-0.3,34665.82099966362,31160.33799999727,34358.620999663624,31467.537999997272,34665.82099966362,EPSG:3414
tile_x95872_y51968.png,train,95872,51968,1024,1024,0.3,0.0,31429.13799999727,0.0,-0.3,34665.82099966362,31429.13799999727,34358.620999663624,31736.33799999727,34665.82099966362,EPSG:3414
tile_x96768_y51968.png,train,96768,51968,1024,1024,0.3,0.0,31697.93799999727,0.0,-0.3,34665.82099966362,31697.93799999727,34358.620999663624,32005.13799999727,34665.82099966362,EPSG:3414
tile_x97664_y51968.png,train,97664,51968,1024,1024,0.3,0.0,31966.737999997273,0.0,-0.3,34665.82099966362,31966.737999997273,34358.620999663624,32273.93799999727,34665.82099966362,EPSG:3414
tile_x102144_y51968.png,train,102144,51968,1024,1024,0.3,0.0,33310.73799999727,0.0,-0.3,34665.82099966362,33310.73799999727,34358.620999663624,33617.93799999727,34665.82099966362,EPSG:3414
tile_x103936_y51968.png,train,103936,51968,1024,1024,0.3,0.0,33848.33799999727,0.0,-0.3,34665.82099966362,33848.33799999727,34358.620999663624,34155.53799999727,34665.82099966362,EPSG:3414
tile_x104832_y51968.png,train,104832,51968,1024,1024,0.3,0.0,34117.13799999727,0.0,-0.3,34665.82099966362,34117.13799999727,34358.620999663624,34424.33799999727,34665.82099966362,EPSG:3414
tile_x105728_y51968.png,train,105728,51968,1024,1024,0.3,0.0,34385.93799999727,0.0,-0.3,34665.82099966362,34385.93799999727,34358.620999663624,34693.13799999727,34665.82099966362,EPSG:3414
tile_x106624_y51968.png,val,106624,51968,1024,1024,0.3,0.0,34654.73799999727,0.0,-0.3,34665.82099966362,34654.73799999727,34358.620999663624,34961.93799999727,34665.82099966362,EPSG:3414
tile_x107520_y51968.png,val,107520,51968,1024,1024,0.3,0.0,34923.53799999727,0.0,-0.3,34665.82099966362,34923.53799999727,34358.620999663624,35230.73799999727,34665.82099966362,EPSG:3414
tile_x108416_y51968.png,val,108416,51968,1024,1024,0.3,0.0,35192.33799999727,0.0,-0.3,34665.82099966362,35192.33799999727,34358.620999663624,35499.53799999727,34665.82099966362,EPSG:3414
tile_x109312_y51968.png,val,109312,51968,1024,1024,0.3,0.0,35461.13799999727,0.0,-0.3,34665.82099966362,35461.13799999727,34358.620999663624,35768.33799999727,34665.82099966362,EPSG:3414
tile_x110208_y51968.png,train,110208,51968,1024,1024,0.3,0.0,35729.93799999727,0.0,-0.3,34665.82099966362,35729.93799999727,34358.620999663624,36037.13799999727,34665.82099966362,EPSG:3414
tile_x111104_y51968.png,train,111104,51968,1024,1024,0.3,0.0,35998.73799999727,0.0,-0.3,34665.82099966362,35998.73799999727,34358.620999663624,36305.93799999727,34665.82099966362,EPSG:3414
tile_x112896_y51968.png,train,112896,51968,1024,1024,0.3,0.0,36536.33799999727,0.0,-0.3,34665.82099966362,36536.33799999727,34358.620999663624,36843.53799999727,34665.82099966362,EPSG:3414
tile_x117376_y51968.png,train,117376,51968,1024,1024,0.3,0.0,37880.33799999727,0.0,-0.3,34665.82099966362,37880.33799999727,34358.620999663624,38187.53799999727,34665.82099966362,EPSG:3414
tile_x118272_y51968.png,train,118272,51968,1024,1024,0.3,0.0,38149.13799999727,0.0,-0.3,34665.82099966362,38149.13799999727,34358.620999663624,38456.33799999727,34665.82099966362,EPSG:3414
tile_x120064_y51968.png,train,120064,51968,1024,1024,0.3,0.0,38686.73799999727,0.0,-0.3,34665.82099966362,38686.73799999727,34358.620999663624,38993.93799999727,34665.82099966362,EPSG:3414
tile_x120960_y51968.png,train,120960,51968,1024,1024,0.3,0.0,38955.53799999727,0.0,-0.3,34665.82099966362,38955.53799999727,34358.620999663624,39262.73799999727,34665.82099966362,EPSG:3414
tile_x121856_y51968.png,train,121856,51968,1024,1024,0.3,0.0,39224.33799999727,0.0,-0.3,34665.82099966362,39224.33799999727,34358.620999663624,39531.53799999727,34665.82099966362,EPSG:3414
tile_x122752_y51968.png,train,122752,51968,1024,1024,0.3,0.0,39493.13799999727,0.0,-0.3,34665.82099966362,39493.13799999727,34358.620999663624,39800.33799999727,34665.82099966362,EPSG:3414
tile_x123648_y51968.png,train,123648,51968,1024,1024,0.3,0.0,39761.93799999727,0.0,-0.3,34665.82099966362,39761.93799999727,34358.620999663624,40069.13799999727,34665.82099966362,EPSG:3414
tile_x124544_y51968.png,train,124544,51968,1024,1024,0.3,0.0,40030.73799999727,0.0,-0.3,34665.82099966362,40030.73799999727,34358.620999663624,40337.93799999727,34665.82099966362,EPSG:3414
tile_x125440_y51968.png,train,125440,51968,1024,1024,0.3,0.0,40299.53799999727,0.0,-0.3,34665.82099966362,40299.53799999727,34358.620999663624,40606.73799999727,34665.82099966362,EPSG:3414
tile_x126336_y51968.png,train,126336,51968,1024,1024,0.3,0.0,40568.33799999727,0.0,-0.3,34665.82099966362,40568.33799999727,34358.620999663624,40875.53799999727,34665.82099966362,EPSG:3414
tile_x127232_y51968.png,train,127232,51968,1024,1024,0.3,0.0,40837.13799999727,0.0,-0.3,34665.82099966362,40837.13799999727,34358.620999663624,41144.33799999727,34665.82099966362,EPSG:3414
tile_x128128_y51968.png,train,128128,51968,1024,1024,0.3,0.0,41105.93799999727,0.0,-0.3,34665.82099966362,41105.93799999727,34358.620999663624,41413.13799999727,34665.82099966362,EPSG:3414
tile_x26880_y52864.png,train,26880,52864,1024,1024,0.3,0.0,10731.537999997272,0.0,-0.3,34397.020999663626,10731.537999997272,34089.82099966362,11038.73799999727,34397.020999663626,EPSG:3414
tile_x44800_y52864.png,train,44800,52864,1024,1024,0.3,0.0,16107.537999997272,0.0,-0.3,34397.020999663626,16107.537999997272,34089.82099966362,16414.73799999727,34397.020999663626,EPSG:3414
tile_x48384_y52864.png,train,48384,52864,1024,1024,0.3,0.0,17182.73799999727,0.0,-0.3,34397.020999663626,17182.73799999727,34089.82099966362,17489.937999997273,34397.020999663626,EPSG:3414
tile_x49280_y52864.png,train,49280,52864,1024,1024,0.3,0.0,17451.537999997272,0.0,-0.3,34397.020999663626,17451.537999997272,34089.82099966362,17758.73799999727,34397.020999663626,EPSG:3414
tile_x51072_y52864.png,train,51072,52864,1024,1024,0.3,0.0,17989.13799999727,0.0,-0.3,34397.020999663626,17989.13799999727,34089.82099966362,18296.33799999727,34397.020999663626,EPSG:3414
tile_x51968_y52864.png,train,51968,52864,1024,1024,0.3,0.0,18257.937999997273,0.0,-0.3,34397.020999663626,18257.937999997273,34089.82099966362,18565.13799999727,34397.020999663626,EPSG:3414
tile_x62720_y52864.png,val,62720,52864,1024,1024,0.3,0.0,21483.537999997272,0.0,-0.3,34397.020999663626,21483.537999997272,34089.82099966362,21790.737999997273,34397.020999663626,EPSG:3414
tile_x73472_y52864.png,train,73472,52864,1024,1024,0.3,0.0,24709.13799999727,0.0,-0.3,34397.020999663626,24709.13799999727,34089.82099966362,25016.33799999727,34397.020999663626,EPSG:3414
tile_x74368_y52864.png,train,74368,52864,1024,1024,0.3,0.0,24977.93799999727,0.0,-0.3,34397.020999663626,24977.93799999727,34089.82099966362,25285.13799999727,34397.020999663626,EPSG:3414
tile_x75264_y52864.png,train,75264,52864,1024,1024,0.3,0.0,25246.737999997273,0.0,-0.3,34397.020999663626,25246.737999997273,34089.82099966362,25553.93799999727,34397.020999663626,EPSG:3414
tile_x76160_y52864.png,train,76160,52864,1024,1024,0.3,0.0,25515.537999997272,0.0,-0.3,34397.020999663626,25515.537999997272,34089.82099966362,25822.737999997273,34397.020999663626,EPSG:3414
tile_x77056_y52864.png,train,77056,52864,1024,1024,0.3,0.0,25784.33799999727,0.0,-0.3,34397.020999663626,25784.33799999727,34089.82099966362,26091.537999997272,34397.020999663626,EPSG:3414
tile_x84224_y52864.png,train,84224,52864,1024,1024,0.3,0.0,27934.737999997273,0.0,-0.3,34397.020999663626,27934.737999997273,34089.82099966362,28241.93799999727,34397.020999663626,EPSG:3414
tile_x86912_y52864.png,train,86912,52864,1024,1024,0.3,0.0,28741.13799999727,0.0,-0.3,34397.020999663626,28741.13799999727,34089.82099966362,29048.33799999727,34397.020999663626,EPSG:3414
tile_x87808_y52864.png,train,87808,52864,1024,1024,0.3,0.0,29009.93799999727,0.0,-0.3,34397.020999663626,29009.93799999727,34089.82099966362,29317.13799999727,34397.020999663626,EPSG:3414
tile_x88704_y52864.png,train,88704,52864,1024,1024,0.3,0.0,29278.737999997273,0.0,-0.3,34397.020999663626,29278.737999997273,34089.82099966362,29585.93799999727,34397.020999663626,EPSG:3414
tile_x89600_y52864.png,train,89600,52864,1024,1024,0.3,0.0,29547.537999997272,0.0,-0.3,34397.020999663626,29547.537999997272,34089.82099966362,29854.737999997273,34397.020999663626,EPSG:3414
tile_x90496_y52864.png,train,90496,52864,1024,1024,0.3,0.0,29816.33799999727,0.0,-0.3,34397.020999663626,29816.33799999727,34089.82099966362,30123.537999997272,34397.020999663626,EPSG:3414
tile_x91392_y52864.png,train,91392,52864,1024,1024,0.3,0.0,30085.13799999727,0.0,-0.3,34397.020999663626,30085.13799999727,34089.82099966362,30392.33799999727,34397.020999663626,EPSG:3414
tile_x92288_y52864.png,train,92288,52864,1024,1024,0.3,0.0,30353.93799999727,0.0,-0.3,34397.020999663626,30353.93799999727,34089.82099966362,30661.13799999727,34397.020999663626,EPSG:3414
tile_x93184_y52864.png,train,93184,52864,1024,1024,0.3,0.0,30622.737999997273,0.0,-0.3,34397.020999663626,30622.737999997273,34089.82099966362,30929.93799999727,34397.020999663626,EPSG:3414
tile_x94080_y52864.png,train,94080,52864,1024,1024,0.3,0.0,30891.537999997272,0.0,-0.3,34397.020999663626,30891.537999997272,34089.82099966362,31198.737999997273,34397.020999663626,EPSG:3414
tile_x95872_y52864.png,train,95872,52864,1024,1024,0.3,0.0,31429.13799999727,0.0,-0.3,34397.020999663626,31429.13799999727,34089.82099966362,31736.33799999727,34397.020999663626,EPSG:3414
tile_x96768_y52864.png,train,96768,52864,1024,1024,0.3,0.0,31697.93799999727,0.0,-0.3,34397.020999663626,31697.93799999727,34089.82099966362,32005.13799999727,34397.020999663626,EPSG:3414
tile_x101248_y52864.png,train,101248,52864,1024,1024,0.3,0.0,33041.93799999727,0.0,-0.3,34397.020999663626,33041.93799999727,34089.82099966362,33349.13799999727,34397.020999663626,EPSG:3414
tile_x102144_y52864.png,train,102144,52864,1024,1024,0.3,0.0,33310.73799999727,0.0,-0.3,34397.020999663626,33310.73799999727,34089.82099966362,33617.93799999727,34397.020999663626,EPSG:3414
tile_x103040_y52864.png,train,103040,52864,1024,1024,0.3,0.0,33579.53799999727,0.0,-0.3,34397.020999663626,33579.53799999727,34089.82099966362,33886.73799999727,34397.020999663626,EPSG:3414
tile_x103936_y52864.png,train,103936,52864,1024,1024,0.3,0.0,33848.33799999727,0.0,-0.3,34397.020999663626,33848.33799999727,34089.82099966362,34155.53799999727,34397.020999663626,EPSG:3414
tile_x104832_y52864.png,train,104832,52864,1024,1024,0.3,0.0,34117.13799999727,0.0,-0.3,34397.020999663626,34117.13799999727,34089.82099966362,34424.33799999727,34397.020999663626,EPSG:3414
tile_x105728_y52864.png,train,105728,52864,1024,1024,0.3,0.0,34385.93799999727,0.0,-0.3,34397.020999663626,34385.93799999727,34089.82099966362,34693.13799999727,34397.020999663626,EPSG:3414
tile_x108416_y52864.png,train,108416,52864,1024,1024,0.3,0.0,35192.33799999727,0.0,-0.3,34397.020999663626,35192.33799999727,34089.82099966362,35499.53799999727,34397.020999663626,EPSG:3414
tile_x109312_y52864.png,train,109312,52864,1024,1024,0.3,0.0,35461.13799999727,0.0,-0.3,34397.020999663626,35461.13799999727,34089.82099966362,35768.33799999727,34397.020999663626,EPSG:3414
tile_x114688_y52864.png,train,114688,52864,1024,1024,0.3,0.0,37073.93799999727,0.0,-0.3,34397.020999663626,37073.93799999727,34089.82099966362,37381.13799999727,34397.020999663626,EPSG:3414
tile_x115584_y52864.png,train,115584,52864,1024,1024,0.3,0.0,37342.73799999727,0.0,-0.3,34397.020999663626,37342.73799999727,34089.82099966362,37649.93799999727,34397.020999663626,EPSG:3414
tile_x119168_y52864.png,train,119168,52864,1024,1024,0.3,0.0,38417.93799999727,0.0,-0.3,34397.020999663626,38417.93799999727,34089.82099966362,38725.13799999727,34397.020999663626,EPSG:3414
tile_x120064_y52864.png,train,120064,52864,1024,1024,0.3,0.0,38686.73799999727,0.0,-0.3,34397.020999663626,38686.73799999727,34089.82099966362,38993.93799999727,34397.020999663626,EPSG:3414
tile_x122752_y52864.png,val,122752,52864,1024,1024,0.3,0.0,39493.13799999727,0.0,-0.3,34397.020999663626,39493.13799999727,34089.82099966362,39800.33799999727,34397.020999663626,EPSG:3414
tile_x123648_y52864.png,val,123648,52864,1024,1024,0.3,0.0,39761.93799999727,0.0,-0.3,34397.020999663626,39761.93799999727,34089.82099966362,40069.13799999727,34397.020999663626,EPSG:3414
tile_x124544_y52864.png,val,124544,52864,1024,1024,0.3,0.0,40030.73799999727,0.0,-0.3,34397.020999663626,40030.73799999727,34089.82099966362,40337.93799999727,34397.020999663626,EPSG:3414
tile_x125440_y52864.png,val,125440,52864,1024,1024,0.3,0.0,40299.53799999727,0.0,-0.3,34397.020999663626,40299.53799999727,34089.82099966362,40606.73799999727,34397.020999663626,EPSG:3414
tile_x126336_y52864.png,val,126336,52864,1024,1024,0.3,0.0,40568.33799999727,0.0,-0.3,34397.020999663626,40568.33799999727,34089.82099966362,40875.53799999727,34397.020999663626,EPSG:3414
tile_x127232_y52864.png,val,127232,52864,1024,1024,0.3,0.0,40837.13799999727,0.0,-0.3,34397.020999663626,40837.13799999727,34089.82099966362,41144.33799999727,34397.020999663626,EPSG:3414
tile_x128128_y52864.png,val,128128,52864,1024,1024,0.3,0.0,41105.93799999727,0.0,-0.3,34397.020999663626,41105.93799999727,34089.82099966362,41413.13799999727,34397.020999663626,EPSG:3414
tile_x23296_y53760.png,train,23296,53760,1024,1024,0.3,0.0,9656.337999997271,0.0,-0.3,34128.22099966362,9656.337999997271,33821.020999663626,9963.537999997272,34128.22099966362,EPSG:3414
tile_x24192_y53760.png,train,24192,53760,1024,1024,0.3,0.0,9925.13799999727,0.0,-0.3,34128.22099966362,9925.13799999727,33821.020999663626,10232.337999997271,34128.22099966362,EPSG:3414
tile_x26880_y53760.png,train,26880,53760,1024,1024,0.3,0.0,10731.537999997272,0.0,-0.3,34128.22099966362,10731.537999997272,33821.020999663626,11038.73799999727,34128.22099966362,EPSG:3414
tile_x28672_y53760.png,val,28672,53760,1024,1024,0.3,0.0,11269.137999997272,0.0,-0.3,34128.22099966362,11269.137999997272,33821.020999663626,11576.337999997271,34128.22099966362,EPSG:3414
tile_x29568_y53760.png,val,29568,53760,1024,1024,0.3,0.0,11537.937999997272,0.0,-0.3,34128.22099966362,11537.937999997272,33821.020999663626,11845.137999997272,34128.22099966362,EPSG:3414
tile_x31360_y53760.png,val,31360,53760,1024,1024,0.3,0.0,12075.537999997272,0.0,-0.3,34128.22099966362,12075.537999997272,33821.020999663626,12382.73799999727,34128.22099966362,EPSG:3414
tile_x32256_y53760.png,val,32256,53760,1024,1024,0.3,0.0,12344.337999997271,0.0,-0.3,34128.22099966362,12344.337999997271,33821.020999663626,12651.537999997272,34128.22099966362,EPSG:3414
tile_x35840_y53760.png,val,35840,53760,1024,1024,0.3,0.0,13419.537999997272,0.0,-0.3,34128.22099966362,13419.537999997272,33821.020999663626,13726.73799999727,34128.22099966362,EPSG:3414
tile_x42112_y53760.png,train,42112,53760,1024,1024,0.3,0.0,15301.137999997272,0.0,-0.3,34128.22099966362,15301.137999997272,33821.020999663626,15608.337999997271,34128.22099966362,EPSG:3414
tile_x43008_y53760.png,train,43008,53760,1024,1024,0.3,0.0,15569.937999997272,0.0,-0.3,34128.22099966362,15569.937999997272,33821.020999663626,15877.137999997272,34128.22099966362,EPSG:3414
tile_x49280_y53760.png,train,49280,53760,1024,1024,0.3,0.0,17451.537999997272,0.0,-0.3,34128.22099966362,17451.537999997272,33821.020999663626,17758.73799999727,34128.22099966362,EPSG:3414
tile_x50176_y53760.png,train,50176,53760,1024,1024,0.3,0.0,17720.33799999727,0.0,-0.3,34128.22099966362,17720.33799999727,33821.020999663626,18027.537999997272,34128.22099966362,EPSG:3414
tile_x51072_y53760.png,train,51072,53760,1024,1024,0.3,0.0,17989.13799999727,0.0,-0.3,34128.22099966362,17989.13799999727,33821.020999663626,18296.33799999727,34128.22099966362,EPSG:3414
tile_x51968_y53760.png,train,51968,53760,1024,1024,0.3,0.0,18257.937999997273,0.0,-0.3,34128.22099966362,18257.937999997273,33821.020999663626,18565.13799999727,34128.22099966362,EPSG:3414
tile_x52864_y53760.png,val,52864,53760,1024,1024,0.3,0.0,18526.73799999727,0.0,-0.3,34128.22099966362,18526.73799999727,33821.020999663626,18833.937999997273,34128.22099966362,EPSG:3414
tile_x53760_y53760.png,val,53760,53760,1024,1024,0.3,0.0,18795.537999997272,0.0,-0.3,34128.22099966362,18795.537999997272,33821.020999663626,19102.737999997273,34128.22099966362,EPSG:3414
tile_x60928_y53760.png,val,60928,53760,1024,1024,0.3,0.0,20945.93799999727,0.0,-0.3,34128.22099966362,20945.93799999727,33821.020999663626,21253.13799999727,34128.22099966362,EPSG:3414
tile_x61824_y53760.png,val,61824,53760,1024,1024,0.3,0.0,21214.737999997273,0.0,-0.3,34128.22099966362,21214.737999997273,33821.020999663626,21521.93799999727,34128.22099966362,EPSG:3414
tile_x74368_y53760.png,train,74368,53760,1024,1024,0.3,0.0,24977.93799999727,0.0,-0.3,34128.22099966362,24977.93799999727,33821.020999663626,25285.13799999727,34128.22099966362,EPSG:3414
tile_x75264_y53760.png,train,75264,53760,1024,1024,0.3,0.0,25246.737999997273,0.0,-0.3,34128.22099966362,25246.737999997273,33821.020999663626,25553.93799999727,34128.22099966362,EPSG:3414
tile_x77056_y53760.png,train,77056,53760,1024,1024,0.3,0.0,25784.33799999727,0.0,-0.3,34128.22099966362,25784.33799999727,33821.020999663626,26091.537999997272,34128.22099966362,EPSG:3414
tile_x77952_y53760.png,val,77952,53760,1024,1024,0.3,0.0,26053.13799999727,0.0,-0.3,34128.22099966362,26053.13799999727,33821.020999663626,26360.33799999727,34128.22099966362,EPSG:3414
tile_x78848_y53760.png,val,78848,53760,1024,1024,0.3,0.0,26321.93799999727,0.0,-0.3,34128.22099966362,26321.93799999727,33821.020999663626,26629.13799999727,34128.22099966362,EPSG:3414
tile_x80640_y53760.png,val,80640,53760,1024,1024,0.3,0.0,26859.537999997272,0.0,-0.3,34128.22099966362,26859.537999997272,33821.020999663626,27166.737999997273,34128.22099966362,EPSG:3414
tile_x81536_y53760.png,train,81536,53760,1024,1024,0.3,0.0,27128.33799999727,0.0,-0.3,34128.22099966362,27128.33799999727,33821.020999663626,27435.537999997272,34128.22099966362,EPSG:3414
tile_x86912_y53760.png,train,86912,53760,1024,1024,0.3,0.0,28741.13799999727,0.0,-0.3,34128.22099966362,28741.13799999727,33821.020999663626,29048.33799999727,34128.22099966362,EPSG:3414
tile_x87808_y53760.png,train,87808,53760,1024,1024,0.3,0.0,29009.93799999727,0.0,-0.3,34128.22099966362,29009.93799999727,33821.020999663626,29317.13799999727,34128.22099966362,EPSG:3414
tile_x88704_y53760.png,train,88704,53760,1024,1024,0.3,0.0,29278.737999997273,0.0,-0.3,34128.22099966362,29278.737999997273,33821.020999663626,29585.93799999727,34128.22099966362,EPSG:3414
tile_x90496_y53760.png,train,90496,53760,1024,1024,0.3,0.0,29816.33799999727,0.0,-0.3,34128.22099966362,29816.33799999727,33821.020999663626,30123.537999997272,34128.22099966362,EPSG:3414
tile_x91392_y53760.png,train,91392,53760,1024,1024,0.3,0.0,30085.13799999727,0.0,-0.3,34128.22099966362,30085.13799999727,33821.020999663626,30392.33799999727,34128.22099966362,EPSG:3414
tile_x93184_y53760.png,train,93184,53760,1024,1024,0.3,0.0,30622.737999997273,0.0,-0.3,34128.22099966362,30622.737999997273,33821.020999663626,30929.93799999727,34128.22099966362,EPSG:3414
tile_x94080_y53760.png,train,94080,53760,1024,1024,0.3,0.0,30891.537999997272,0.0,-0.3,34128.22099966362,30891.537999997272,33821.020999663626,31198.737999997273,34128.22099966362,EPSG:3414
tile_x94976_y53760.png,train,94976,53760,1024,1024,0.3,0.0,31160.33799999727,0.0,-0.3,34128.22099966362,31160.33799999727,33821.020999663626,31467.537999997272,34128.22099966362,EPSG:3414
tile_x95872_y53760.png,train,95872,53760,1024,1024,0.3,0.0,31429.13799999727,0.0,-0.3,34128.22099966362,31429.13799999727,33821.020999663626,31736.33799999727,34128.22099966362,EPSG:3414
tile_x96768_y53760.png,train,96768,53760,1024,1024,0.3,0.0,31697.93799999727,0.0,-0.3,34128.22099966362,31697.93799999727,33821.020999663626,32005.13799999727,34128.22099966362,EPSG:3414
tile_x97664_y53760.png,train,97664,53760,1024,1024,0.3,0.0,31966.737999997273,0.0,-0.3,34128.22099966362,31966.737999997273,33821.020999663626,32273.93799999727,34128.22099966362,EPSG:3414
tile_x98560_y53760.png,train,98560,53760,1024,1024,0.3,0.0,32235.537999997272,0.0,-0.3,34128.22099966362,32235.537999997272,33821.020999663626,32542.73799999727,34128.22099966362,EPSG:3414
tile_x99456_y53760.png,train,99456,53760,1024,1024,0.3,0.0,32504.33799999727,0.0,-0.3,34128.22099966362,32504.33799999727,33821.020999663626,32811.53799999727,34128.22099966362,EPSG:3414
tile_x101248_y53760.png,train,101248,53760,1024,1024,0.3,0.0,33041.93799999727,0.0,-0.3,34128.22099966362,33041.93799999727,33821.020999663626,33349.13799999727,34128.22099966362,EPSG:3414
tile_x102144_y53760.png,train,102144,53760,1024,1024,0.3,0.0,33310.73799999727,0.0,-0.3,34128.22099966362,33310.73799999727,33821.020999663626,33617.93799999727,34128.22099966362,EPSG:3414
tile_x103040_y53760.png,train,103040,53760,1024,1024,0.3,0.0,33579.53799999727,0.0,-0.3,34128.22099966362,33579.53799999727,33821.020999663626,33886.73799999727,34128.22099966362,EPSG:3414
tile_x103936_y53760.png,train,103936,53760,1024,1024,0.3,0.0,33848.33799999727,0.0,-0.3,34128.22099966362,33848.33799999727,33821.020999663626,34155.53799999727,34128.22099966362,EPSG:3414
tile_x104832_y53760.png,train,104832,53760,1024,1024,0.3,0.0,34117.13799999727,0.0,-0.3,34128.22099966362,34117.13799999727,33821.020999663626,34424.33799999727,34128.22099966362,EPSG:3414
tile_x105728_y53760.png,train,105728,53760,1024,1024,0.3,0.0,34385.93799999727,0.0,-0.3,34128.22099966362,34385.93799999727,33821.020999663626,34693.13799999727,34128.22099966362,EPSG:3414
tile_x110208_y53760.png,train,110208,53760,1024,1024,0.3,0.0,35729.93799999727,0.0,-0.3,34128.22099966362,35729.93799999727,33821.020999663626,36037.13799999727,34128.22099966362,EPSG:3414
tile_x111104_y53760.png,train,111104,53760,1024,1024,0.3,0.0,35998.73799999727,0.0,-0.3,34128.22099966362,35998.73799999727,33821.020999663626,36305.93799999727,34128.22099966362,EPSG:3414
tile_x119168_y53760.png,train,119168,53760,1024,1024,0.3,0.0,38417.93799999727,0.0,-0.3,34128.22099966362,38417.93799999727,33821.020999663626,38725.13799999727,34128.22099966362,EPSG:3414
tile_x120064_y53760.png,train,120064,53760,1024,1024,0.3,0.0,38686.73799999727,0.0,-0.3,34128.22099966362,38686.73799999727,33821.020999663626,38993.93799999727,34128.22099966362,EPSG:3414
tile_x122752_y53760.png,val,122752,53760,1024,1024,0.3,0.0,39493.13799999727,0.0,-0.3,34128.22099966362,39493.13799999727,33821.020999663626,39800.33799999727,34128.22099966362,EPSG:3414
tile_x123648_y53760.png,val,123648,53760,1024,1024,0.3,0.0,39761.93799999727,0.0,-0.3,34128.22099966362,39761.93799999727,33821.020999663626,40069.13799999727,34128.22099966362,EPSG:3414
tile_x124544_y53760.png,val,124544,53760,1024,1024,0.3,0.0,40030.73799999727,0.0,-0.3,34128.22099966362,40030.73799999727,33821.020999663626,40337.93799999727,34128.22099966362,EPSG:3414
tile_x125440_y53760.png,val,125440,53760,1024,1024,0.3,0.0,40299.53799999727,0.0,-0.3,34128.22099966362,40299.53799999727,33821.020999663626,40606.73799999727,34128.22099966362,EPSG:3414
tile_x128128_y53760.png,val,128128,53760,1024,1024,0.3,0.0,41105.93799999727,0.0,-0.3,34128.22099966362,41105.93799999727,33821.020999663626,41413.13799999727,34128.22099966362,EPSG:3414
tile_x19712_y54656.png,train,19712,54656,1024,1024,0.3,0.0,8581.13799999727,0.0,-0.3,33859.42099966362,8581.13799999727,33552.22099966362,8888.337999997271,33859.42099966362,EPSG:3414
tile_x20608_y54656.png,train,20608,54656,1024,1024,0.3,0.0,8849.937999997272,0.0,-0.3,33859.42099966362,8849.937999997272,33552.22099966362,9157.13799999727,33859.42099966362,EPSG:3414
tile_x23296_y54656.png,train,23296,54656,1024,1024,0.3,0.0,9656.337999997271,0.0,-0.3,33859.42099966362,9656.337999997271,33552.22099966362,9963.537999997272,33859.42099966362,EPSG:3414
tile_x24192_y54656.png,train,24192,54656,1024,1024,0.3,0.0,9925.13799999727,0.0,-0.3,33859.42099966362,9925.13799999727,33552.22099966362,10232.337999997271,33859.42099966362,EPSG:3414
tile_x28672_y54656.png,val,28672,54656,1024,1024,0.3,0.0,11269.137999997272,0.0,-0.3,33859.42099966362,11269.137999997272,33552.22099966362,11576.337999997271,33859.42099966362,EPSG:3414
tile_x29568_y54656.png,val,29568,54656,1024,1024,0.3,0.0,11537.937999997272,0.0,-0.3,33859.42099966362,11537.937999997272,33552.22099966362,11845.137999997272,33859.42099966362,EPSG:3414
tile_x31360_y54656.png,val,31360,54656,1024,1024,0.3,0.0,12075.537999997272,0.0,-0.3,33859.42099966362,12075.537999997272,33552.22099966362,12382.73799999727,33859.42099966362,EPSG:3414
tile_x32256_y54656.png,val,32256,54656,1024,1024,0.3,0.0,12344.337999997271,0.0,-0.3,33859.42099966362,12344.337999997271,33552.22099966362,12651.537999997272,33859.42099966362,EPSG:3414
tile_x35840_y54656.png,val,35840,54656,1024,1024,0.3,0.0,13419.537999997272,0.0,-0.3,33859.42099966362,13419.537999997272,33552.22099966362,13726.73799999727,33859.42099966362,EPSG:3414
tile_x48384_y54656.png,train,48384,54656,1024,1024,0.3,0.0,17182.73799999727,0.0,-0.3,33859.42099966362,17182.73799999727,33552.22099966362,17489.937999997273,33859.42099966362,EPSG:3414
tile_x51072_y54656.png,train,51072,54656,1024,1024,0.3,0.0,17989.13799999727,0.0,-0.3,33859.42099966362,17989.13799999727,33552.22099966362,18296.33799999727,33859.42099966362,EPSG:3414
tile_x51968_y54656.png,train,51968,54656,1024,1024,0.3,0.0,18257.937999997273,0.0,-0.3,33859.42099966362,18257.937999997273,33552.22099966362,18565.13799999727,33859.42099966362,EPSG:3414
tile_x52864_y54656.png,val,52864,54656,1024,1024,0.3,0.0,18526.73799999727,0.0,-0.3,33859.42099966362,18526.73799999727,33552.22099966362,18833.937999997273,33859.42099966362,EPSG:3414
tile_x53760_y54656.png,val,53760,54656,1024,1024,0.3,0.0,18795.537999997272,0.0,-0.3,33859.42099966362,18795.537999997272,33552.22099966362,19102.737999997273,33859.42099966362,EPSG:3414
tile_x54656_y54656.png,val,54656,54656,1024,1024,0.3,0.0,19064.33799999727,0.0,-0.3,33859.42099966362,19064.33799999727,33552.22099966362,19371.537999997272,33859.42099966362,EPSG:3414
tile_x57344_y54656.png,train,57344,54656,1024,1024,0.3,0.0,19870.737999997273,0.0,-0.3,33859.42099966362,19870.737999997273,33552.22099966362,20177.93799999727,33859.42099966362,EPSG:3414
tile_x58240_y54656.png,train,58240,54656,1024,1024,0.3,0.0,20139.537999997272,0.0,-0.3,33859.42099966362,20139.537999997272,33552.22099966362,20446.737999997273,33859.42099966362,EPSG:3414
tile_x61824_y54656.png,val,61824,54656,1024,1024,0.3,0.0,21214.737999997273,0.0,-0.3,33859.42099966362,21214.737999997273,33552.22099966362,21521.93799999727,33859.42099966362,EPSG:3414
tile_x63616_y54656.png,val,63616,54656,1024,1024,0.3,0.0,21752.33799999727,0.0,-0.3,33859.42099966362,21752.33799999727,33552.22099966362,22059.537999997272,33859.42099966362,EPSG:3414
tile_x64512_y54656.png,val,64512,54656,1024,1024,0.3,0.0,22021.13799999727,0.0,-0.3,33859.42099966362,22021.13799999727,33552.22099966362,22328.33799999727,33859.42099966362,EPSG:3414
tile_x76160_y54656.png,train,76160,54656,1024,1024,0.3,0.0,25515.537999997272,0.0,-0.3,33859.42099966362,25515.537999997272,33552.22099966362,25822.737999997273,33859.42099966362,EPSG:3414
tile_x77056_y54656.png,train,77056,54656,1024,1024,0.3,0.0,25784.33799999727,0.0,-0.3,33859.42099966362,25784.33799999727,33552.22099966362,26091.537999997272,33859.42099966362,EPSG:3414
tile_x77952_y54656.png,val,77952,54656,1024,1024,0.3,0.0,26053.13799999727,0.0,-0.3,33859.42099966362,26053.13799999727,33552.22099966362,26360.33799999727,33859.42099966362,EPSG:3414
tile_x78848_y54656.png,val,78848,54656,1024,1024,0.3,0.0,26321.93799999727,0.0,-0.3,33859.42099966362,26321.93799999727,33552.22099966362,26629.13799999727,33859.42099966362,EPSG:3414
tile_x79744_y54656.png,val,79744,54656,1024,1024,0.3,0.0,26590.737999997273,0.0,-0.3,33859.42099966362,26590.737999997273,33552.22099966362,26897.93799999727,33859.42099966362,EPSG:3414
tile_x80640_y54656.png,val,80640,54656,1024,1024,0.3,0.0,26859.537999997272,0.0,-0.3,33859.42099966362,26859.537999997272,33552.22099966362,27166.737999997273,33859.42099966362,EPSG:3414
tile_x81536_y54656.png,train,81536,54656,1024,1024,0.3,0.0,27128.33799999727,0.0,-0.3,33859.42099966362,27128.33799999727,33552.22099966362,27435.537999997272,33859.42099966362,EPSG:3414
tile_x82432_y54656.png,train,82432,54656,1024,1024,0.3,0.0,27397.13799999727,0.0,-0.3,33859.42099966362,27397.13799999727,33552.22099966362,27704.33799999727,33859.42099966362,EPSG:3414
tile_x86912_y54656.png,train,86912,54656,1024,1024,0.3,0.0,28741.13799999727,0.0,-0.3,33859.42099966362,28741.13799999727,33552.22099966362,29048.33799999727,33859.42099966362,EPSG:3414
tile_x87808_y54656.png,train,87808,54656,1024,1024,0.3,0.0,29009.93799999727,0.0,-0.3,33859.42099966362,29009.93799999727,33552.22099966362,29317.13799999727,33859.42099966362,EPSG:3414
tile_x88704_y54656.png,train,88704,54656,1024,1024,0.3,0.0,29278.737999997273,0.0,-0.3,33859.42099966362,29278.737999997273,33552.22099966362,29585.93799999727,33859.42099966362,EPSG:3414
tile_x89600_y54656.png,train,89600,54656,1024,1024,0.3,0.0,29547.537999997272,0.0,-0.3,33859.42099966362,29547.537999997272,33552.22099966362,29854.737999997273,33859.42099966362,EPSG:3414
tile_x90496_y54656.png,train,90496,54656,1024,1024,0.3,0.0,29816.33799999727,0.0,-0.3,33859.42099966362,29816.33799999727,33552.22099966362,30123.537999997272,33859.42099966362,EPSG:3414
tile_x91392_y54656.png,train,91392,54656,1024,1024,0.3,0.0,30085.13799999727,0.0,-0.3,33859.42099966362,30085.13799999727,33552.22099966362,30392.33799999727,33859.42099966362,EPSG:3414
tile_x92288_y54656.png,train,92288,54656,1024,1024,0.3,0.0,30353.93799999727,0.0,-0.3,33859.42099966362,30353.93799999727,33552.22099966362,30661.13799999727,33859.42099966362,EPSG:3414
tile_x93184_y54656.png,train,93184,54656,1024,1024,0.3,0.0,30622.737999997273,0.0,-0.3,33859.42099966362,30622.737999997273,33552.22099966362,30929.93799999727,33859.42099966362,EPSG:3414
tile_x94080_y54656.png,train,94080,54656,1024,1024,0.3,0.0,30891.537999997272,0.0,-0.3,33859.42099966362,30891.537999997272,33552.22099966362,31198.737999997273,33859.42099966362,EPSG:3414
tile_x94976_y54656.png,train,94976,54656,1024,1024,0.3,0.0,31160.33799999727,0.0,-0.3,33859.42099966362,31160.33799999727,33552.22099966362,31467.537999997272,33859.42099966362,EPSG:3414
tile_x95872_y54656.png,train,95872,54656,1024,1024,0.3,0.0,31429.13799999727,0.0,-0.3,33859.42099966362,31429.13799999727,33552.22099966362,31736.33799999727,33859.42099966362,EPSG:3414
tile_x97664_y54656.png,train,97664,54656,1024,1024,0.3,0.0,31966.737999997273,0.0,-0.3,33859.42099966362,31966.737999997273,33552.22099966362,32273.93799999727,33859.42099966362,EPSG:3414
tile_x98560_y54656.png,train,98560,54656,1024,1024,0.3,0.0,32235.537999997272,0.0,-0.3,33859.42099966362,32235.537999997272,33552.22099966362,32542.73799999727,33859.42099966362,EPSG:3414
tile_x99456_y54656.png,train,99456,54656,1024,1024,0.3,0.0,32504.33799999727,0.0,-0.3,33859.42099966362,32504.33799999727,33552.22099966362,32811.53799999727,33859.42099966362,EPSG:3414
tile_x101248_y54656.png,train,101248,54656,1024,1024,0.3,0.0,33041.93799999727,0.0,-0.3,33859.42099966362,33041.93799999727,33552.22099966362,33349.13799999727,33859.42099966362,EPSG:3414
tile_x102144_y54656.png,train,102144,54656,1024,1024,0.3,0.0,33310.73799999727,0.0,-0.3,33859.42099966362,33310.73799999727,33552.22099966362,33617.93799999727,33859.42099966362,EPSG:3414
tile_x103040_y54656.png,train,103040,54656,1024,1024,0.3,0.0,33579.53799999727,0.0,-0.3,33859.42099966362,33579.53799999727,33552.22099966362,33886.73799999727,33859.42099966362,EPSG:3414
tile_x103936_y54656.png,train,103936,54656,1024,1024,0.3,0.0,33848.33799999727,0.0,-0.3,33859.42099966362,33848.33799999727,33552.22099966362,34155.53799999727,33859.42099966362,EPSG:3414
tile_x105728_y54656.png,train,105728,54656,1024,1024,0.3,0.0,34385.93799999727,0.0,-0.3,33859.42099966362,34385.93799999727,33552.22099966362,34693.13799999727,33859.42099966362,EPSG:3414
tile_x109312_y54656.png,train,109312,54656,1024,1024,0.3,0.0,35461.13799999727,0.0,-0.3,33859.42099966362,35461.13799999727,33552.22099966362,35768.33799999727,33859.42099966362,EPSG:3414
tile_x110208_y54656.png,train,110208,54656,1024,1024,0.3,0.0,35729.93799999727,0.0,-0.3,33859.42099966362,35729.93799999727,33552.22099966362,36037.13799999727,33859.42099966362,EPSG:3414
tile_x111104_y54656.png,train,111104,54656,1024,1024,0.3,0.0,35998.73799999727,0.0,-0.3,33859.42099966362,35998.73799999727,33552.22099966362,36305.93799999727,33859.42099966362,EPSG:3414
tile_x112000_y54656.png,train,112000,54656,1024,1024,0.3,0.0,36267.53799999727,0.0,-0.3,33859.42099966362,36267.53799999727,33552.22099966362,36574.73799999727,33859.42099966362,EPSG:3414
tile_x112896_y54656.png,train,112896,54656,1024,1024,0.3,0.0,36536.33799999727,0.0,-0.3,33859.42099966362,36536.33799999727,33552.22099966362,36843.53799999727,33859.42099966362,EPSG:3414
tile_x113792_y54656.png,train,113792,54656,1024,1024,0.3,0.0,36805.13799999727,0.0,-0.3,33859.42099966362,36805.13799999727,33552.22099966362,37112.33799999727,33859.42099966362,EPSG:3414
tile_x119168_y54656.png,train,119168,54656,1024,1024,0.3,0.0,38417.93799999727,0.0,-0.3,33859.42099966362,38417.93799999727,33552.22099966362,38725.13799999727,33859.42099966362,EPSG:3414
tile_x122752_y54656.png,val,122752,54656,1024,1024,0.3,0.0,39493.13799999727,0.0,-0.3,33859.42099966362,39493.13799999727,33552.22099966362,39800.33799999727,33859.42099966362,EPSG:3414
tile_x128128_y54656.png,val,128128,54656,1024,1024,0.3,0.0,41105.93799999727,0.0,-0.3,33859.42099966362,41105.93799999727,33552.22099966362,41413.13799999727,33859.42099966362,EPSG:3414
tile_x19712_y55552.png,train,19712,55552,1024,1024,0.3,0.0,8581.13799999727,0.0,-0.3,33590.620999663624,8581.13799999727,33283.42099966362,8888.337999997271,33590.620999663624,EPSG:3414
tile_x23296_y55552.png,train,23296,55552,1024,1024,0.3,0.0,9656.337999997271,0.0,-0.3,33590.620999663624,9656.337999997271,33283.42099966362,9963.537999997272,33590.620999663624,EPSG:3414
tile_x26880_y55552.png,train,26880,55552,1024,1024,0.3,0.0,10731.537999997272,0.0,-0.3,33590.620999663624,10731.537999997272,33283.42099966362,11038.73799999727,33590.620999663624,EPSG:3414
tile_x38528_y55552.png,val,38528,55552,1024,1024,0.3,0.0,14225.937999997272,0.0,-0.3,33590.620999663624,14225.937999997272,33283.42099966362,14533.137999997272,33590.620999663624,EPSG:3414
tile_x51072_y55552.png,train,51072,55552,1024,1024,0.3,0.0,17989.13799999727,0.0,-0.3,33590.620999663624,17989.13799999727,33283.42099966362,18296.33799999727,33590.620999663624,EPSG:3414
tile_x51968_y55552.png,train,51968,55552,1024,1024,0.3,0.0,18257.937999997273,0.0,-0.3,33590.620999663624,18257.937999997273,33283.42099966362,18565.13799999727,33590.620999663624,EPSG:3414
tile_x55552_y55552.png,val,55552,55552,1024,1024,0.3,0.0,19333.13799999727,0.0,-0.3,33590.620999663624,19333.13799999727,33283.42099966362,19640.33799999727,33590.620999663624,EPSG:3414
tile_x56448_y55552.png,val,56448,55552,1024,1024,0.3,0.0,19601.93799999727,0.0,-0.3,33590.620999663624,19601.93799999727,33283.42099966362,19909.13799999727,33590.620999663624,EPSG:3414
tile_x57344_y55552.png,train,57344,55552,1024,1024,0.3,0.0,19870.737999997273,0.0,-0.3,33590.620999663624,19870.737999997273,33283.42099966362,20177.93799999727,33590.620999663624,EPSG:3414
tile_x58240_y55552.png,train,58240,55552,1024,1024,0.3,0.0,20139.537999997272,0.0,-0.3,33590.620999663624,20139.537999997272,33283.42099966362,20446.737999997273,33590.620999663624,EPSG:3414
tile_x59136_y55552.png,train,59136,55552,1024,1024,0.3,0.0,20408.33799999727,0.0,-0.3,33590.620999663624,20408.33799999727,33283.42099966362,20715.537999997272,33590.620999663624,EPSG:3414
tile_x60032_y55552.png,train,60032,55552,1024,1024,0.3,0.0,20677.13799999727,0.0,-0.3,33590.620999663624,20677.13799999727,33283.42099966362,20984.33799999727,33590.620999663624,EPSG:3414
tile_x60928_y55552.png,val,60928,55552,1024,1024,0.3,0.0,20945.93799999727,0.0,-0.3,33590.620999663624,20945.93799999727,33283.42099966362,21253.13799999727,33590.620999663624,EPSG:3414
tile_x61824_y55552.png,val,61824,55552,1024,1024,0.3,0.0,21214.737999997273,0.0,-0.3,33590.620999663624,21214.737999997273,33283.42099966362,21521.93799999727,33590.620999663624,EPSG:3414
tile_x65408_y55552.png,val,65408,55552,1024,1024,0.3,0.0,22289.93799999727,0.0,-0.3,33590.620999663624,22289.93799999727,33283.42099966362,22597.13799999727,33590.620999663624,EPSG:3414
tile_x66304_y55552.png,val,66304,55552,1024,1024,0.3,0.0,22558.737999997273,0.0,-0.3,33590.620999663624,22558.737999997273,33283.42099966362,22865.93799999727,33590.620999663624,EPSG:3414
tile_x74368_y55552.png,train,74368,55552,1024,1024,0.3,0.0,24977.93799999727,0.0,-0.3,33590.620999663624,24977.93799999727,33283.42099966362,25285.13799999727,33590.620999663624,EPSG:3414
tile_x75264_y55552.png,train,75264,55552,1024,1024,0.3,0.0,25246.737999997273,0.0,-0.3,33590.620999663624,25246.737999997273,33283.42099966362,25553.93799999727,33590.620999663624,EPSG:3414
tile_x81536_y55552.png,train,81536,55552,1024,1024,0.3,0.0,27128.33799999727,0.0,-0.3,33590.620999663624,27128.33799999727,33283.42099966362,27435.537999997272,33590.620999663624,EPSG:3414
tile_x82432_y55552.png,train,82432,55552,1024,1024,0.3,0.0,27397.13799999727,0.0,-0.3,33590.620999663624,27397.13799999727,33283.42099966362,27704.33799999727,33590.620999663624,EPSG:3414
tile_x83328_y55552.png,train,83328,55552,1024,1024,0.3,0.0,27665.93799999727,0.0,-0.3,33590.620999663624,27665.93799999727,33283.42099966362,27973.13799999727,33590.620999663624,EPSG:3414
tile_x84224_y55552.png,train,84224,55552,1024,1024,0.3,0.0,27934.737999997273,0.0,-0.3,33590.620999663624,27934.737999997273,33283.42099966362,28241.93799999727,33590.620999663624,EPSG:3414
tile_x85120_y55552.png,train,85120,55552,1024,1024,0.3,0.0,28203.537999997272,0.0,-0.3,33590.620999663624,28203.537999997272,33283.42099966362,28510.737999997273,33590.620999663624,EPSG:3414
tile_x86912_y55552.png,train,86912,55552,1024,1024,0.3,0.0,28741.13799999727,0.0,-0.3,33590.620999663624,28741.13799999727,33283.42099966362,29048.33799999727,33590.620999663624,EPSG:3414
tile_x87808_y55552.png,train,87808,55552,1024,1024,0.3,0.0,29009.93799999727,0.0,-0.3,33590.620999663624,29009.93799999727,33283.42099966362,29317.13799999727,33590.620999663624,EPSG:3414
tile_x88704_y55552.png,train,88704,55552,1024,1024,0.3,0.0,29278.737999997273,0.0,-0.3,33590.620999663624,29278.737999997273,33283.42099966362,29585.93799999727,33590.620999663624,EPSG:3414
tile_x89600_y55552.png,train,89600,55552,1024,1024,0.3,0.0,29547.537999997272,0.0,-0.3,33590.620999663624,29547.537999997272,33283.42099966362,29854.737999997273,33590.620999663624,EPSG:3414
tile_x90496_y55552.png,train,90496,55552,1024,1024,0.3,0.0,29816.33799999727,0.0,-0.3,33590.620999663624,29816.33799999727,33283.42099966362,30123.537999997272,33590.620999663624,EPSG:3414
tile_x91392_y55552.png,train,91392,55552,1024,1024,0.3,0.0,30085.13799999727,0.0,-0.3,33590.620999663624,30085.13799999727,33283.42099966362,30392.33799999727,33590.620999663624,EPSG:3414
tile_x92288_y55552.png,train,92288,55552,1024,1024,0.3,0.0,30353.93799999727,0.0,-0.3,33590.620999663624,30353.93799999727,33283.42099966362,30661.13799999727,33590.620999663624,EPSG:3414
tile_x94080_y55552.png,train,94080,55552,1024,1024,0.3,0.0,30891.537999997272,0.0,-0.3,33590.620999663624,30891.537999997272,33283.42099966362,31198.737999997273,33590.620999663624,EPSG:3414
tile_x94976_y55552.png,train,94976,55552,1024,1024,0.3,0.0,31160.33799999727,0.0,-0.3,33590.620999663624,31160.33799999727,33283.42099966362,31467.537999997272,33590.620999663624,EPSG:3414
tile_x97664_y55552.png,train,97664,55552,1024,1024,0.3,0.0,31966.737999997273,0.0,-0.3,33590.620999663624,31966.737999997273,33283.42099966362,32273.93799999727,33590.620999663624,EPSG:3414
tile_x98560_y55552.png,train,98560,55552,1024,1024,0.3,0.0,32235.537999997272,0.0,-0.3,33590.620999663624,32235.537999997272,33283.42099966362,32542.73799999727,33590.620999663624,EPSG:3414
tile_x99456_y55552.png,train,99456,55552,1024,1024,0.3,0.0,32504.33799999727,0.0,-0.3,33590.620999663624,32504.33799999727,33283.42099966362,32811.53799999727,33590.620999663624,EPSG:3414
tile_x101248_y55552.png,train,101248,55552,1024,1024,0.3,0.0,33041.93799999727,0.0,-0.3,33590.620999663624,33041.93799999727,33283.42099966362,33349.13799999727,33590.620999663624,EPSG:3414
tile_x102144_y55552.png,train,102144,55552,1024,1024,0.3,0.0,33310.73799999727,0.0,-0.3,33590.620999663624,33310.73799999727,33283.42099966362,33617.93799999727,33590.620999663624,EPSG:3414
tile_x103040_y55552.png,train,103040,55552,1024,1024,0.3,0.0,33579.53799999727,0.0,-0.3,33590.620999663624,33579.53799999727,33283.42099966362,33886.73799999727,33590.620999663624,EPSG:3414
tile_x103936_y55552.png,train,103936,55552,1024,1024,0.3,0.0,33848.33799999727,0.0,-0.3,33590.620999663624,33848.33799999727,33283.42099966362,34155.53799999727,33590.620999663624,EPSG:3414
tile_x105728_y55552.png,train,105728,55552,1024,1024,0.3,0.0,34385.93799999727,0.0,-0.3,33590.620999663624,34385.93799999727,33283.42099966362,34693.13799999727,33590.620999663624,EPSG:3414
tile_x108416_y55552.png,train,108416,55552,1024,1024,0.3,0.0,35192.33799999727,0.0,-0.3,33590.620999663624,35192.33799999727,33283.42099966362,35499.53799999727,33590.620999663624,EPSG:3414
tile_x109312_y55552.png,train,109312,55552,1024,1024,0.3,0.0,35461.13799999727,0.0,-0.3,33590.620999663624,35461.13799999727,33283.42099966362,35768.33799999727,33590.620999663624,EPSG:3414
tile_x110208_y55552.png,train,110208,55552,1024,1024,0.3,0.0,35729.93799999727,0.0,-0.3,33590.620999663624,35729.93799999727,33283.42099966362,36037.13799999727,33590.620999663624,EPSG:3414
tile_x111104_y55552.png,train,111104,55552,1024,1024,0.3,0.0,35998.73799999727,0.0,-0.3,33590.620999663624,35998.73799999727,33283.42099966362,36305.93799999727,33590.620999663624,EPSG:3414
tile_x113792_y55552.png,train,113792,55552,1024,1024,0.3,0.0,36805.13799999727,0.0,-0.3,33590.620999663624,36805.13799999727,33283.42099966362,37112.33799999727,33590.620999663624,EPSG:3414
tile_x117376_y55552.png,train,117376,55552,1024,1024,0.3,0.0,37880.33799999727,0.0,-0.3,33590.620999663624,37880.33799999727,33283.42099966362,38187.53799999727,33590.620999663624,EPSG:3414
tile_x121856_y55552.png,train,121856,55552,1024,1024,0.3,0.0,39224.33799999727,0.0,-0.3,33590.620999663624,39224.33799999727,33283.42099966362,39531.53799999727,33590.620999663624,EPSG:3414
tile_x125440_y55552.png,val,125440,55552,1024,1024,0.3,0.0,40299.53799999727,0.0,-0.3,33590.620999663624,40299.53799999727,33283.42099966362,40606.73799999727,33590.620999663624,EPSG:3414
tile_x133504_y55552.png,val,133504,55552,1024,1024,0.3,0.0,42718.73799999727,0.0,-0.3,33590.620999663624,42718.73799999727,33283.42099966362,43025.93799999727,33590.620999663624,EPSG:3414
tile_x134400_y55552.png,val,134400,55552,1024,1024,0.3,0.0,42987.53799999727,0.0,-0.3,33590.620999663624,42987.53799999727,33283.42099966362,43294.73799999727,33590.620999663624,EPSG:3414
tile_x12544_y56448.png,val,12544,56448,1024,1024,0.3,0.0,6430.737999997272,0.0,-0.3,33321.82099966363,6430.737999997272,33014.620999663624,6737.937999997272,33321.82099966363,EPSG:3414
tile_x55552_y56448.png,val,55552,56448,1024,1024,0.3,0.0,19333.13799999727,0.0,-0.3,33321.82099966363,19333.13799999727,33014.620999663624,19640.33799999727,33321.82099966363,EPSG:3414
tile_x56448_y56448.png,val,56448,56448,1024,1024,0.3,0.0,19601.93799999727,0.0,-0.3,33321.82099966363,19601.93799999727,33014.620999663624,19909.13799999727,33321.82099966363,EPSG:3414
tile_x57344_y56448.png,train,57344,56448,1024,1024,0.3,0.0,19870.737999997273,0.0,-0.3,33321.82099966363,19870.737999997273,33014.620999663624,20177.93799999727,33321.82099966363,EPSG:3414
tile_x58240_y56448.png,train,58240,56448,1024,1024,0.3,0.0,20139.537999997272,0.0,-0.3,33321.82099966363,20139.537999997272,33014.620999663624,20446.737999997273,33321.82099966363,EPSG:3414
tile_x59136_y56448.png,train,59136,56448,1024,1024,0.3,0.0,20408.33799999727,0.0,-0.3,33321.82099966363,20408.33799999727,33014.620999663624,20715.537999997272,33321.82099966363,EPSG:3414
tile_x60032_y56448.png,train,60032,56448,1024,1024,0.3,0.0,20677.13799999727,0.0,-0.3,33321.82099966363,20677.13799999727,33014.620999663624,20984.33799999727,33321.82099966363,EPSG:3414
tile_x60928_y56448.png,val,60928,56448,1024,1024,0.3,0.0,20945.93799999727,0.0,-0.3,33321.82099966363,20945.93799999727,33014.620999663624,21253.13799999727,33321.82099966363,EPSG:3414
tile_x62720_y56448.png,val,62720,56448,1024,1024,0.3,0.0,21483.537999997272,0.0,-0.3,33321.82099966363,21483.537999997272,33014.620999663624,21790.737999997273,33321.82099966363,EPSG:3414
tile_x63616_y56448.png,val,63616,56448,1024,1024,0.3,0.0,21752.33799999727,0.0,-0.3,33321.82099966363,21752.33799999727,33014.620999663624,22059.537999997272,33321.82099966363,EPSG:3414
tile_x73472_y56448.png,train,73472,56448,1024,1024,0.3,0.0,24709.13799999727,0.0,-0.3,33321.82099966363,24709.13799999727,33014.620999663624,25016.33799999727,33321.82099966363,EPSG:3414
tile_x74368_y56448.png,train,74368,56448,1024,1024,0.3,0.0,24977.93799999727,0.0,-0.3,33321.82099966363,24977.93799999727,33014.620999663624,25285.13799999727,33321.82099966363,EPSG:3414
tile_x80640_y56448.png,val,80640,56448,1024,1024,0.3,0.0,26859.537999997272,0.0,-0.3,33321.82099966363,26859.537999997272,33014.620999663624,27166.737999997273,33321.82099966363,EPSG:3414
tile_x81536_y56448.png,train,81536,56448,1024,1024,0.3,0.0,27128.33799999727,0.0,-0.3,33321.82099966363,27128.33799999727,33014.620999663624,27435.537999997272,33321.82099966363,EPSG:3414
tile_x84224_y56448.png,train,84224,56448,1024,1024,0.3,0.0,27934.737999997273,0.0,-0.3,33321.82099966363,27934.737999997273,33014.620999663624,28241.93799999727,33321.82099966363,EPSG:3414
tile_x85120_y56448.png,train,85120,56448,1024,1024,0.3,0.0,28203.537999997272,0.0,-0.3,33321.82099966363,28203.537999997272,33014.620999663624,28510.737999997273,33321.82099966363,EPSG:3414
tile_x86016_y56448.png,train,86016,56448,1024,1024,0.3,0.0,28472.33799999727,0.0,-0.3,33321.82099966363,28472.33799999727,33014.620999663624,28779.537999997272,33321.82099966363,EPSG:3414
tile_x86912_y56448.png,train,86912,56448,1024,1024,0.3,0.0,28741.13799999727,0.0,-0.3,33321.82099966363,28741.13799999727,33014.620999663624,29048.33799999727,33321.82099966363,EPSG:3414
tile_x87808_y56448.png,train,87808,56448,1024,1024,0.3,0.0,29009.93799999727,0.0,-0.3,33321.82099966363,29009.93799999727,33014.620999663624,29317.13799999727,33321.82099966363,EPSG:3414
tile_x89600_y56448.png,train,89600,56448,1024,1024,0.3,0.0,29547.537999997272,0.0,-0.3,33321.82099966363,29547.537999997272,33014.620999663624,29854.737999997273,33321.82099966363,EPSG:3414
tile_x90496_y56448.png,train,90496,56448,1024,1024,0.3,0.0,29816.33799999727,0.0,-0.3,33321.82099966363,29816.33799999727,33014.620999663624,30123.537999997272,33321.82099966363,EPSG:3414
tile_x91392_y56448.png,train,91392,56448,1024,1024,0.3,0.0,30085.13799999727,0.0,-0.3,33321.82099966363,30085.13799999727,33014.620999663624,30392.33799999727,33321.82099966363,EPSG:3414
tile_x92288_y56448.png,train,92288,56448,1024,1024,0.3,0.0,30353.93799999727,0.0,-0.3,33321.82099966363,30353.93799999727,33014.620999663624,30661.13799999727,33321.82099966363,EPSG:3414
tile_x93184_y56448.png,train,93184,56448,1024,1024,0.3,0.0,30622.737999997273,0.0,-0.3,33321.82099966363,30622.737999997273,33014.620999663624,30929.93799999727,33321.82099966363,EPSG:3414
tile_x94080_y56448.png,train,94080,56448,1024,1024,0.3,0.0,30891.537999997272,0.0,-0.3,33321.82099966363,30891.537999997272,33014.620999663624,31198.737999997273,33321.82099966363,EPSG:3414
tile_x94976_y56448.png,train,94976,56448,1024,1024,0.3,0.0,31160.33799999727,0.0,-0.3,33321.82099966363,31160.33799999727,33014.620999663624,31467.537999997272,33321.82099966363,EPSG:3414
tile_x95872_y56448.png,train,95872,56448,1024,1024,0.3,0.0,31429.13799999727,0.0,-0.3,33321.82099966363,31429.13799999727,33014.620999663624,31736.33799999727,33321.82099966363,EPSG:3414
tile_x98560_y56448.png,train,98560,56448,1024,1024,0.3,0.0,32235.537999997272,0.0,-0.3,33321.82099966363,32235.537999997272,33014.620999663624,32542.73799999727,33321.82099966363,EPSG:3414
tile_x99456_y56448.png,train,99456,56448,1024,1024,0.3,0.0,32504.33799999727,0.0,-0.3,33321.82099966363,32504.33799999727,33014.620999663624,32811.53799999727,33321.82099966363,EPSG:3414
tile_x101248_y56448.png,train,101248,56448,1024,1024,0.3,0.0,33041.93799999727,0.0,-0.3,33321.82099966363,33041.93799999727,33014.620999663624,33349.13799999727,33321.82099966363,EPSG:3414
tile_x102144_y56448.png,train,102144,56448,1024,1024,0.3,0.0,33310.73799999727,0.0,-0.3,33321.82099966363,33310.73799999727,33014.620999663624,33617.93799999727,33321.82099966363,EPSG:3414
tile_x103040_y56448.png,train,103040,56448,1024,1024,0.3,0.0,33579.53799999727,0.0,-0.3,33321.82099966363,33579.53799999727,33014.620999663624,33886.73799999727,33321.82099966363,EPSG:3414
tile_x103936_y56448.png,train,103936,56448,1024,1024,0.3,0.0,33848.33799999727,0.0,-0.3,33321.82099966363,33848.33799999727,33014.620999663624,34155.53799999727,33321.82099966363,EPSG:3414
tile_x104832_y56448.png,train,104832,56448,1024,1024,0.3,0.0,34117.13799999727,0.0,-0.3,33321.82099966363,34117.13799999727,33014.620999663624,34424.33799999727,33321.82099966363,EPSG:3414
tile_x105728_y56448.png,train,105728,56448,1024,1024,0.3,0.0,34385.93799999727,0.0,-0.3,33321.82099966363,34385.93799999727,33014.620999663624,34693.13799999727,33321.82099966363,EPSG:3414
tile_x106624_y56448.png,train,106624,56448,1024,1024,0.3,0.0,34654.73799999727,0.0,-0.3,33321.82099966363,34654.73799999727,33014.620999663624,34961.93799999727,33321.82099966363,EPSG:3414
tile_x107520_y56448.png,train,107520,56448,1024,1024,0.3,0.0,34923.53799999727,0.0,-0.3,33321.82099966363,34923.53799999727,33014.620999663624,35230.73799999727,33321.82099966363,EPSG:3414
tile_x108416_y56448.png,train,108416,56448,1024,1024,0.3,0.0,35192.33799999727,0.0,-0.3,33321.82099966363,35192.33799999727,33014.620999663624,35499.53799999727,33321.82099966363,EPSG:3414
tile_x109312_y56448.png,train,109312,56448,1024,1024,0.3,0.0,35461.13799999727,0.0,-0.3,33321.82099966363,35461.13799999727,33014.620999663624,35768.33799999727,33321.82099966363,EPSG:3414
tile_x110208_y56448.png,train,110208,56448,1024,1024,0.3,0.0,35729.93799999727,0.0,-0.3,33321.82099966363,35729.93799999727,33014.620999663624,36037.13799999727,33321.82099966363,EPSG:3414
tile_x111104_y56448.png,train,111104,56448,1024,1024,0.3,0.0,35998.73799999727,0.0,-0.3,33321.82099966363,35998.73799999727,33014.620999663624,36305.93799999727,33321.82099966363,EPSG:3414
tile_x112896_y56448.png,train,112896,56448,1024,1024,0.3,0.0,36536.33799999727,0.0,-0.3,33321.82099966363,36536.33799999727,33014.620999663624,36843.53799999727,33321.82099966363,EPSG:3414
tile_x120960_y56448.png,train,120960,56448,1024,1024,0.3,0.0,38955.53799999727,0.0,-0.3,33321.82099966363,38955.53799999727,33014.620999663624,39262.73799999727,33321.82099966363,EPSG:3414
tile_x130816_y56448.png,val,130816,56448,1024,1024,0.3,0.0,41912.33799999727,0.0,-0.3,33321.82099966363,41912.33799999727,33014.620999663624,42219.53799999727,33321.82099966363,EPSG:3414
tile_x25984_y57344.png,train,25984,57344,1024,1024,0.3,0.0,10462.737999997273,0.0,-0.3,33053.020999663626,10462.737999997273,32745.820999663625,10769.937999997272,33053.020999663626,EPSG:3414
tile_x26880_y57344.png,train,26880,57344,1024,1024,0.3,0.0,10731.537999997272,0.0,-0.3,33053.020999663626,10731.537999997272,32745.820999663625,11038.73799999727,33053.020999663626,EPSG:3414
tile_x34048_y57344.png,val,34048,57344,1024,1024,0.3,0.0,12881.937999997272,0.0,-0.3,33053.020999663626,12881.937999997272,32745.820999663625,13189.137999997272,33053.020999663626,EPSG:3414
tile_x34944_y57344.png,val,34944,57344,1024,1024,0.3,0.0,13150.73799999727,0.0,-0.3,33053.020999663626,13150.73799999727,32745.820999663625,13457.937999997272,33053.020999663626,EPSG:3414
tile_x35840_y57344.png,val,35840,57344,1024,1024,0.3,0.0,13419.537999997272,0.0,-0.3,33053.020999663626,13419.537999997272,32745.820999663625,13726.73799999727,33053.020999663626,EPSG:3414
tile_x39424_y57344.png,train,39424,57344,1024,1024,0.3,0.0,14494.73799999727,0.0,-0.3,33053.020999663626,14494.73799999727,32745.820999663625,14801.937999997272,33053.020999663626,EPSG:3414
tile_x40320_y57344.png,train,40320,57344,1024,1024,0.3,0.0,14763.537999997272,0.0,-0.3,33053.020999663626,14763.537999997272,32745.820999663625,15070.73799999727,33053.020999663626,EPSG:3414
tile_x43008_y57344.png,train,43008,57344,1024,1024,0.3,0.0,15569.937999997272,0.0,-0.3,33053.020999663626,15569.937999997272,32745.820999663625,15877.137999997272,33053.020999663626,EPSG:3414
tile_x55552_y57344.png,train,55552,57344,1024,1024,0.3,0.0,19333.13799999727,0.0,-0.3,33053.020999663626,19333.13799999727,32745.820999663625,19640.33799999727,33053.020999663626,EPSG:3414
tile_x57344_y57344.png,train,57344,57344,1024,1024,0.3,0.0,19870.737999997273,0.0,-0.3,33053.020999663626,19870.737999997273,32745.820999663625,20177.93799999727,33053.020999663626,EPSG:3414
tile_x58240_y57344.png,train,58240,57344,1024,1024,0.3,0.0,20139.537999997272,0.0,-0.3,33053.020999663626,20139.537999997272,32745.820999663625,20446.737999997273,33053.020999663626,EPSG:3414
tile_x59136_y57344.png,train,59136,57344,1024,1024,0.3,0.0,20408.33799999727,0.0,-0.3,33053.020999663626,20408.33799999727,32745.820999663625,20715.537999997272,33053.020999663626,EPSG:3414
tile_x60032_y57344.png,train,60032,57344,1024,1024,0.3,0.0,20677.13799999727,0.0,-0.3,33053.020999663626,20677.13799999727,32745.820999663625,20984.33799999727,33053.020999663626,EPSG:3414
tile_x60928_y57344.png,val,60928,57344,1024,1024,0.3,0.0,20945.93799999727,0.0,-0.3,33053.020999663626,20945.93799999727,32745.820999663625,21253.13799999727,33053.020999663626,EPSG:3414
tile_x61824_y57344.png,val,61824,57344,1024,1024,0.3,0.0,21214.737999997273,0.0,-0.3,33053.020999663626,21214.737999997273,32745.820999663625,21521.93799999727,33053.020999663626,EPSG:3414
tile_x62720_y57344.png,val,62720,57344,1024,1024,0.3,0.0,21483.537999997272,0.0,-0.3,33053.020999663626,21483.537999997272,32745.820999663625,21790.737999997273,33053.020999663626,EPSG:3414
tile_x63616_y57344.png,val,63616,57344,1024,1024,0.3,0.0,21752.33799999727,0.0,-0.3,33053.020999663626,21752.33799999727,32745.820999663625,22059.537999997272,33053.020999663626,EPSG:3414
tile_x64512_y57344.png,val,64512,57344,1024,1024,0.3,0.0,22021.13799999727,0.0,-0.3,33053.020999663626,22021.13799999727,32745.820999663625,22328.33799999727,33053.020999663626,EPSG:3414
tile_x67200_y57344.png,val,67200,57344,1024,1024,0.3,0.0,22827.537999997272,0.0,-0.3,33053.020999663626,22827.537999997272,32745.820999663625,23134.737999997273,33053.020999663626,EPSG:3414
tile_x68096_y57344.png,val,68096,57344,1024,1024,0.3,0.0,23096.33799999727,0.0,-0.3,33053.020999663626,23096.33799999727,32745.820999663625,23403.537999997272,33053.020999663626,EPSG:3414
tile_x69888_y57344.png,val,69888,57344,1024,1024,0.3,0.0,23633.93799999727,0.0,-0.3,33053.020999663626,23633.93799999727,32745.820999663625,23941.13799999727,33053.020999663626,EPSG:3414
tile_x70784_y57344.png,val,70784,57344,1024,1024,0.3,0.0,23902.737999997273,0.0,-0.3,33053.020999663626,23902.737999997273,32745.820999663625,24209.93799999727,33053.020999663626,EPSG:3414
tile_x73472_y57344.png,train,73472,57344,1024,1024,0.3,0.0,24709.13799999727,0.0,-0.3,33053.020999663626,24709.13799999727,32745.820999663625,25016.33799999727,33053.020999663626,EPSG:3414
tile_x81536_y57344.png,train,81536,57344,1024,1024,0.3,0.0,27128.33799999727,0.0,-0.3,33053.020999663626,27128.33799999727,32745.820999663625,27435.537999997272,33053.020999663626,EPSG:3414
tile_x85120_y57344.png,train,85120,57344,1024,1024,0.3,0.0,28203.537999997272,0.0,-0.3,33053.020999663626,28203.537999997272,32745.820999663625,28510.737999997273,33053.020999663626,EPSG:3414
tile_x86016_y57344.png,train,86016,57344,1024,1024,0.3,0.0,28472.33799999727,0.0,-0.3,33053.020999663626,28472.33799999727,32745.820999663625,28779.537999997272,33053.020999663626,EPSG:3414
tile_x86912_y57344.png,train,86912,57344,1024,1024,0.3,0.0,28741.13799999727,0.0,-0.3,33053.020999663626,28741.13799999727,32745.820999663625,29048.33799999727,33053.020999663626,EPSG:3414
tile_x89600_y57344.png,train,89600,57344,1024,1024,0.3,0.0,29547.537999997272,0.0,-0.3,33053.020999663626,29547.537999997272,32745.820999663625,29854.737999997273,33053.020999663626,EPSG:3414
tile_x90496_y57344.png,train,90496,57344,1024,1024,0.3,0.0,29816.33799999727,0.0,-0.3,33053.020999663626,29816.33799999727,32745.820999663625,30123.537999997272,33053.020999663626,EPSG:3414
tile_x91392_y57344.png,train,91392,57344,1024,1024,0.3,0.0,30085.13799999727,0.0,-0.3,33053.020999663626,30085.13799999727,32745.820999663625,30392.33799999727,33053.020999663626,EPSG:3414
tile_x92288_y57344.png,train,92288,57344,1024,1024,0.3,0.0,30353.93799999727,0.0,-0.3,33053.020999663626,30353.93799999727,32745.820999663625,30661.13799999727,33053.020999663626,EPSG:3414
tile_x93184_y57344.png,train,93184,57344,1024,1024,0.3,0.0,30622.737999997273,0.0,-0.3,33053.020999663626,30622.737999997273,32745.820999663625,30929.93799999727,33053.020999663626,EPSG:3414
tile_x94080_y57344.png,val,94080,57344,1024,1024,0.3,0.0,30891.537999997272,0.0,-0.3,33053.020999663626,30891.537999997272,32745.820999663625,31198.737999997273,33053.020999663626,EPSG:3414
tile_x94976_y57344.png,val,94976,57344,1024,1024,0.3,0.0,31160.33799999727,0.0,-0.3,33053.020999663626,31160.33799999727,32745.820999663625,31467.537999997272,33053.020999663626,EPSG:3414
tile_x95872_y57344.png,val,95872,57344,1024,1024,0.3,0.0,31429.13799999727,0.0,-0.3,33053.020999663626,31429.13799999727,32745.820999663625,31736.33799999727,33053.020999663626,EPSG:3414
tile_x97664_y57344.png,val,97664,57344,1024,1024,0.3,0.0,31966.737999997273,0.0,-0.3,33053.020999663626,31966.737999997273,32745.820999663625,32273.93799999727,33053.020999663626,EPSG:3414
tile_x98560_y57344.png,val,98560,57344,1024,1024,0.3,0.0,32235.537999997272,0.0,-0.3,33053.020999663626,32235.537999997272,32745.820999663625,32542.73799999727,33053.020999663626,EPSG:3414
tile_x99456_y57344.png,val,99456,57344,1024,1024,0.3,0.0,32504.33799999727,0.0,-0.3,33053.020999663626,32504.33799999727,32745.820999663625,32811.53799999727,33053.020999663626,EPSG:3414
tile_x101248_y57344.png,val,101248,57344,1024,1024,0.3,0.0,33041.93799999727,0.0,-0.3,33053.020999663626,33041.93799999727,32745.820999663625,33349.13799999727,33053.020999663626,EPSG:3414
tile_x102144_y57344.png,train,102144,57344,1024,1024,0.3,0.0,33310.73799999727,0.0,-0.3,33053.020999663626,33310.73799999727,32745.820999663625,33617.93799999727,33053.020999663626,EPSG:3414
tile_x103040_y57344.png,train,103040,57344,1024,1024,0.3,0.0,33579.53799999727,0.0,-0.3,33053.020999663626,33579.53799999727,32745.820999663625,33886.73799999727,33053.020999663626,EPSG:3414
tile_x103936_y57344.png,train,103936,57344,1024,1024,0.3,0.0,33848.33799999727,0.0,-0.3,33053.020999663626,33848.33799999727,32745.820999663625,34155.53799999727,33053.020999663626,EPSG:3414
tile_x104832_y57344.png,train,104832,57344,1024,1024,0.3,0.0,34117.13799999727,0.0,-0.3,33053.020999663626,34117.13799999727,32745.820999663625,34424.33799999727,33053.020999663626,EPSG:3414
tile_x105728_y57344.png,train,105728,57344,1024,1024,0.3,0.0,34385.93799999727,0.0,-0.3,33053.020999663626,34385.93799999727,32745.820999663625,34693.13799999727,33053.020999663626,EPSG:3414
tile_x106624_y57344.png,val,106624,57344,1024,1024,0.3,0.0,34654.73799999727,0.0,-0.3,33053.020999663626,34654.73799999727,32745.820999663625,34961.93799999727,33053.020999663626,EPSG:3414
tile_x108416_y57344.png,val,108416,57344,1024,1024,0.3,0.0,35192.33799999727,0.0,-0.3,33053.020999663626,35192.33799999727,32745.820999663625,35499.53799999727,33053.020999663626,EPSG:3414
tile_x120960_y57344.png,val,120960,57344,1024,1024,0.3,0.0,38955.53799999727,0.0,-0.3,33053.020999663626,38955.53799999727,32745.820999663625,39262.73799999727,33053.020999663626,EPSG:3414
tile_x121856_y57344.png,val,121856,57344,1024,1024,0.3,0.0,39224.33799999727,0.0,-0.3,33053.020999663626,39224.33799999727,32745.820999663625,39531.53799999727,33053.020999663626,EPSG:3414
tile_x122752_y57344.png,train,122752,57344,1024,1024,0.3,0.0,39493.13799999727,0.0,-0.3,33053.020999663626,39493.13799999727,32745.820999663625,39800.33799999727,33053.020999663626,EPSG:3414
tile_x130816_y57344.png,train,130816,57344,1024,1024,0.3,0.0,41912.33799999727,0.0,-0.3,33053.020999663626,41912.33799999727,32745.820999663625,42219.53799999727,33053.020999663626,EPSG:3414
tile_x25984_y58240.png,train,25984,58240,1024,1024,0.3,0.0,10462.737999997273,0.0,-0.3,32784.22099966362,10462.737999997273,32477.020999663622,10769.937999997272,32784.22099966362,EPSG:3414
tile_x26880_y58240.png,train,26880,58240,1024,1024,0.3,0.0,10731.537999997272,0.0,-0.3,32784.22099966362,10731.537999997272,32477.020999663622,11038.73799999727,32784.22099966362,EPSG:3414
tile_x38528_y58240.png,train,38528,58240,1024,1024,0.3,0.0,14225.937999997272,0.0,-0.3,32784.22099966362,14225.937999997272,32477.020999663622,14533.137999997272,32784.22099966362,EPSG:3414
tile_x45696_y58240.png,train,45696,58240,1024,1024,0.3,0.0,16376.337999997271,0.0,-0.3,32784.22099966362,16376.337999997271,32477.020999663622,16683.537999997272,32784.22099966362,EPSG:3414
tile_x55552_y58240.png,train,55552,58240,1024,1024,0.3,0.0,19333.13799999727,0.0,-0.3,32784.22099966362,19333.13799999727,32477.020999663622,19640.33799999727,32784.22099966362,EPSG:3414
tile_x56448_y58240.png,train,56448,58240,1024,1024,0.3,0.0,19601.93799999727,0.0,-0.3,32784.22099966362,19601.93799999727,32477.020999663622,19909.13799999727,32784.22099966362,EPSG:3414
tile_x57344_y58240.png,train,57344,58240,1024,1024,0.3,0.0,19870.737999997273,0.0,-0.3,32784.22099966362,19870.737999997273,32477.020999663622,20177.93799999727,32784.22099966362,EPSG:3414
tile_x58240_y58240.png,train,58240,58240,1024,1024,0.3,0.0,20139.537999997272,0.0,-0.3,32784.22099966362,20139.537999997272,32477.020999663622,20446.737999997273,32784.22099966362,EPSG:3414
tile_x59136_y58240.png,train,59136,58240,1024,1024,0.3,0.0,20408.33799999727,0.0,-0.3,32784.22099966362,20408.33799999727,32477.020999663622,20715.537999997272,32784.22099966362,EPSG:3414
tile_x61824_y58240.png,val,61824,58240,1024,1024,0.3,0.0,21214.737999997273,0.0,-0.3,32784.22099966362,21214.737999997273,32477.020999663622,21521.93799999727,32784.22099966362,EPSG:3414
tile_x62720_y58240.png,val,62720,58240,1024,1024,0.3,0.0,21483.537999997272,0.0,-0.3,32784.22099966362,21483.537999997272,32477.020999663622,21790.737999997273,32784.22099966362,EPSG:3414
tile_x63616_y58240.png,val,63616,58240,1024,1024,0.3,0.0,21752.33799999727,0.0,-0.3,32784.22099966362,21752.33799999727,32477.020999663622,22059.537999997272,32784.22099966362,EPSG:3414
tile_x67200_y58240.png,val,67200,58240,1024,1024,0.3,0.0,22827.537999997272,0.0,-0.3,32784.22099966362,22827.537999997272,32477.020999663622,23134.737999997273,32784.22099966362,EPSG:3414
tile_x68096_y58240.png,val,68096,58240,1024,1024,0.3,0.0,23096.33799999727,0.0,-0.3,32784.22099966362,23096.33799999727,32477.020999663622,23403.537999997272,32784.22099966362,EPSG:3414
tile_x68992_y58240.png,val,68992,58240,1024,1024,0.3,0.0,23365.13799999727,0.0,-0.3,32784.22099966362,23365.13799999727,32477.020999663622,23672.33799999727,32784.22099966362,EPSG:3414
tile_x69888_y58240.png,val,69888,58240,1024,1024,0.3,0.0,23633.93799999727,0.0,-0.3,32784.22099966362,23633.93799999727,32477.020999663622,23941.13799999727,32784.22099966362,EPSG:3414
tile_x85120_y58240.png,train,85120,58240,1024,1024,0.3,0.0,28203.537999997272,0.0,-0.3,32784.22099966362,28203.537999997272,32477.020999663622,28510.737999997273,32784.22099966362,EPSG:3414
tile_x86016_y58240.png,train,86016,58240,1024,1024,0.3,0.0,28472.33799999727,0.0,-0.3,32784.22099966362,28472.33799999727,32477.020999663622,28779.537999997272,32784.22099966362,EPSG:3414
tile_x86912_y58240.png,train,86912,58240,1024,1024,0.3,0.0,28741.13799999727,0.0,-0.3,32784.22099966362,28741.13799999727,32477.020999663622,29048.33799999727,32784.22099966362,EPSG:3414
tile_x87808_y58240.png,train,87808,58240,1024,1024,0.3,0.0,29009.93799999727,0.0,-0.3,32784.22099966362,29009.93799999727,32477.020999663622,29317.13799999727,32784.22099966362,EPSG:3414
tile_x88704_y58240.png,train,88704,58240,1024,1024,0.3,0.0,29278.737999997273,0.0,-0.3,32784.22099966362,29278.737999997273,32477.020999663622,29585.93799999727,32784.22099966362,EPSG:3414
tile_x89600_y58240.png,train,89600,58240,1024,1024,0.3,0.0,29547.537999997272,0.0,-0.3,32784.22099966362,29547.537999997272,32477.020999663622,29854.737999997273,32784.22099966362,EPSG:3414
tile_x90496_y58240.png,train,90496,58240,1024,1024,0.3,0.0,29816.33799999727,0.0,-0.3,32784.22099966362,29816.33799999727,32477.020999663622,30123.537999997272,32784.22099966362,EPSG:3414
tile_x91392_y58240.png,train,91392,58240,1024,1024,0.3,0.0,30085.13799999727,0.0,-0.3,32784.22099966362,30085.13799999727,32477.020999663622,30392.33799999727,32784.22099966362,EPSG:3414
tile_x92288_y58240.png,train,92288,58240,1024,1024,0.3,0.0,30353.93799999727,0.0,-0.3,32784.22099966362,30353.93799999727,32477.020999663622,30661.13799999727,32784.22099966362,EPSG:3414
tile_x93184_y58240.png,train,93184,58240,1024,1024,0.3,0.0,30622.737999997273,0.0,-0.3,32784.22099966362,30622.737999997273,32477.020999663622,30929.93799999727,32784.22099966362,EPSG:3414
tile_x94080_y58240.png,val,94080,58240,1024,1024,0.3,0.0,30891.537999997272,0.0,-0.3,32784.22099966362,30891.537999997272,32477.020999663622,31198.737999997273,32784.22099966362,EPSG:3414
tile_x94976_y58240.png,val,94976,58240,1024,1024,0.3,0.0,31160.33799999727,0.0,-0.3,32784.22099966362,31160.33799999727,32477.020999663622,31467.537999997272,32784.22099966362,EPSG:3414
tile_x97664_y58240.png,val,97664,58240,1024,1024,0.3,0.0,31966.737999997273,0.0,-0.3,32784.22099966362,31966.737999997273,32477.020999663622,32273.93799999727,32784.22099966362,EPSG:3414
tile_x98560_y58240.png,val,98560,58240,1024,1024,0.3,0.0,32235.537999997272,0.0,-0.3,32784.22099966362,32235.537999997272,32477.020999663622,32542.73799999727,32784.22099966362,EPSG:3414
tile_x99456_y58240.png,val,99456,58240,1024,1024,0.3,0.0,32504.33799999727,0.0,-0.3,32784.22099966362,32504.33799999727,32477.020999663622,32811.53799999727,32784.22099966362,EPSG:3414
tile_x100352_y58240.png,val,100352,58240,1024,1024,0.3,0.0,32773.13799999727,0.0,-0.3,32784.22099966362,32773.13799999727,32477.020999663622,33080.33799999727,32784.22099966362,EPSG:3414
tile_x101248_y58240.png,val,101248,58240,1024,1024,0.3,0.0,33041.93799999727,0.0,-0.3,32784.22099966362,33041.93799999727,32477.020999663622,33349.13799999727,32784.22099966362,EPSG:3414
tile_x102144_y58240.png,train,102144,58240,1024,1024,0.3,0.0,33310.73799999727,0.0,-0.3,32784.22099966362,33310.73799999727,32477.020999663622,33617.93799999727,32784.22099966362,EPSG:3414
tile_x103040_y58240.png,train,103040,58240,1024,1024,0.3,0.0,33579.53799999727,0.0,-0.3,32784.22099966362,33579.53799999727,32477.020999663622,33886.73799999727,32784.22099966362,EPSG:3414
tile_x103936_y58240.png,train,103936,58240,1024,1024,0.3,0.0,33848.33799999727,0.0,-0.3,32784.22099966362,33848.33799999727,32477.020999663622,34155.53799999727,32784.22099966362,EPSG:3414
tile_x114688_y58240.png,train,114688,58240,1024,1024,0.3,0.0,37073.93799999727,0.0,-0.3,32784.22099966362,37073.93799999727,32477.020999663622,37381.13799999727,32784.22099966362,EPSG:3414
tile_x120960_y58240.png,val,120960,58240,1024,1024,0.3,0.0,38955.53799999727,0.0,-0.3,32784.22099966362,38955.53799999727,32477.020999663622,39262.73799999727,32784.22099966362,EPSG:3414
tile_x121856_y58240.png,val,121856,58240,1024,1024,0.3,0.0,39224.33799999727,0.0,-0.3,32784.22099966362,39224.33799999727,32477.020999663622,39531.53799999727,32784.22099966362,EPSG:3414
tile_x122752_y58240.png,train,122752,58240,1024,1024,0.3,0.0,39493.13799999727,0.0,-0.3,32784.22099966362,39493.13799999727,32477.020999663622,39800.33799999727,32784.22099966362,EPSG:3414
tile_x123648_y58240.png,train,123648,58240,1024,1024,0.3,0.0,39761.93799999727,0.0,-0.3,32784.22099966362,39761.93799999727,32477.020999663622,40069.13799999727,32784.22099966362,EPSG:3414
tile_x32256_y59136.png,val,32256,59136,1024,1024,0.3,0.0,12344.337999997271,0.0,-0.3,32515.420999663624,12344.337999997271,32208.220999663623,12651.537999997272,32515.420999663624,EPSG:3414
tile_x37632_y59136.png,train,37632,59136,1024,1024,0.3,0.0,13957.137999997272,0.0,-0.3,32515.420999663624,13957.137999997272,32208.220999663623,14264.337999997271,32515.420999663624,EPSG:3414
tile_x38528_y59136.png,train,38528,59136,1024,1024,0.3,0.0,14225.937999997272,0.0,-0.3,32515.420999663624,14225.937999997272,32208.220999663623,14533.137999997272,32515.420999663624,EPSG:3414
tile_x55552_y59136.png,train,55552,59136,1024,1024,0.3,0.0,19333.13799999727,0.0,-0.3,32515.420999663624,19333.13799999727,32208.220999663623,19640.33799999727,32515.420999663624,EPSG:3414
tile_x56448_y59136.png,train,56448,59136,1024,1024,0.3,0.0,19601.93799999727,0.0,-0.3,32515.420999663624,19601.93799999727,32208.220999663623,19909.13799999727,32515.420999663624,EPSG:3414
tile_x58240_y59136.png,train,58240,59136,1024,1024,0.3,0.0,20139.537999997272,0.0,-0.3,32515.420999663624,20139.537999997272,32208.220999663623,20446.737999997273,32515.420999663624,EPSG:3414
tile_x59136_y59136.png,train,59136,59136,1024,1024,0.3,0.0,20408.33799999727,0.0,-0.3,32515.420999663624,20408.33799999727,32208.220999663623,20715.537999997272,32515.420999663624,EPSG:3414
tile_x60032_y59136.png,train,60032,59136,1024,1024,0.3,0.0,20677.13799999727,0.0,-0.3,32515.420999663624,20677.13799999727,32208.220999663623,20984.33799999727,32515.420999663624,EPSG:3414
tile_x60928_y59136.png,val,60928,59136,1024,1024,0.3,0.0,20945.93799999727,0.0,-0.3,32515.420999663624,20945.93799999727,32208.220999663623,21253.13799999727,32515.420999663624,EPSG:3414
tile_x61824_y59136.png,val,61824,59136,1024,1024,0.3,0.0,21214.737999997273,0.0,-0.3,32515.420999663624,21214.737999997273,32208.220999663623,21521.93799999727,32515.420999663624,EPSG:3414
tile_x64512_y59136.png,val,64512,59136,1024,1024,0.3,0.0,22021.13799999727,0.0,-0.3,32515.420999663624,22021.13799999727,32208.220999663623,22328.33799999727,32515.420999663624,EPSG:3414
tile_x65408_y59136.png,val,65408,59136,1024,1024,0.3,0.0,22289.93799999727,0.0,-0.3,32515.420999663624,22289.93799999727,32208.220999663623,22597.13799999727,32515.420999663624,EPSG:3414
tile_x66304_y59136.png,val,66304,59136,1024,1024,0.3,0.0,22558.737999997273,0.0,-0.3,32515.420999663624,22558.737999997273,32208.220999663623,22865.93799999727,32515.420999663624,EPSG:3414
tile_x67200_y59136.png,val,67200,59136,1024,1024,0.3,0.0,22827.537999997272,0.0,-0.3,32515.420999663624,22827.537999997272,32208.220999663623,23134.737999997273,32515.420999663624,EPSG:3414
tile_x68096_y59136.png,val,68096,59136,1024,1024,0.3,0.0,23096.33799999727,0.0,-0.3,32515.420999663624,23096.33799999727,32208.220999663623,23403.537999997272,32515.420999663624,EPSG:3414
tile_x68992_y59136.png,val,68992,59136,1024,1024,0.3,0.0,23365.13799999727,0.0,-0.3,32515.420999663624,23365.13799999727,32208.220999663623,23672.33799999727,32515.420999663624,EPSG:3414
tile_x69888_y59136.png,val,69888,59136,1024,1024,0.3,0.0,23633.93799999727,0.0,-0.3,32515.420999663624,23633.93799999727,32208.220999663623,23941.13799999727,32515.420999663624,EPSG:3414
tile_x72576_y59136.png,val,72576,59136,1024,1024,0.3,0.0,24440.33799999727,0.0,-0.3,32515.420999663624,24440.33799999727,32208.220999663623,24747.537999997272,32515.420999663624,EPSG:3414
tile_x75264_y59136.png,train,75264,59136,1024,1024,0.3,0.0,25246.737999997273,0.0,-0.3,32515.420999663624,25246.737999997273,32208.220999663623,25553.93799999727,32515.420999663624,EPSG:3414
tile_x76160_y59136.png,train,76160,59136,1024,1024,0.3,0.0,25515.537999997272,0.0,-0.3,32515.420999663624,25515.537999997272,32208.220999663623,25822.737999997273,32515.420999663624,EPSG:3414
tile_x88704_y59136.png,train,88704,59136,1024,1024,0.3,0.0,29278.737999997273,0.0,-0.3,32515.420999663624,29278.737999997273,32208.220999663623,29585.93799999727,32515.420999663624,EPSG:3414
tile_x89600_y59136.png,train,89600,59136,1024,1024,0.3,0.0,29547.537999997272,0.0,-0.3,32515.420999663624,29547.537999997272,32208.220999663623,29854.737999997273,32515.420999663624,EPSG:3414
tile_x90496_y59136.png,train,90496,59136,1024,1024,0.3,0.0,29816.33799999727,0.0,-0.3,32515.420999663624,29816.33799999727,32208.220999663623,30123.537999997272,32515.420999663624,EPSG:3414
tile_x91392_y59136.png,train,91392,59136,1024,1024,0.3,0.0,30085.13799999727,0.0,-0.3,32515.420999663624,30085.13799999727,32208.220999663623,30392.33799999727,32515.420999663624,EPSG:3414
tile_x93184_y59136.png,train,93184,59136,1024,1024,0.3,0.0,30622.737999997273,0.0,-0.3,32515.420999663624,30622.737999997273,32208.220999663623,30929.93799999727,32515.420999663624,EPSG:3414
tile_x94080_y59136.png,val,94080,59136,1024,1024,0.3,0.0,30891.537999997272,0.0,-0.3,32515.420999663624,30891.537999997272,32208.220999663623,31198.737999997273,32515.420999663624,EPSG:3414
tile_x94976_y59136.png,val,94976,59136,1024,1024,0.3,0.0,31160.33799999727,0.0,-0.3,32515.420999663624,31160.33799999727,32208.220999663623,31467.537999997272,32515.420999663624,EPSG:3414
tile_x95872_y59136.png,val,95872,59136,1024,1024,0.3,0.0,31429.13799999727,0.0,-0.3,32515.420999663624,31429.13799999727,32208.220999663623,31736.33799999727,32515.420999663624,EPSG:3414
tile_x98560_y59136.png,val,98560,59136,1024,1024,0.3,0.0,32235.537999997272,0.0,-0.3,32515.420999663624,32235.537999997272,32208.220999663623,32542.73799999727,32515.420999663624,EPSG:3414
tile_x99456_y59136.png,val,99456,59136,1024,1024,0.3,0.0,32504.33799999727,0.0,-0.3,32515.420999663624,32504.33799999727,32208.220999663623,32811.53799999727,32515.420999663624,EPSG:3414
tile_x101248_y59136.png,val,101248,59136,1024,1024,0.3,0.0,33041.93799999727,0.0,-0.3,32515.420999663624,33041.93799999727,32208.220999663623,33349.13799999727,32515.420999663624,EPSG:3414
tile_x102144_y59136.png,train,102144,59136,1024,1024,0.3,0.0,33310.73799999727,0.0,-0.3,32515.420999663624,33310.73799999727,32208.220999663623,33617.93799999727,32515.420999663624,EPSG:3414
tile_x103040_y59136.png,train,103040,59136,1024,1024,0.3,0.0,33579.53799999727,0.0,-0.3,32515.420999663624,33579.53799999727,32208.220999663623,33886.73799999727,32515.420999663624,EPSG:3414
tile_x103936_y59136.png,train,103936,59136,1024,1024,0.3,0.0,33848.33799999727,0.0,-0.3,32515.420999663624,33848.33799999727,32208.220999663623,34155.53799999727,32515.420999663624,EPSG:3414
tile_x104832_y59136.png,train,104832,59136,1024,1024,0.3,0.0,34117.13799999727,0.0,-0.3,32515.420999663624,34117.13799999727,32208.220999663623,34424.33799999727,32515.420999663624,EPSG:3414
tile_x105728_y59136.png,train,105728,59136,1024,1024,0.3,0.0,34385.93799999727,0.0,-0.3,32515.420999663624,34385.93799999727,32208.220999663623,34693.13799999727,32515.420999663624,EPSG:3414
tile_x107520_y59136.png,val,107520,59136,1024,1024,0.3,0.0,34923.53799999727,0.0,-0.3,32515.420999663624,34923.53799999727,32208.220999663623,35230.73799999727,32515.420999663624,EPSG:3414
tile_x111104_y59136.png,val,111104,59136,1024,1024,0.3,0.0,35998.73799999727,0.0,-0.3,32515.420999663624,35998.73799999727,32208.220999663623,36305.93799999727,32515.420999663624,EPSG:3414
tile_x112896_y59136.png,val,112896,59136,1024,1024,0.3,0.0,36536.33799999727,0.0,-0.3,32515.420999663624,36536.33799999727,32208.220999663623,36843.53799999727,32515.420999663624,EPSG:3414
tile_x114688_y59136.png,train,114688,59136,1024,1024,0.3,0.0,37073.93799999727,0.0,-0.3,32515.420999663624,37073.93799999727,32208.220999663623,37381.13799999727,32515.420999663624,EPSG:3414
tile_x115584_y59136.png,train,115584,59136,1024,1024,0.3,0.0,37342.73799999727,0.0,-0.3,32515.420999663624,37342.73799999727,32208.220999663623,37649.93799999727,32515.420999663624,EPSG:3414
tile_x116480_y59136.png,train,116480,59136,1024,1024,0.3,0.0,37611.53799999727,0.0,-0.3,32515.420999663624,37611.53799999727,32208.220999663623,37918.73799999727,32515.420999663624,EPSG:3414
tile_x118272_y59136.png,val,118272,59136,1024,1024,0.3,0.0,38149.13799999727,0.0,-0.3,32515.420999663624,38149.13799999727,32208.220999663623,38456.33799999727,32515.420999663624,EPSG:3414
tile_x119168_y59136.png,val,119168,59136,1024,1024,0.3,0.0,38417.93799999727,0.0,-0.3,32515.420999663624,38417.93799999727,32208.220999663623,38725.13799999727,32515.420999663624,EPSG:3414
tile_x120064_y59136.png,val,120064,59136,1024,1024,0.3,0.0,38686.73799999727,0.0,-0.3,32515.420999663624,38686.73799999727,32208.220999663623,38993.93799999727,32515.420999663624,EPSG:3414
tile_x120960_y59136.png,val,120960,59136,1024,1024,0.3,0.0,38955.53799999727,0.0,-0.3,32515.420999663624,38955.53799999727,32208.220999663623,39262.73799999727,32515.420999663624,EPSG:3414
tile_x121856_y59136.png,val,121856,59136,1024,1024,0.3,0.0,39224.33799999727,0.0,-0.3,32515.420999663624,39224.33799999727,32208.220999663623,39531.53799999727,32515.420999663624,EPSG:3414
tile_x122752_y59136.png,train,122752,59136,1024,1024,0.3,0.0,39493.13799999727,0.0,-0.3,32515.420999663624,39493.13799999727,32208.220999663623,39800.33799999727,32515.420999663624,EPSG:3414
tile_x123648_y59136.png,train,123648,59136,1024,1024,0.3,0.0,39761.93799999727,0.0,-0.3,32515.420999663624,39761.93799999727,32208.220999663623,40069.13799999727,32515.420999663624,EPSG:3414
tile_x32256_y60032.png,val,32256,60032,1024,1024,0.3,0.0,12344.337999997271,0.0,-0.3,32246.620999663624,12344.337999997271,31939.420999663624,12651.537999997272,32246.620999663624,EPSG:3414
tile_x55552_y60032.png,train,55552,60032,1024,1024,0.3,0.0,19333.13799999727,0.0,-0.3,32246.620999663624,19333.13799999727,31939.420999663624,19640.33799999727,32246.620999663624,EPSG:3414
tile_x56448_y60032.png,train,56448,60032,1024,1024,0.3,0.0,19601.93799999727,0.0,-0.3,32246.620999663624,19601.93799999727,31939.420999663624,19909.13799999727,32246.620999663624,EPSG:3414
tile_x57344_y60032.png,train,57344,60032,1024,1024,0.3,0.0,19870.737999997273,0.0,-0.3,32246.620999663624,19870.737999997273,31939.420999663624,20177.93799999727,32246.620999663624,EPSG:3414
tile_x58240_y60032.png,train,58240,60032,1024,1024,0.3,0.0,20139.537999997272,0.0,-0.3,32246.620999663624,20139.537999997272,31939.420999663624,20446.737999997273,32246.620999663624,EPSG:3414
tile_x59136_y60032.png,train,59136,60032,1024,1024,0.3,0.0,20408.33799999727,0.0,-0.3,32246.620999663624,20408.33799999727,31939.420999663624,20715.537999997272,32246.620999663624,EPSG:3414
tile_x60032_y60032.png,train,60032,60032,1024,1024,0.3,0.0,20677.13799999727,0.0,-0.3,32246.620999663624,20677.13799999727,31939.420999663624,20984.33799999727,32246.620999663624,EPSG:3414
tile_x60928_y60032.png,val,60928,60032,1024,1024,0.3,0.0,20945.93799999727,0.0,-0.3,32246.620999663624,20945.93799999727,31939.420999663624,21253.13799999727,32246.620999663624,EPSG:3414
tile_x64512_y60032.png,val,64512,60032,1024,1024,0.3,0.0,22021.13799999727,0.0,-0.3,32246.620999663624,22021.13799999727,31939.420999663624,22328.33799999727,32246.620999663624,EPSG:3414
tile_x65408_y60032.png,val,65408,60032,1024,1024,0.3,0.0,22289.93799999727,0.0,-0.3,32246.620999663624,22289.93799999727,31939.420999663624,22597.13799999727,32246.620999663624,EPSG:3414
tile_x66304_y60032.png,val,66304,60032,1024,1024,0.3,0.0,22558.737999997273,0.0,-0.3,32246.620999663624,22558.737999997273,31939.420999663624,22865.93799999727,32246.620999663624,EPSG:3414
tile_x67200_y60032.png,val,67200,60032,1024,1024,0.3,0.0,22827.537999997272,0.0,-0.3,32246.620999663624,22827.537999997272,31939.420999663624,23134.737999997273,32246.620999663624,EPSG:3414
tile_x68096_y60032.png,val,68096,60032,1024,1024,0.3,0.0,23096.33799999727,0.0,-0.3,32246.620999663624,23096.33799999727,31939.420999663624,23403.537999997272,32246.620999663624,EPSG:3414
tile_x68992_y60032.png,val,68992,60032,1024,1024,0.3,0.0,23365.13799999727,0.0,-0.3,32246.620999663624,23365.13799999727,31939.420999663624,23672.33799999727,32246.620999663624,EPSG:3414
tile_x69888_y60032.png,val,69888,60032,1024,1024,0.3,0.0,23633.93799999727,0.0,-0.3,32246.620999663624,23633.93799999727,31939.420999663624,23941.13799999727,32246.620999663624,EPSG:3414
tile_x71680_y60032.png,val,71680,60032,1024,1024,0.3,0.0,24171.537999997272,0.0,-0.3,32246.620999663624,24171.537999997272,31939.420999663624,24478.737999997273,32246.620999663624,EPSG:3414
tile_x72576_y60032.png,val,72576,60032,1024,1024,0.3,0.0,24440.33799999727,0.0,-0.3,32246.620999663624,24440.33799999727,31939.420999663624,24747.537999997272,32246.620999663624,EPSG:3414
tile_x74368_y60032.png,train,74368,60032,1024,1024,0.3,0.0,24977.93799999727,0.0,-0.3,32246.620999663624,24977.93799999727,31939.420999663624,25285.13799999727,32246.620999663624,EPSG:3414
tile_x75264_y60032.png,train,75264,60032,1024,1024,0.3,0.0,25246.737999997273,0.0,-0.3,32246.620999663624,25246.737999997273,31939.420999663624,25553.93799999727,32246.620999663624,EPSG:3414
tile_x76160_y60032.png,train,76160,60032,1024,1024,0.3,0.0,25515.537999997272,0.0,-0.3,32246.620999663624,25515.537999997272,31939.420999663624,25822.737999997273,32246.620999663624,EPSG:3414
tile_x77056_y60032.png,train,77056,60032,1024,1024,0.3,0.0,25784.33799999727,0.0,-0.3,32246.620999663624,25784.33799999727,31939.420999663624,26091.537999997272,32246.620999663624,EPSG:3414
tile_x78848_y60032.png,train,78848,60032,1024,1024,0.3,0.0,26321.93799999727,0.0,-0.3,32246.620999663624,26321.93799999727,31939.420999663624,26629.13799999727,32246.620999663624,EPSG:3414
tile_x79744_y60032.png,train,79744,60032,1024,1024,0.3,0.0,26590.737999997273,0.0,-0.3,32246.620999663624,26590.737999997273,31939.420999663624,26897.93799999727,32246.620999663624,EPSG:3414
tile_x82432_y60032.png,train,82432,60032,1024,1024,0.3,0.0,27397.13799999727,0.0,-0.3,32246.620999663624,27397.13799999727,31939.420999663624,27704.33799999727,32246.620999663624,EPSG:3414
tile_x83328_y60032.png,train,83328,60032,1024,1024,0.3,0.0,27665.93799999727,0.0,-0.3,32246.620999663624,27665.93799999727,31939.420999663624,27973.13799999727,32246.620999663624,EPSG:3414
tile_x84224_y60032.png,train,84224,60032,1024,1024,0.3,0.0,27934.737999997273,0.0,-0.3,32246.620999663624,27934.737999997273,31939.420999663624,28241.93799999727,32246.620999663624,EPSG:3414
tile_x86016_y60032.png,train,86016,60032,1024,1024,0.3,0.0,28472.33799999727,0.0,-0.3,32246.620999663624,28472.33799999727,31939.420999663624,28779.537999997272,32246.620999663624,EPSG:3414
tile_x86912_y60032.png,train,86912,60032,1024,1024,0.3,0.0,28741.13799999727,0.0,-0.3,32246.620999663624,28741.13799999727,31939.420999663624,29048.33799999727,32246.620999663624,EPSG:3414
tile_x88704_y60032.png,train,88704,60032,1024,1024,0.3,0.0,29278.737999997273,0.0,-0.3,32246.620999663624,29278.737999997273,31939.420999663624,29585.93799999727,32246.620999663624,EPSG:3414
tile_x89600_y60032.png,train,89600,60032,1024,1024,0.3,0.0,29547.537999997272,0.0,-0.3,32246.620999663624,29547.537999997272,31939.420999663624,29854.737999997273,32246.620999663624,EPSG:3414
tile_x90496_y60032.png,train,90496,60032,1024,1024,0.3,0.0,29816.33799999727,0.0,-0.3,32246.620999663624,29816.33799999727,31939.420999663624,30123.537999997272,32246.620999663624,EPSG:3414
tile_x92288_y60032.png,train,92288,60032,1024,1024,0.3,0.0,30353.93799999727,0.0,-0.3,32246.620999663624,30353.93799999727,31939.420999663624,30661.13799999727,32246.620999663624,EPSG:3414
tile_x93184_y60032.png,train,93184,60032,1024,1024,0.3,0.0,30622.737999997273,0.0,-0.3,32246.620999663624,30622.737999997273,31939.420999663624,30929.93799999727,32246.620999663624,EPSG:3414
tile_x94080_y60032.png,val,94080,60032,1024,1024,0.3,0.0,30891.537999997272,0.0,-0.3,32246.620999663624,30891.537999997272,31939.420999663624,31198.737999997273,32246.620999663624,EPSG:3414
tile_x94976_y60032.png,val,94976,60032,1024,1024,0.3,0.0,31160.33799999727,0.0,-0.3,32246.620999663624,31160.33799999727,31939.420999663624,31467.537999997272,32246.620999663624,EPSG:3414
tile_x95872_y60032.png,val,95872,60032,1024,1024,0.3,0.0,31429.13799999727,0.0,-0.3,32246.620999663624,31429.13799999727,31939.420999663624,31736.33799999727,32246.620999663624,EPSG:3414
tile_x98560_y60032.png,val,98560,60032,1024,1024,0.3,0.0,32235.537999997272,0.0,-0.3,32246.620999663624,32235.537999997272,31939.420999663624,32542.73799999727,32246.620999663624,EPSG:3414
tile_x99456_y60032.png,val,99456,60032,1024,1024,0.3,0.0,32504.33799999727,0.0,-0.3,32246.620999663624,32504.33799999727,31939.420999663624,32811.53799999727,32246.620999663624,EPSG:3414
tile_x101248_y60032.png,val,101248,60032,1024,1024,0.3,0.0,33041.93799999727,0.0,-0.3,32246.620999663624,33041.93799999727,31939.420999663624,33349.13799999727,32246.620999663624,EPSG:3414
tile_x102144_y60032.png,train,102144,60032,1024,1024,0.3,0.0,33310.73799999727,0.0,-0.3,32246.620999663624,33310.73799999727,31939.420999663624,33617.93799999727,32246.620999663624,EPSG:3414
tile_x103040_y60032.png,train,103040,60032,1024,1024,0.3,0.0,33579.53799999727,0.0,-0.3,32246.620999663624,33579.53799999727,31939.420999663624,33886.73799999727,32246.620999663624,EPSG:3414
tile_x103936_y60032.png,train,103936,60032,1024,1024,0.3,0.0,33848.33799999727,0.0,-0.3,32246.620999663624,33848.33799999727,31939.420999663624,34155.53799999727,32246.620999663624,EPSG:3414
tile_x104832_y60032.png,train,104832,60032,1024,1024,0.3,0.0,34117.13799999727,0.0,-0.3,32246.620999663624,34117.13799999727,31939.420999663624,34424.33799999727,32246.620999663624,EPSG:3414
tile_x110208_y60032.png,val,110208,60032,1024,1024,0.3,0.0,35729.93799999727,0.0,-0.3,32246.620999663624,35729.93799999727,31939.420999663624,36037.13799999727,32246.620999663624,EPSG:3414
tile_x111104_y60032.png,val,111104,60032,1024,1024,0.3,0.0,35998.73799999727,0.0,-0.3,32246.620999663624,35998.73799999727,31939.420999663624,36305.93799999727,32246.620999663624,EPSG:3414
tile_x112896_y60032.png,val,112896,60032,1024,1024,0.3,0.0,36536.33799999727,0.0,-0.3,32246.620999663624,36536.33799999727,31939.420999663624,36843.53799999727,32246.620999663624,EPSG:3414
tile_x113792_y60032.png,val,113792,60032,1024,1024,0.3,0.0,36805.13799999727,0.0,-0.3,32246.620999663624,36805.13799999727,31939.420999663624,37112.33799999727,32246.620999663624,EPSG:3414
tile_x114688_y60032.png,train,114688,60032,1024,1024,0.3,0.0,37073.93799999727,0.0,-0.3,32246.620999663624,37073.93799999727,31939.420999663624,37381.13799999727,32246.620999663624,EPSG:3414
tile_x115584_y60032.png,train,115584,60032,1024,1024,0.3,0.0,37342.73799999727,0.0,-0.3,32246.620999663624,37342.73799999727,31939.420999663624,37649.93799999727,32246.620999663624,EPSG:3414
tile_x116480_y60032.png,train,116480,60032,1024,1024,0.3,0.0,37611.53799999727,0.0,-0.3,32246.620999663624,37611.53799999727,31939.420999663624,37918.73799999727,32246.620999663624,EPSG:3414
tile_x117376_y60032.png,train,117376,60032,1024,1024,0.3,0.0,37880.33799999727,0.0,-0.3,32246.620999663624,37880.33799999727,31939.420999663624,38187.53799999727,32246.620999663624,EPSG:3414
tile_x118272_y60032.png,val,118272,60032,1024,1024,0.3,0.0,38149.13799999727,0.0,-0.3,32246.620999663624,38149.13799999727,31939.420999663624,38456.33799999727,32246.620999663624,EPSG:3414
tile_x120064_y60032.png,val,120064,60032,1024,1024,0.3,0.0,38686.73799999727,0.0,-0.3,32246.620999663624,38686.73799999727,31939.420999663624,38993.93799999727,32246.620999663624,EPSG:3414
tile_x50176_y60928.png,val,50176,60928,1024,1024,0.3,0.0,17720.33799999727,0.0,-0.3,31977.820999663625,17720.33799999727,31670.620999663624,18027.537999997272,31977.820999663625,EPSG:3414
tile_x51072_y60928.png,val,51072,60928,1024,1024,0.3,0.0,17989.13799999727,0.0,-0.3,31977.820999663625,17989.13799999727,31670.620999663624,18296.33799999727,31977.820999663625,EPSG:3414
tile_x52864_y60928.png,train,52864,60928,1024,1024,0.3,0.0,18526.73799999727,0.0,-0.3,31977.820999663625,18526.73799999727,31670.620999663624,18833.937999997273,31977.820999663625,EPSG:3414
tile_x56448_y60928.png,train,56448,60928,1024,1024,0.3,0.0,19601.93799999727,0.0,-0.3,31977.820999663625,19601.93799999727,31670.620999663624,19909.13799999727,31977.820999663625,EPSG:3414
tile_x57344_y60928.png,train,57344,60928,1024,1024,0.3,0.0,19870.737999997273,0.0,-0.3,31977.820999663625,19870.737999997273,31670.620999663624,20177.93799999727,31977.820999663625,EPSG:3414
tile_x58240_y60928.png,train,58240,60928,1024,1024,0.3,0.0,20139.537999997272,0.0,-0.3,31977.820999663625,20139.537999997272,31670.620999663624,20446.737999997273,31977.820999663625,EPSG:3414
tile_x59136_y60928.png,train,59136,60928,1024,1024,0.3,0.0,20408.33799999727,0.0,-0.3,31977.820999663625,20408.33799999727,31670.620999663624,20715.537999997272,31977.820999663625,EPSG:3414
tile_x60032_y60928.png,train,60032,60928,1024,1024,0.3,0.0,20677.13799999727,0.0,-0.3,31977.820999663625,20677.13799999727,31670.620999663624,20984.33799999727,31977.820999663625,EPSG:3414
tile_x63616_y60928.png,train,63616,60928,1024,1024,0.3,0.0,21752.33799999727,0.0,-0.3,31977.820999663625,21752.33799999727,31670.620999663624,22059.537999997272,31977.820999663625,EPSG:3414
tile_x64512_y60928.png,train,64512,60928,1024,1024,0.3,0.0,22021.13799999727,0.0,-0.3,31977.820999663625,22021.13799999727,31670.620999663624,22328.33799999727,31977.820999663625,EPSG:3414
tile_x65408_y60928.png,train,65408,60928,1024,1024,0.3,0.0,22289.93799999727,0.0,-0.3,31977.820999663625,22289.93799999727,31670.620999663624,22597.13799999727,31977.820999663625,EPSG:3414
tile_x66304_y60928.png,train,66304,60928,1024,1024,0.3,0.0,22558.737999997273,0.0,-0.3,31977.820999663625,22558.737999997273,31670.620999663624,22865.93799999727,31977.820999663625,EPSG:3414
tile_x67200_y60928.png,train,67200,60928,1024,1024,0.3,0.0,22827.537999997272,0.0,-0.3,31977.820999663625,22827.537999997272,31670.620999663624,23134.737999997273,31977.820999663625,EPSG:3414
tile_x68096_y60928.png,train,68096,60928,1024,1024,0.3,0.0,23096.33799999727,0.0,-0.3,31977.820999663625,23096.33799999727,31670.620999663624,23403.537999997272,31977.820999663625,EPSG:3414
tile_x70784_y60928.png,train,70784,60928,1024,1024,0.3,0.0,23902.737999997273,0.0,-0.3,31977.820999663625,23902.737999997273,31670.620999663624,24209.93799999727,31977.820999663625,EPSG:3414
tile_x71680_y60928.png,train,71680,60928,1024,1024,0.3,0.0,24171.537999997272,0.0,-0.3,31977.820999663625,24171.537999997272,31670.620999663624,24478.737999997273,31977.820999663625,EPSG:3414
tile_x72576_y60928.png,train,72576,60928,1024,1024,0.3,0.0,24440.33799999727,0.0,-0.3,31977.820999663625,24440.33799999727,31670.620999663624,24747.537999997272,31977.820999663625,EPSG:3414
tile_x79744_y60928.png,train,79744,60928,1024,1024,0.3,0.0,26590.737999997273,0.0,-0.3,31977.820999663625,26590.737999997273,31670.620999663624,26897.93799999727,31977.820999663625,EPSG:3414
tile_x80640_y60928.png,train,80640,60928,1024,1024,0.3,0.0,26859.537999997272,0.0,-0.3,31977.820999663625,26859.537999997272,31670.620999663624,27166.737999997273,31977.820999663625,EPSG:3414
tile_x82432_y60928.png,train,82432,60928,1024,1024,0.3,0.0,27397.13799999727,0.0,-0.3,31977.820999663625,27397.13799999727,31670.620999663624,27704.33799999727,31977.820999663625,EPSG:3414
tile_x83328_y60928.png,train,83328,60928,1024,1024,0.3,0.0,27665.93799999727,0.0,-0.3,31977.820999663625,27665.93799999727,31670.620999663624,27973.13799999727,31977.820999663625,EPSG:3414
tile_x84224_y60928.png,train,84224,60928,1024,1024,0.3,0.0,27934.737999997273,0.0,-0.3,31977.820999663625,27934.737999997273,31670.620999663624,28241.93799999727,31977.820999663625,EPSG:3414
tile_x86016_y60928.png,train,86016,60928,1024,1024,0.3,0.0,28472.33799999727,0.0,-0.3,31977.820999663625,28472.33799999727,31670.620999663624,28779.537999997272,31977.820999663625,EPSG:3414
tile_x86912_y60928.png,train,86912,60928,1024,1024,0.3,0.0,28741.13799999727,0.0,-0.3,31977.820999663625,28741.13799999727,31670.620999663624,29048.33799999727,31977.820999663625,EPSG:3414
tile_x89600_y60928.png,train,89600,60928,1024,1024,0.3,0.0,29547.537999997272,0.0,-0.3,31977.820999663625,29547.537999997272,31670.620999663624,29854.737999997273,31977.820999663625,EPSG:3414
tile_x90496_y60928.png,train,90496,60928,1024,1024,0.3,0.0,29816.33799999727,0.0,-0.3,31977.820999663625,29816.33799999727,31670.620999663624,30123.537999997272,31977.820999663625,EPSG:3414
tile_x91392_y60928.png,train,91392,60928,1024,1024,0.3,0.0,30085.13799999727,0.0,-0.3,31977.820999663625,30085.13799999727,31670.620999663624,30392.33799999727,31977.820999663625,EPSG:3414
tile_x92288_y60928.png,train,92288,60928,1024,1024,0.3,0.0,30353.93799999727,0.0,-0.3,31977.820999663625,30353.93799999727,31670.620999663624,30661.13799999727,31977.820999663625,EPSG:3414
tile_x93184_y60928.png,train,93184,60928,1024,1024,0.3,0.0,30622.737999997273,0.0,-0.3,31977.820999663625,30622.737999997273,31670.620999663624,30929.93799999727,31977.820999663625,EPSG:3414
tile_x94080_y60928.png,train,94080,60928,1024,1024,0.3,0.0,30891.537999997272,0.0,-0.3,31977.820999663625,30891.537999997272,31670.620999663624,31198.737999997273,31977.820999663625,EPSG:3414
tile_x94976_y60928.png,train,94976,60928,1024,1024,0.3,0.0,31160.33799999727,0.0,-0.3,31977.820999663625,31160.33799999727,31670.620999663624,31467.537999997272,31977.820999663625,EPSG:3414
tile_x95872_y60928.png,train,95872,60928,1024,1024,0.3,0.0,31429.13799999727,0.0,-0.3,31977.820999663625,31429.13799999727,31670.620999663624,31736.33799999727,31977.820999663625,EPSG:3414
tile_x102144_y60928.png,train,102144,60928,1024,1024,0.3,0.0,33310.73799999727,0.0,-0.3,31977.820999663625,33310.73799999727,31670.620999663624,33617.93799999727,31977.820999663625,EPSG:3414
tile_x103040_y60928.png,train,103040,60928,1024,1024,0.3,0.0,33579.53799999727,0.0,-0.3,31977.820999663625,33579.53799999727,31670.620999663624,33886.73799999727,31977.820999663625,EPSG:3414
tile_x103936_y60928.png,train,103936,60928,1024,1024,0.3,0.0,33848.33799999727,0.0,-0.3,31977.820999663625,33848.33799999727,31670.620999663624,34155.53799999727,31977.820999663625,EPSG:3414
tile_x104832_y60928.png,train,104832,60928,1024,1024,0.3,0.0,34117.13799999727,0.0,-0.3,31977.820999663625,34117.13799999727,31670.620999663624,34424.33799999727,31977.820999663625,EPSG:3414
tile_x107520_y60928.png,train,107520,60928,1024,1024,0.3,0.0,34923.53799999727,0.0,-0.3,31977.820999663625,34923.53799999727,31670.620999663624,35230.73799999727,31977.820999663625,EPSG:3414
tile_x109312_y60928.png,train,109312,60928,1024,1024,0.3,0.0,35461.13799999727,0.0,-0.3,31977.820999663625,35461.13799999727,31670.620999663624,35768.33799999727,31977.820999663625,EPSG:3414
tile_x110208_y60928.png,train,110208,60928,1024,1024,0.3,0.0,35729.93799999727,0.0,-0.3,31977.820999663625,35729.93799999727,31670.620999663624,36037.13799999727,31977.820999663625,EPSG:3414
tile_x111104_y60928.png,train,111104,60928,1024,1024,0.3,0.0,35998.73799999727,0.0,-0.3,31977.820999663625,35998.73799999727,31670.620999663624,36305.93799999727,31977.820999663625,EPSG:3414
tile_x112000_y60928.png,train,112000,60928,1024,1024,0.3,0.0,36267.53799999727,0.0,-0.3,31977.820999663625,36267.53799999727,31670.620999663624,36574.73799999727,31977.820999663625,EPSG:3414
tile_x112896_y60928.png,train,112896,60928,1024,1024,0.3,0.0,36536.33799999727,0.0,-0.3,31977.820999663625,36536.33799999727,31670.620999663624,36843.53799999727,31977.820999663625,EPSG:3414
tile_x113792_y60928.png,train,113792,60928,1024,1024,0.3,0.0,36805.13799999727,0.0,-0.3,31977.820999663625,36805.13799999727,31670.620999663624,37112.33799999727,31977.820999663625,EPSG:3414
tile_x115584_y60928.png,train,115584,60928,1024,1024,0.3,0.0,37342.73799999727,0.0,-0.3,31977.820999663625,37342.73799999727,31670.620999663624,37649.93799999727,31977.820999663625,EPSG:3414
tile_x117376_y60928.png,train,117376,60928,1024,1024,0.3,0.0,37880.33799999727,0.0,-0.3,31977.820999663625,37880.33799999727,31670.620999663624,38187.53799999727,31977.820999663625,EPSG:3414
tile_x57344_y61824.png,train,57344,61824,1024,1024,0.3,0.0,19870.737999997273,0.0,-0.3,31709.020999663622,19870.737999997273,31401.820999663625,20177.93799999727,31709.020999663622,EPSG:3414
tile_x59136_y61824.png,train,59136,61824,1024,1024,0.3,0.0,20408.33799999727,0.0,-0.3,31709.020999663622,20408.33799999727,31401.820999663625,20715.537999997272,31709.020999663622,EPSG:3414
tile_x60032_y61824.png,train,60032,61824,1024,1024,0.3,0.0,20677.13799999727,0.0,-0.3,31709.020999663622,20677.13799999727,31401.820999663625,20984.33799999727,31709.020999663622,EPSG:3414
tile_x60928_y61824.png,train,60928,61824,1024,1024,0.3,0.0,20945.93799999727,0.0,-0.3,31709.020999663622,20945.93799999727,31401.820999663625,21253.13799999727,31709.020999663622,EPSG:3414
tile_x63616_y61824.png,train,63616,61824,1024,1024,0.3,0.0,21752.33799999727,0.0,-0.3,31709.020999663622,21752.33799999727,31401.820999663625,22059.537999997272,31709.020999663622,EPSG:3414
tile_x64512_y61824.png,train,64512,61824,1024,1024,0.3,0.0,22021.13799999727,0.0,-0.3,31709.020999663622,22021.13799999727,31401.820999663625,22328.33799999727,31709.020999663622,EPSG:3414
tile_x65408_y61824.png,train,65408,61824,1024,1024,0.3,0.0,22289.93799999727,0.0,-0.3,31709.020999663622,22289.93799999727,31401.820999663625,22597.13799999727,31709.020999663622,EPSG:3414
tile_x66304_y61824.png,train,66304,61824,1024,1024,0.3,0.0,22558.737999997273,0.0,-0.3,31709.020999663622,22558.737999997273,31401.820999663625,22865.93799999727,31709.020999663622,EPSG:3414
tile_x68096_y61824.png,train,68096,61824,1024,1024,0.3,0.0,23096.33799999727,0.0,-0.3,31709.020999663622,23096.33799999727,31401.820999663625,23403.537999997272,31709.020999663622,EPSG:3414
tile_x68992_y61824.png,train,68992,61824,1024,1024,0.3,0.0,23365.13799999727,0.0,-0.3,31709.020999663622,23365.13799999727,31401.820999663625,23672.33799999727,31709.020999663622,EPSG:3414
tile_x70784_y61824.png,train,70784,61824,1024,1024,0.3,0.0,23902.737999997273,0.0,-0.3,31709.020999663622,23902.737999997273,31401.820999663625,24209.93799999727,31709.020999663622,EPSG:3414
tile_x71680_y61824.png,train,71680,61824,1024,1024,0.3,0.0,24171.537999997272,0.0,-0.3,31709.020999663622,24171.537999997272,31401.820999663625,24478.737999997273,31709.020999663622,EPSG:3414
tile_x72576_y61824.png,train,72576,61824,1024,1024,0.3,0.0,24440.33799999727,0.0,-0.3,31709.020999663622,24440.33799999727,31401.820999663625,24747.537999997272,31709.020999663622,EPSG:3414
tile_x82432_y61824.png,train,82432,61824,1024,1024,0.3,0.0,27397.13799999727,0.0,-0.3,31709.020999663622,27397.13799999727,31401.820999663625,27704.33799999727,31709.020999663622,EPSG:3414
tile_x86016_y61824.png,train,86016,61824,1024,1024,0.3,0.0,28472.33799999727,0.0,-0.3,31709.020999663622,28472.33799999727,31401.820999663625,28779.537999997272,31709.020999663622,EPSG:3414
tile_x86912_y61824.png,train,86912,61824,1024,1024,0.3,0.0,28741.13799999727,0.0,-0.3,31709.020999663622,28741.13799999727,31401.820999663625,29048.33799999727,31709.020999663622,EPSG:3414
tile_x87808_y61824.png,train,87808,61824,1024,1024,0.3,0.0,29009.93799999727,0.0,-0.3,31709.020999663622,29009.93799999727,31401.820999663625,29317.13799999727,31709.020999663622,EPSG:3414
tile_x88704_y61824.png,train,88704,61824,1024,1024,0.3,0.0,29278.737999997273,0.0,-0.3,31709.020999663622,29278.737999997273,31401.820999663625,29585.93799999727,31709.020999663622,EPSG:3414
tile_x89600_y61824.png,train,89600,61824,1024,1024,0.3,0.0,29547.537999997272,0.0,-0.3,31709.020999663622,29547.537999997272,31401.820999663625,29854.737999997273,31709.020999663622,EPSG:3414
tile_x90496_y61824.png,train,90496,61824,1024,1024,0.3,0.0,29816.33799999727,0.0,-0.3,31709.020999663622,29816.33799999727,31401.820999663625,30123.537999997272,31709.020999663622,EPSG:3414
tile_x91392_y61824.png,train,91392,61824,1024,1024,0.3,0.0,30085.13799999727,0.0,-0.3,31709.020999663622,30085.13799999727,31401.820999663625,30392.33799999727,31709.020999663622,EPSG:3414
tile_x92288_y61824.png,train,92288,61824,1024,1024,0.3,0.0,30353.93799999727,0.0,-0.3,31709.020999663622,30353.93799999727,31401.820999663625,30661.13799999727,31709.020999663622,EPSG:3414
tile_x93184_y61824.png,train,93184,61824,1024,1024,0.3,0.0,30622.737999997273,0.0,-0.3,31709.020999663622,30622.737999997273,31401.820999663625,30929.93799999727,31709.020999663622,EPSG:3414
tile_x94080_y61824.png,train,94080,61824,1024,1024,0.3,0.0,30891.537999997272,0.0,-0.3,31709.020999663622,30891.537999997272,31401.820999663625,31198.737999997273,31709.020999663622,EPSG:3414
tile_x94976_y61824.png,train,94976,61824,1024,1024,0.3,0.0,31160.33799999727,0.0,-0.3,31709.020999663622,31160.33799999727,31401.820999663625,31467.537999997272,31709.020999663622,EPSG:3414
tile_x95872_y61824.png,train,95872,61824,1024,1024,0.3,0.0,31429.13799999727,0.0,-0.3,31709.020999663622,31429.13799999727,31401.820999663625,31736.33799999727,31709.020999663622,EPSG:3414
tile_x99456_y61824.png,val,99456,61824,1024,1024,0.3,0.0,32504.33799999727,0.0,-0.3,31709.020999663622,32504.33799999727,31401.820999663625,32811.53799999727,31709.020999663622,EPSG:3414
tile_x100352_y61824.png,val,100352,61824,1024,1024,0.3,0.0,32773.13799999727,0.0,-0.3,31709.020999663622,32773.13799999727,31401.820999663625,33080.33799999727,31709.020999663622,EPSG:3414
tile_x101248_y61824.png,val,101248,61824,1024,1024,0.3,0.0,33041.93799999727,0.0,-0.3,31709.020999663622,33041.93799999727,31401.820999663625,33349.13799999727,31709.020999663622,EPSG:3414
tile_x102144_y61824.png,train,102144,61824,1024,1024,0.3,0.0,33310.73799999727,0.0,-0.3,31709.020999663622,33310.73799999727,31401.820999663625,33617.93799999727,31709.020999663622,EPSG:3414
tile_x103040_y61824.png,train,103040,61824,1024,1024,0.3,0.0,33579.53799999727,0.0,-0.3,31709.020999663622,33579.53799999727,31401.820999663625,33886.73799999727,31709.020999663622,EPSG:3414
tile_x105728_y61824.png,train,105728,61824,1024,1024,0.3,0.0,34385.93799999727,0.0,-0.3,31709.020999663622,34385.93799999727,31401.820999663625,34693.13799999727,31709.020999663622,EPSG:3414
tile_x107520_y61824.png,train,107520,61824,1024,1024,0.3,0.0,34923.53799999727,0.0,-0.3,31709.020999663622,34923.53799999727,31401.820999663625,35230.73799999727,31709.020999663622,EPSG:3414
tile_x108416_y61824.png,train,108416,61824,1024,1024,0.3,0.0,35192.33799999727,0.0,-0.3,31709.020999663622,35192.33799999727,31401.820999663625,35499.53799999727,31709.020999663622,EPSG:3414
tile_x109312_y61824.png,train,109312,61824,1024,1024,0.3,0.0,35461.13799999727,0.0,-0.3,31709.020999663622,35461.13799999727,31401.820999663625,35768.33799999727,31709.020999663622,EPSG:3414
tile_x110208_y61824.png,train,110208,61824,1024,1024,0.3,0.0,35729.93799999727,0.0,-0.3,31709.020999663622,35729.93799999727,31401.820999663625,36037.13799999727,31709.020999663622,EPSG:3414
tile_x111104_y61824.png,train,111104,61824,1024,1024,0.3,0.0,35998.73799999727,0.0,-0.3,31709.020999663622,35998.73799999727,31401.820999663625,36305.93799999727,31709.020999663622,EPSG:3414
tile_x112000_y61824.png,train,112000,61824,1024,1024,0.3,0.0,36267.53799999727,0.0,-0.3,31709.020999663622,36267.53799999727,31401.820999663625,36574.73799999727,31709.020999663622,EPSG:3414
tile_x113792_y61824.png,train,113792,61824,1024,1024,0.3,0.0,36805.13799999727,0.0,-0.3,31709.020999663622,36805.13799999727,31401.820999663625,37112.33799999727,31709.020999663622,EPSG:3414
tile_x60032_y62720.png,train,60032,62720,1024,1024,0.3,0.0,20677.13799999727,0.0,-0.3,31440.220999663623,20677.13799999727,31133.020999663622,20984.33799999727,31440.220999663623,EPSG:3414
tile_x60928_y62720.png,train,60928,62720,1024,1024,0.3,0.0,20945.93799999727,0.0,-0.3,31440.220999663623,20945.93799999727,31133.020999663622,21253.13799999727,31440.220999663623,EPSG:3414
tile_x63616_y62720.png,train,63616,62720,1024,1024,0.3,0.0,21752.33799999727,0.0,-0.3,31440.220999663623,21752.33799999727,31133.020999663622,22059.537999997272,31440.220999663623,EPSG:3414
tile_x64512_y62720.png,train,64512,62720,1024,1024,0.3,0.0,22021.13799999727,0.0,-0.3,31440.220999663623,22021.13799999727,31133.020999663622,22328.33799999727,31440.220999663623,EPSG:3414
tile_x65408_y62720.png,train,65408,62720,1024,1024,0.3,0.0,22289.93799999727,0.0,-0.3,31440.220999663623,22289.93799999727,31133.020999663622,22597.13799999727,31440.220999663623,EPSG:3414
tile_x66304_y62720.png,train,66304,62720,1024,1024,0.3,0.0,22558.737999997273,0.0,-0.3,31440.220999663623,22558.737999997273,31133.020999663622,22865.93799999727,31440.220999663623,EPSG:3414
tile_x68096_y62720.png,train,68096,62720,1024,1024,0.3,0.0,23096.33799999727,0.0,-0.3,31440.220999663623,23096.33799999727,31133.020999663622,23403.537999997272,31440.220999663623,EPSG:3414
tile_x70784_y62720.png,train,70784,62720,1024,1024,0.3,0.0,23902.737999997273,0.0,-0.3,31440.220999663623,23902.737999997273,31133.020999663622,24209.93799999727,31440.220999663623,EPSG:3414
tile_x71680_y62720.png,train,71680,62720,1024,1024,0.3,0.0,24171.537999997272,0.0,-0.3,31440.220999663623,24171.537999997272,31133.020999663622,24478.737999997273,31440.220999663623,EPSG:3414
tile_x72576_y62720.png,train,72576,62720,1024,1024,0.3,0.0,24440.33799999727,0.0,-0.3,31440.220999663623,24440.33799999727,31133.020999663622,24747.537999997272,31440.220999663623,EPSG:3414
tile_x79744_y62720.png,train,79744,62720,1024,1024,0.3,0.0,26590.737999997273,0.0,-0.3,31440.220999663623,26590.737999997273,31133.020999663622,26897.93799999727,31440.220999663623,EPSG:3414
tile_x85120_y62720.png,train,85120,62720,1024,1024,0.3,0.0,28203.537999997272,0.0,-0.3,31440.220999663623,28203.537999997272,31133.020999663622,28510.737999997273,31440.220999663623,EPSG:3414
tile_x86016_y62720.png,train,86016,62720,1024,1024,0.3,0.0,28472.33799999727,0.0,-0.3,31440.220999663623,28472.33799999727,31133.020999663622,28779.537999997272,31440.220999663623,EPSG:3414
tile_x86912_y62720.png,train,86912,62720,1024,1024,0.3,0.0,28741.13799999727,0.0,-0.3,31440.220999663623,28741.13799999727,31133.020999663622,29048.33799999727,31440.220999663623,EPSG:3414
tile_x87808_y62720.png,train,87808,62720,1024,1024,0.3,0.0,29009.93799999727,0.0,-0.3,31440.220999663623,29009.93799999727,31133.020999663622,29317.13799999727,31440.220999663623,EPSG:3414
tile_x88704_y62720.png,train,88704,62720,1024,1024,0.3,0.0,29278.737999997273,0.0,-0.3,31440.220999663623,29278.737999997273,31133.020999663622,29585.93799999727,31440.220999663623,EPSG:3414
tile_x89600_y62720.png,train,89600,62720,1024,1024,0.3,0.0,29547.537999997272,0.0,-0.3,31440.220999663623,29547.537999997272,31133.020999663622,29854.737999997273,31440.220999663623,EPSG:3414
tile_x90496_y62720.png,train,90496,62720,1024,1024,0.3,0.0,29816.33799999727,0.0,-0.3,31440.220999663623,29816.33799999727,31133.020999663622,30123.537999997272,31440.220999663623,EPSG:3414
tile_x91392_y62720.png,train,91392,62720,1024,1024,0.3,0.0,30085.13799999727,0.0,-0.3,31440.220999663623,30085.13799999727,31133.020999663622,30392.33799999727,31440.220999663623,EPSG:3414
tile_x92288_y62720.png,train,92288,62720,1024,1024,0.3,0.0,30353.93799999727,0.0,-0.3,31440.220999663623,30353.93799999727,31133.020999663622,30661.13799999727,31440.220999663623,EPSG:3414
tile_x93184_y62720.png,train,93184,62720,1024,1024,0.3,0.0,30622.737999997273,0.0,-0.3,31440.220999663623,30622.737999997273,31133.020999663622,30929.93799999727,31440.220999663623,EPSG:3414
tile_x94080_y62720.png,train,94080,62720,1024,1024,0.3,0.0,30891.537999997272,0.0,-0.3,31440.220999663623,30891.537999997272,31133.020999663622,31198.737999997273,31440.220999663623,EPSG:3414
tile_x94976_y62720.png,train,94976,62720,1024,1024,0.3,0.0,31160.33799999727,0.0,-0.3,31440.220999663623,31160.33799999727,31133.020999663622,31467.537999997272,31440.220999663623,EPSG:3414
tile_x104832_y62720.png,train,104832,62720,1024,1024,0.3,0.0,34117.13799999727,0.0,-0.3,31440.220999663623,34117.13799999727,31133.020999663622,34424.33799999727,31440.220999663623,EPSG:3414
tile_x105728_y62720.png,train,105728,62720,1024,1024,0.3,0.0,34385.93799999727,0.0,-0.3,31440.220999663623,34385.93799999727,31133.020999663622,34693.13799999727,31440.220999663623,EPSG:3414
tile_x106624_y62720.png,train,106624,62720,1024,1024,0.3,0.0,34654.73799999727,0.0,-0.3,31440.220999663623,34654.73799999727,31133.020999663622,34961.93799999727,31440.220999663623,EPSG:3414
tile_x109312_y62720.png,train,109312,62720,1024,1024,0.3,0.0,35461.13799999727,0.0,-0.3,31440.220999663623,35461.13799999727,31133.020999663622,35768.33799999727,31440.220999663623,EPSG:3414
tile_x111104_y62720.png,train,111104,62720,1024,1024,0.3,0.0,35998.73799999727,0.0,-0.3,31440.220999663623,35998.73799999727,31133.020999663622,36305.93799999727,31440.220999663623,EPSG:3414
tile_x112000_y62720.png,train,112000,62720,1024,1024,0.3,0.0,36267.53799999727,0.0,-0.3,31440.220999663623,36267.53799999727,31133.020999663622,36574.73799999727,31440.220999663623,EPSG:3414
tile_x58240_y63616.png,train,58240,63616,1024,1024,0.3,0.0,20139.537999997272,0.0,-0.3,31171.420999663624,20139.537999997272,30864.220999663623,20446.737999997273,31171.420999663624,EPSG:3414
tile_x60032_y63616.png,train,60032,63616,1024,1024,0.3,0.0,20677.13799999727,0.0,-0.3,31171.420999663624,20677.13799999727,30864.220999663623,20984.33799999727,31171.420999663624,EPSG:3414
tile_x60928_y63616.png,train,60928,63616,1024,1024,0.3,0.0,20945.93799999727,0.0,-0.3,31171.420999663624,20945.93799999727,30864.220999663623,21253.13799999727,31171.420999663624,EPSG:3414
tile_x64512_y63616.png,train,64512,63616,1024,1024,0.3,0.0,22021.13799999727,0.0,-0.3,31171.420999663624,22021.13799999727,30864.220999663623,22328.33799999727,31171.420999663624,EPSG:3414
tile_x65408_y63616.png,train,65408,63616,1024,1024,0.3,0.0,22289.93799999727,0.0,-0.3,31171.420999663624,22289.93799999727,30864.220999663623,22597.13799999727,31171.420999663624,EPSG:3414
tile_x66304_y63616.png,train,66304,63616,1024,1024,0.3,0.0,22558.737999997273,0.0,-0.3,31171.420999663624,22558.737999997273,30864.220999663623,22865.93799999727,31171.420999663624,EPSG:3414
tile_x68096_y63616.png,train,68096,63616,1024,1024,0.3,0.0,23096.33799999727,0.0,-0.3,31171.420999663624,23096.33799999727,30864.220999663623,23403.537999997272,31171.420999663624,EPSG:3414
tile_x71680_y63616.png,train,71680,63616,1024,1024,0.3,0.0,24171.537999997272,0.0,-0.3,31171.420999663624,24171.537999997272,30864.220999663623,24478.737999997273,31171.420999663624,EPSG:3414
tile_x72576_y63616.png,train,72576,63616,1024,1024,0.3,0.0,24440.33799999727,0.0,-0.3,31171.420999663624,24440.33799999727,30864.220999663623,24747.537999997272,31171.420999663624,EPSG:3414
tile_x73472_y63616.png,val,73472,63616,1024,1024,0.3,0.0,24709.13799999727,0.0,-0.3,31171.420999663624,24709.13799999727,30864.220999663623,25016.33799999727,31171.420999663624,EPSG:3414
tile_x74368_y63616.png,val,74368,63616,1024,1024,0.3,0.0,24977.93799999727,0.0,-0.3,31171.420999663624,24977.93799999727,30864.220999663623,25285.13799999727,31171.420999663624,EPSG:3414
tile_x75264_y63616.png,val,75264,63616,1024,1024,0.3,0.0,25246.737999997273,0.0,-0.3,31171.420999663624,25246.737999997273,30864.220999663623,25553.93799999727,31171.420999663624,EPSG:3414
tile_x79744_y63616.png,train,79744,63616,1024,1024,0.3,0.0,26590.737999997273,0.0,-0.3,31171.420999663624,26590.737999997273,30864.220999663623,26897.93799999727,31171.420999663624,EPSG:3414
tile_x82432_y63616.png,train,82432,63616,1024,1024,0.3,0.0,27397.13799999727,0.0,-0.3,31171.420999663624,27397.13799999727,30864.220999663623,27704.33799999727,31171.420999663624,EPSG:3414
tile_x83328_y63616.png,train,83328,63616,1024,1024,0.3,0.0,27665.93799999727,0.0,-0.3,31171.420999663624,27665.93799999727,30864.220999663623,27973.13799999727,31171.420999663624,EPSG:3414
tile_x84224_y63616.png,train,84224,63616,1024,1024,0.3,0.0,27934.737999997273,0.0,-0.3,31171.420999663624,27934.737999997273,30864.220999663623,28241.93799999727,31171.420999663624,EPSG:3414
tile_x85120_y63616.png,train,85120,63616,1024,1024,0.3,0.0,28203.537999997272,0.0,-0.3,31171.420999663624,28203.537999997272,30864.220999663623,28510.737999997273,31171.420999663624,EPSG:3414
tile_x86016_y63616.png,train,86016,63616,1024,1024,0.3,0.0,28472.33799999727,0.0,-0.3,31171.420999663624,28472.33799999727,30864.220999663623,28779.537999997272,31171.420999663624,EPSG:3414
tile_x88704_y63616.png,train,88704,63616,1024,1024,0.3,0.0,29278.737999997273,0.0,-0.3,31171.420999663624,29278.737999997273,30864.220999663623,29585.93799999727,31171.420999663624,EPSG:3414
tile_x89600_y63616.png,train,89600,63616,1024,1024,0.3,0.0,29547.537999997272,0.0,-0.3,31171.420999663624,29547.537999997272,30864.220999663623,29854.737999997273,31171.420999663624,EPSG:3414
tile_x90496_y63616.png,train,90496,63616,1024,1024,0.3,0.0,29816.33799999727,0.0,-0.3,31171.420999663624,29816.33799999727,30864.220999663623,30123.537999997272,31171.420999663624,EPSG:3414
tile_x91392_y63616.png,train,91392,63616,1024,1024,0.3,0.0,30085.13799999727,0.0,-0.3,31171.420999663624,30085.13799999727,30864.220999663623,30392.33799999727,31171.420999663624,EPSG:3414
tile_x92288_y63616.png,train,92288,63616,1024,1024,0.3,0.0,30353.93799999727,0.0,-0.3,31171.420999663624,30353.93799999727,30864.220999663623,30661.13799999727,31171.420999663624,EPSG:3414
tile_x93184_y63616.png,train,93184,63616,1024,1024,0.3,0.0,30622.737999997273,0.0,-0.3,31171.420999663624,30622.737999997273,30864.220999663623,30929.93799999727,31171.420999663624,EPSG:3414
tile_x104832_y63616.png,train,104832,63616,1024,1024,0.3,0.0,34117.13799999727,0.0,-0.3,31171.420999663624,34117.13799999727,30864.220999663623,34424.33799999727,31171.420999663624,EPSG:3414
tile_x105728_y63616.png,train,105728,63616,1024,1024,0.3,0.0,34385.93799999727,0.0,-0.3,31171.420999663624,34385.93799999727,30864.220999663623,34693.13799999727,31171.420999663624,EPSG:3414
tile_x106624_y63616.png,train,106624,63616,1024,1024,0.3,0.0,34654.73799999727,0.0,-0.3,31171.420999663624,34654.73799999727,30864.220999663623,34961.93799999727,31171.420999663624,EPSG:3414
tile_x109312_y63616.png,train,109312,63616,1024,1024,0.3,0.0,35461.13799999727,0.0,-0.3,31171.420999663624,35461.13799999727,30864.220999663623,35768.33799999727,31171.420999663624,EPSG:3414
tile_x58240_y64512.png,train,58240,64512,1024,1024,0.3,0.0,20139.537999997272,0.0,-0.3,30902.620999663624,20139.537999997272,30595.420999663624,20446.737999997273,30902.620999663624,EPSG:3414
tile_x59136_y64512.png,train,59136,64512,1024,1024,0.3,0.0,20408.33799999727,0.0,-0.3,30902.620999663624,20408.33799999727,30595.420999663624,20715.537999997272,30902.620999663624,EPSG:3414
tile_x60032_y64512.png,train,60032,64512,1024,1024,0.3,0.0,20677.13799999727,0.0,-0.3,30902.620999663624,20677.13799999727,30595.420999663624,20984.33799999727,30902.620999663624,EPSG:3414
tile_x60928_y64512.png,train,60928,64512,1024,1024,0.3,0.0,20945.93799999727,0.0,-0.3,30902.620999663624,20945.93799999727,30595.420999663624,21253.13799999727,30902.620999663624,EPSG:3414
tile_x65408_y64512.png,train,65408,64512,1024,1024,0.3,0.0,22289.93799999727,0.0,-0.3,30902.620999663624,22289.93799999727,30595.420999663624,22597.13799999727,30902.620999663624,EPSG:3414
tile_x66304_y64512.png,train,66304,64512,1024,1024,0.3,0.0,22558.737999997273,0.0,-0.3,30902.620999663624,22558.737999997273,30595.420999663624,22865.93799999727,30902.620999663624,EPSG:3414
tile_x67200_y64512.png,train,67200,64512,1024,1024,0.3,0.0,22827.537999997272,0.0,-0.3,30902.620999663624,22827.537999997272,30595.420999663624,23134.737999997273,30902.620999663624,EPSG:3414
tile_x71680_y64512.png,train,71680,64512,1024,1024,0.3,0.0,24171.537999997272,0.0,-0.3,30902.620999663624,24171.537999997272,30595.420999663624,24478.737999997273,30902.620999663624,EPSG:3414
tile_x73472_y64512.png,val,73472,64512,1024,1024,0.3,0.0,24709.13799999727,0.0,-0.3,30902.620999663624,24709.13799999727,30595.420999663624,25016.33799999727,30902.620999663624,EPSG:3414
tile_x74368_y64512.png,val,74368,64512,1024,1024,0.3,0.0,24977.93799999727,0.0,-0.3,30902.620999663624,24977.93799999727,30595.420999663624,25285.13799999727,30902.620999663624,EPSG:3414
tile_x75264_y64512.png,val,75264,64512,1024,1024,0.3,0.0,25246.737999997273,0.0,-0.3,30902.620999663624,25246.737999997273,30595.420999663624,25553.93799999727,30902.620999663624,EPSG:3414
tile_x76160_y64512.png,val,76160,64512,1024,1024,0.3,0.0,25515.537999997272,0.0,-0.3,30902.620999663624,25515.537999997272,30595.420999663624,25822.737999997273,30902.620999663624,EPSG:3414
tile_x77056_y64512.png,val,77056,64512,1024,1024,0.3,0.0,25784.33799999727,0.0,-0.3,30902.620999663624,25784.33799999727,30595.420999663624,26091.537999997272,30902.620999663624,EPSG:3414
tile_x77952_y64512.png,train,77952,64512,1024,1024,0.3,0.0,26053.13799999727,0.0,-0.3,30902.620999663624,26053.13799999727,30595.420999663624,26360.33799999727,30902.620999663624,EPSG:3414
tile_x80640_y64512.png,train,80640,64512,1024,1024,0.3,0.0,26859.537999997272,0.0,-0.3,30902.620999663624,26859.537999997272,30595.420999663624,27166.737999997273,30902.620999663624,EPSG:3414
tile_x81536_y64512.png,train,81536,64512,1024,1024,0.3,0.0,27128.33799999727,0.0,-0.3,30902.620999663624,27128.33799999727,30595.420999663624,27435.537999997272,30902.620999663624,EPSG:3414
tile_x82432_y64512.png,train,82432,64512,1024,1024,0.3,0.0,27397.13799999727,0.0,-0.3,30902.620999663624,27397.13799999727,30595.420999663624,27704.33799999727,30902.620999663624,EPSG:3414
tile_x83328_y64512.png,train,83328,64512,1024,1024,0.3,0.0,27665.93799999727,0.0,-0.3,30902.620999663624,27665.93799999727,30595.420999663624,27973.13799999727,30902.620999663624,EPSG:3414
tile_x86912_y64512.png,train,86912,64512,1024,1024,0.3,0.0,28741.13799999727,0.0,-0.3,30902.620999663624,28741.13799999727,30595.420999663624,29048.33799999727,30902.620999663624,EPSG:3414
tile_x87808_y64512.png,train,87808,64512,1024,1024,0.3,0.0,29009.93799999727,0.0,-0.3,30902.620999663624,29009.93799999727,30595.420999663624,29317.13799999727,30902.620999663624,EPSG:3414
tile_x89600_y64512.png,train,89600,64512,1024,1024,0.3,0.0,29547.537999997272,0.0,-0.3,30902.620999663624,29547.537999997272,30595.420999663624,29854.737999997273,30902.620999663624,EPSG:3414
tile_x90496_y64512.png,train,90496,64512,1024,1024,0.3,0.0,29816.33799999727,0.0,-0.3,30902.620999663624,29816.33799999727,30595.420999663624,30123.537999997272,30902.620999663624,EPSG:3414
tile_x91392_y64512.png,train,91392,64512,1024,1024,0.3,0.0,30085.13799999727,0.0,-0.3,30902.620999663624,30085.13799999727,30595.420999663624,30392.33799999727,30902.620999663624,EPSG:3414
tile_x92288_y64512.png,train,92288,64512,1024,1024,0.3,0.0,30353.93799999727,0.0,-0.3,30902.620999663624,30353.93799999727,30595.420999663624,30661.13799999727,30902.620999663624,EPSG:3414
tile_x93184_y64512.png,train,93184,64512,1024,1024,0.3,0.0,30622.737999997273,0.0,-0.3,30902.620999663624,30622.737999997273,30595.420999663624,30929.93799999727,30902.620999663624,EPSG:3414
tile_x104832_y64512.png,train,104832,64512,1024,1024,0.3,0.0,34117.13799999727,0.0,-0.3,30902.620999663624,34117.13799999727,30595.420999663624,34424.33799999727,30902.620999663624,EPSG:3414
tile_x106624_y64512.png,train,106624,64512,1024,1024,0.3,0.0,34654.73799999727,0.0,-0.3,30902.620999663624,34654.73799999727,30595.420999663624,34961.93799999727,30902.620999663624,EPSG:3414
tile_x59136_y65408.png,train,59136,65408,1024,1024,0.3,0.0,20408.33799999727,0.0,-0.3,30633.820999663625,20408.33799999727,30326.620999663624,20715.537999997272,30633.820999663625,EPSG:3414
tile_x60032_y65408.png,train,60032,65408,1024,1024,0.3,0.0,20677.13799999727,0.0,-0.3,30633.820999663625,20677.13799999727,30326.620999663624,20984.33799999727,30633.820999663625,EPSG:3414
tile_x65408_y65408.png,train,65408,65408,1024,1024,0.3,0.0,22289.93799999727,0.0,-0.3,30633.820999663625,22289.93799999727,30326.620999663624,22597.13799999727,30633.820999663625,EPSG:3414
tile_x66304_y65408.png,train,66304,65408,1024,1024,0.3,0.0,22558.737999997273,0.0,-0.3,30633.820999663625,22558.737999997273,30326.620999663624,22865.93799999727,30633.820999663625,EPSG:3414
tile_x67200_y65408.png,train,67200,65408,1024,1024,0.3,0.0,22827.537999997272,0.0,-0.3,30633.820999663625,22827.537999997272,30326.620999663624,23134.737999997273,30633.820999663625,EPSG:3414
tile_x71680_y65408.png,val,71680,65408,1024,1024,0.3,0.0,24171.537999997272,0.0,-0.3,30633.820999663625,24171.537999997272,30326.620999663624,24478.737999997273,30633.820999663625,EPSG:3414
tile_x74368_y65408.png,train,74368,65408,1024,1024,0.3,0.0,24977.93799999727,0.0,-0.3,30633.820999663625,24977.93799999727,30326.620999663624,25285.13799999727,30633.820999663625,EPSG:3414
tile_x75264_y65408.png,train,75264,65408,1024,1024,0.3,0.0,25246.737999997273,0.0,-0.3,30633.820999663625,25246.737999997273,30326.620999663624,25553.93799999727,30633.820999663625,EPSG:3414
tile_x76160_y65408.png,train,76160,65408,1024,1024,0.3,0.0,25515.537999997272,0.0,-0.3,30633.820999663625,25515.537999997272,30326.620999663624,25822.737999997273,30633.820999663625,EPSG:3414
tile_x77056_y65408.png,train,77056,65408,1024,1024,0.3,0.0,25784.33799999727,0.0,-0.3,30633.820999663625,25784.33799999727,30326.620999663624,26091.537999997272,30633.820999663625,EPSG:3414
tile_x77952_y65408.png,train,77952,65408,1024,1024,0.3,0.0,26053.13799999727,0.0,-0.3,30633.820999663625,26053.13799999727,30326.620999663624,26360.33799999727,30633.820999663625,EPSG:3414
tile_x78848_y65408.png,train,78848,65408,1024,1024,0.3,0.0,26321.93799999727,0.0,-0.3,30633.820999663625,26321.93799999727,30326.620999663624,26629.13799999727,30633.820999663625,EPSG:3414
tile_x79744_y65408.png,train,79744,65408,1024,1024,0.3,0.0,26590.737999997273,0.0,-0.3,30633.820999663625,26590.737999997273,30326.620999663624,26897.93799999727,30633.820999663625,EPSG:3414
tile_x80640_y65408.png,train,80640,65408,1024,1024,0.3,0.0,26859.537999997272,0.0,-0.3,30633.820999663625,26859.537999997272,30326.620999663624,27166.737999997273,30633.820999663625,EPSG:3414
tile_x81536_y65408.png,val,81536,65408,1024,1024,0.3,0.0,27128.33799999727,0.0,-0.3,30633.820999663625,27128.33799999727,30326.620999663624,27435.537999997272,30633.820999663625,EPSG:3414
tile_x83328_y65408.png,val,83328,65408,1024,1024,0.3,0.0,27665.93799999727,0.0,-0.3,30633.820999663625,27665.93799999727,30326.620999663624,27973.13799999727,30633.820999663625,EPSG:3414
tile_x87808_y65408.png,train,87808,65408,1024,1024,0.3,0.0,29009.93799999727,0.0,-0.3,30633.820999663625,29009.93799999727,30326.620999663624,29317.13799999727,30633.820999663625,EPSG:3414
tile_x88704_y65408.png,train,88704,65408,1024,1024,0.3,0.0,29278.737999997273,0.0,-0.3,30633.820999663625,29278.737999997273,30326.620999663624,29585.93799999727,30633.820999663625,EPSG:3414
tile_x89600_y65408.png,val,89600,65408,1024,1024,0.3,0.0,29547.537999997272,0.0,-0.3,30633.820999663625,29547.537999997272,30326.620999663624,29854.737999997273,30633.820999663625,EPSG:3414
tile_x90496_y65408.png,val,90496,65408,1024,1024,0.3,0.0,29816.33799999727,0.0,-0.3,30633.820999663625,29816.33799999727,30326.620999663624,30123.537999997272,30633.820999663625,EPSG:3414
tile_x91392_y65408.png,val,91392,65408,1024,1024,0.3,0.0,30085.13799999727,0.0,-0.3,30633.820999663625,30085.13799999727,30326.620999663624,30392.33799999727,30633.820999663625,EPSG:3414
tile_x92288_y65408.png,val,92288,65408,1024,1024,0.3,0.0,30353.93799999727,0.0,-0.3,30633.820999663625,30353.93799999727,30326.620999663624,30661.13799999727,30633.820999663625,EPSG:3414
tile_x93184_y65408.png,val,93184,65408,1024,1024,0.3,0.0,30622.737999997273,0.0,-0.3,30633.820999663625,30622.737999997273,30326.620999663624,30929.93799999727,30633.820999663625,EPSG:3414
tile_x94080_y65408.png,train,94080,65408,1024,1024,0.3,0.0,30891.537999997272,0.0,-0.3,30633.820999663625,30891.537999997272,30326.620999663624,31198.737999997273,30633.820999663625,EPSG:3414
tile_x61824_y66304.png,val,61824,66304,1024,1024,0.3,0.0,21214.737999997273,0.0,-0.3,30365.020999663622,21214.737999997273,30057.820999663625,21521.93799999727,30365.020999663622,EPSG:3414
tile_x63616_y66304.png,val,63616,66304,1024,1024,0.3,0.0,21752.33799999727,0.0,-0.3,30365.020999663622,21752.33799999727,30057.820999663625,22059.537999997272,30365.020999663622,EPSG:3414
tile_x64512_y66304.png,val,64512,66304,1024,1024,0.3,0.0,22021.13799999727,0.0,-0.3,30365.020999663622,22021.13799999727,30057.820999663625,22328.33799999727,30365.020999663622,EPSG:3414
tile_x66304_y66304.png,train,66304,66304,1024,1024,0.3,0.0,22558.737999997273,0.0,-0.3,30365.020999663622,22558.737999997273,30057.820999663625,22865.93799999727,30365.020999663622,EPSG:3414
tile_x67200_y66304.png,train,67200,66304,1024,1024,0.3,0.0,22827.537999997272,0.0,-0.3,30365.020999663622,22827.537999997272,30057.820999663625,23134.737999997273,30365.020999663622,EPSG:3414
tile_x68096_y66304.png,train,68096,66304,1024,1024,0.3,0.0,23096.33799999727,0.0,-0.3,30365.020999663622,23096.33799999727,30057.820999663625,23403.537999997272,30365.020999663622,EPSG:3414
tile_x68992_y66304.png,train,68992,66304,1024,1024,0.3,0.0,23365.13799999727,0.0,-0.3,30365.020999663622,23365.13799999727,30057.820999663625,23672.33799999727,30365.020999663622,EPSG:3414
tile_x71680_y66304.png,val,71680,66304,1024,1024,0.3,0.0,24171.537999997272,0.0,-0.3,30365.020999663622,24171.537999997272,30057.820999663625,24478.737999997273,30365.020999663622,EPSG:3414
tile_x72576_y66304.png,val,72576,66304,1024,1024,0.3,0.0,24440.33799999727,0.0,-0.3,30365.020999663622,24440.33799999727,30057.820999663625,24747.537999997272,30365.020999663622,EPSG:3414
tile_x73472_y66304.png,train,73472,66304,1024,1024,0.3,0.0,24709.13799999727,0.0,-0.3,30365.020999663622,24709.13799999727,30057.820999663625,25016.33799999727,30365.020999663622,EPSG:3414
tile_x77056_y66304.png,train,77056,66304,1024,1024,0.3,0.0,25784.33799999727,0.0,-0.3,30365.020999663622,25784.33799999727,30057.820999663625,26091.537999997272,30365.020999663622,EPSG:3414
tile_x77952_y66304.png,train,77952,66304,1024,1024,0.3,0.0,26053.13799999727,0.0,-0.3,30365.020999663622,26053.13799999727,30057.820999663625,26360.33799999727,30365.020999663622,EPSG:3414
tile_x78848_y66304.png,train,78848,66304,1024,1024,0.3,0.0,26321.93799999727,0.0,-0.3,30365.020999663622,26321.93799999727,30057.820999663625,26629.13799999727,30365.020999663622,EPSG:3414
tile_x79744_y66304.png,train,79744,66304,1024,1024,0.3,0.0,26590.737999997273,0.0,-0.3,30365.020999663622,26590.737999997273,30057.820999663625,26897.93799999727,30365.020999663622,EPSG:3414
tile_x80640_y66304.png,train,80640,66304,1024,1024,0.3,0.0,26859.537999997272,0.0,-0.3,30365.020999663622,26859.537999997272,30057.820999663625,27166.737999997273,30365.020999663622,EPSG:3414
tile_x81536_y66304.png,val,81536,66304,1024,1024,0.3,0.0,27128.33799999727,0.0,-0.3,30365.020999663622,27128.33799999727,30057.820999663625,27435.537999997272,30365.020999663622,EPSG:3414
tile_x82432_y66304.png,val,82432,66304,1024,1024,0.3,0.0,27397.13799999727,0.0,-0.3,30365.020999663622,27397.13799999727,30057.820999663625,27704.33799999727,30365.020999663622,EPSG:3414
tile_x83328_y66304.png,val,83328,66304,1024,1024,0.3,0.0,27665.93799999727,0.0,-0.3,30365.020999663622,27665.93799999727,30057.820999663625,27973.13799999727,30365.020999663622,EPSG:3414
tile_x84224_y66304.png,val,84224,66304,1024,1024,0.3,0.0,27934.737999997273,0.0,-0.3,30365.020999663622,27934.737999997273,30057.820999663625,28241.93799999727,30365.020999663622,EPSG:3414
tile_x85120_y66304.png,val,85120,66304,1024,1024,0.3,0.0,28203.537999997272,0.0,-0.3,30365.020999663622,28203.537999997272,30057.820999663625,28510.737999997273,30365.020999663622,EPSG:3414
tile_x86016_y66304.png,train,86016,66304,1024,1024,0.3,0.0,28472.33799999727,0.0,-0.3,30365.020999663622,28472.33799999727,30057.820999663625,28779.537999997272,30365.020999663622,EPSG:3414
tile_x86912_y66304.png,train,86912,66304,1024,1024,0.3,0.0,28741.13799999727,0.0,-0.3,30365.020999663622,28741.13799999727,30057.820999663625,29048.33799999727,30365.020999663622,EPSG:3414
tile_x87808_y66304.png,train,87808,66304,1024,1024,0.3,0.0,29009.93799999727,0.0,-0.3,30365.020999663622,29009.93799999727,30057.820999663625,29317.13799999727,30365.020999663622,EPSG:3414
tile_x88704_y66304.png,train,88704,66304,1024,1024,0.3,0.0,29278.737999997273,0.0,-0.3,30365.020999663622,29278.737999997273,30057.820999663625,29585.93799999727,30365.020999663622,EPSG:3414
tile_x89600_y66304.png,val,89600,66304,1024,1024,0.3,0.0,29547.537999997272,0.0,-0.3,30365.020999663622,29547.537999997272,30057.820999663625,29854.737999997273,30365.020999663622,EPSG:3414
tile_x91392_y66304.png,val,91392,66304,1024,1024,0.3,0.0,30085.13799999727,0.0,-0.3,30365.020999663622,30085.13799999727,30057.820999663625,30392.33799999727,30365.020999663622,EPSG:3414
tile_x92288_y66304.png,val,92288,66304,1024,1024,0.3,0.0,30353.93799999727,0.0,-0.3,30365.020999663622,30353.93799999727,30057.820999663625,30661.13799999727,30365.020999663622,EPSG:3414
tile_x94080_y66304.png,train,94080,66304,1024,1024,0.3,0.0,30891.537999997272,0.0,-0.3,30365.020999663622,30891.537999997272,30057.820999663625,31198.737999997273,30365.020999663622,EPSG:3414
tile_x94976_y66304.png,train,94976,66304,1024,1024,0.3,0.0,31160.33799999727,0.0,-0.3,30365.020999663622,31160.33799999727,30057.820999663625,31467.537999997272,30365.020999663622,EPSG:3414
tile_x64512_y67200.png,val,64512,67200,1024,1024,0.3,0.0,22021.13799999727,0.0,-0.3,30096.220999663623,22021.13799999727,29789.020999663622,22328.33799999727,30096.220999663623,EPSG:3414
tile_x65408_y67200.png,train,65408,67200,1024,1024,0.3,0.0,22289.93799999727,0.0,-0.3,30096.220999663623,22289.93799999727,29789.020999663622,22597.13799999727,30096.220999663623,EPSG:3414
tile_x72576_y67200.png,val,72576,67200,1024,1024,0.3,0.0,24440.33799999727,0.0,-0.3,30096.220999663623,24440.33799999727,29789.020999663622,24747.537999997272,30096.220999663623,EPSG:3414
tile_x73472_y67200.png,train,73472,67200,1024,1024,0.3,0.0,24709.13799999727,0.0,-0.3,30096.220999663623,24709.13799999727,29789.020999663622,25016.33799999727,30096.220999663623,EPSG:3414
tile_x74368_y67200.png,train,74368,67200,1024,1024,0.3,0.0,24977.93799999727,0.0,-0.3,30096.220999663623,24977.93799999727,29789.020999663622,25285.13799999727,30096.220999663623,EPSG:3414
tile_x75264_y67200.png,train,75264,67200,1024,1024,0.3,0.0,25246.737999997273,0.0,-0.3,30096.220999663623,25246.737999997273,29789.020999663622,25553.93799999727,30096.220999663623,EPSG:3414
tile_x76160_y67200.png,train,76160,67200,1024,1024,0.3,0.0,25515.537999997272,0.0,-0.3,30096.220999663623,25515.537999997272,29789.020999663622,25822.737999997273,30096.220999663623,EPSG:3414
tile_x77056_y67200.png,train,77056,67200,1024,1024,0.3,0.0,25784.33799999727,0.0,-0.3,30096.220999663623,25784.33799999727,29789.020999663622,26091.537999997272,30096.220999663623,EPSG:3414
tile_x77952_y67200.png,train,77952,67200,1024,1024,0.3,0.0,26053.13799999727,0.0,-0.3,30096.220999663623,26053.13799999727,29789.020999663622,26360.33799999727,30096.220999663623,EPSG:3414
tile_x79744_y67200.png,train,79744,67200,1024,1024,0.3,0.0,26590.737999997273,0.0,-0.3,30096.220999663623,26590.737999997273,29789.020999663622,26897.93799999727,30096.220999663623,EPSG:3414
tile_x80640_y67200.png,train,80640,67200,1024,1024,0.3,0.0,26859.537999997272,0.0,-0.3,30096.220999663623,26859.537999997272,29789.020999663622,27166.737999997273,30096.220999663623,EPSG:3414
tile_x81536_y67200.png,val,81536,67200,1024,1024,0.3,0.0,27128.33799999727,0.0,-0.3,30096.220999663623,27128.33799999727,29789.020999663622,27435.537999997272,30096.220999663623,EPSG:3414
tile_x82432_y67200.png,val,82432,67200,1024,1024,0.3,0.0,27397.13799999727,0.0,-0.3,30096.220999663623,27397.13799999727,29789.020999663622,27704.33799999727,30096.220999663623,EPSG:3414
tile_x83328_y67200.png,val,83328,67200,1024,1024,0.3,0.0,27665.93799999727,0.0,-0.3,30096.220999663623,27665.93799999727,29789.020999663622,27973.13799999727,30096.220999663623,EPSG:3414
tile_x84224_y67200.png,val,84224,67200,1024,1024,0.3,0.0,27934.737999997273,0.0,-0.3,30096.220999663623,27934.737999997273,29789.020999663622,28241.93799999727,30096.220999663623,EPSG:3414
tile_x86016_y67200.png,train,86016,67200,1024,1024,0.3,0.0,28472.33799999727,0.0,-0.3,30096.220999663623,28472.33799999727,29789.020999663622,28779.537999997272,30096.220999663623,EPSG:3414
tile_x86912_y67200.png,train,86912,67200,1024,1024,0.3,0.0,28741.13799999727,0.0,-0.3,30096.220999663623,28741.13799999727,29789.020999663622,29048.33799999727,30096.220999663623,EPSG:3414
tile_x87808_y67200.png,train,87808,67200,1024,1024,0.3,0.0,29009.93799999727,0.0,-0.3,30096.220999663623,29009.93799999727,29789.020999663622,29317.13799999727,30096.220999663623,EPSG:3414
tile_x88704_y67200.png,train,88704,67200,1024,1024,0.3,0.0,29278.737999997273,0.0,-0.3,30096.220999663623,29278.737999997273,29789.020999663622,29585.93799999727,30096.220999663623,EPSG:3414
tile_x91392_y67200.png,val,91392,67200,1024,1024,0.3,0.0,30085.13799999727,0.0,-0.3,30096.220999663623,30085.13799999727,29789.020999663622,30392.33799999727,30096.220999663623,EPSG:3414
tile_x92288_y67200.png,val,92288,67200,1024,1024,0.3,0.0,30353.93799999727,0.0,-0.3,30096.220999663623,30353.93799999727,29789.020999663622,30661.13799999727,30096.220999663623,EPSG:3414
tile_x94080_y67200.png,train,94080,67200,1024,1024,0.3,0.0,30891.537999997272,0.0,-0.3,30096.220999663623,30891.537999997272,29789.020999663622,31198.737999997273,30096.220999663623,EPSG:3414
tile_x64512_y68096.png,val,64512,68096,1024,1024,0.3,0.0,22021.13799999727,0.0,-0.3,29827.420999663624,22021.13799999727,29520.220999663623,22328.33799999727,29827.420999663624,EPSG:3414
tile_x72576_y68096.png,val,72576,68096,1024,1024,0.3,0.0,24440.33799999727,0.0,-0.3,29827.420999663624,24440.33799999727,29520.220999663623,24747.537999997272,29827.420999663624,EPSG:3414
tile_x74368_y68096.png,train,74368,68096,1024,1024,0.3,0.0,24977.93799999727,0.0,-0.3,29827.420999663624,24977.93799999727,29520.220999663623,25285.13799999727,29827.420999663624,EPSG:3414
tile_x75264_y68096.png,train,75264,68096,1024,1024,0.3,0.0,25246.737999997273,0.0,-0.3,29827.420999663624,25246.737999997273,29520.220999663623,25553.93799999727,29827.420999663624,EPSG:3414
tile_x76160_y68096.png,train,76160,68096,1024,1024,0.3,0.0,25515.537999997272,0.0,-0.3,29827.420999663624,25515.537999997272,29520.220999663623,25822.737999997273,29827.420999663624,EPSG:3414
tile_x77056_y68096.png,train,77056,68096,1024,1024,0.3,0.0,25784.33799999727,0.0,-0.3,29827.420999663624,25784.33799999727,29520.220999663623,26091.537999997272,29827.420999663624,EPSG:3414
tile_x77952_y68096.png,train,77952,68096,1024,1024,0.3,0.0,26053.13799999727,0.0,-0.3,29827.420999663624,26053.13799999727,29520.220999663623,26360.33799999727,29827.420999663624,EPSG:3414
tile_x80640_y68096.png,train,80640,68096,1024,1024,0.3,0.0,26859.537999997272,0.0,-0.3,29827.420999663624,26859.537999997272,29520.220999663623,27166.737999997273,29827.420999663624,EPSG:3414
tile_x81536_y68096.png,val,81536,68096,1024,1024,0.3,0.0,27128.33799999727,0.0,-0.3,29827.420999663624,27128.33799999727,29520.220999663623,27435.537999997272,29827.420999663624,EPSG:3414
tile_x82432_y68096.png,val,82432,68096,1024,1024,0.3,0.0,27397.13799999727,0.0,-0.3,29827.420999663624,27397.13799999727,29520.220999663623,27704.33799999727,29827.420999663624,EPSG:3414
tile_x86016_y68096.png,train,86016,68096,1024,1024,0.3,0.0,28472.33799999727,0.0,-0.3,29827.420999663624,28472.33799999727,29520.220999663623,28779.537999997272,29827.420999663624,EPSG:3414
tile_x86912_y68096.png,train,86912,68096,1024,1024,0.3,0.0,28741.13799999727,0.0,-0.3,29827.420999663624,28741.13799999727,29520.220999663623,29048.33799999727,29827.420999663624,EPSG:3414
tile_x87808_y68096.png,train,87808,68096,1024,1024,0.3,0.0,29009.93799999727,0.0,-0.3,29827.420999663624,29009.93799999727,29520.220999663623,29317.13799999727,29827.420999663624,EPSG:3414
tile_x88704_y68096.png,train,88704,68096,1024,1024,0.3,0.0,29278.737999997273,0.0,-0.3,29827.420999663624,29278.737999997273,29520.220999663623,29585.93799999727,29827.420999663624,EPSG:3414
tile_x89600_y68096.png,val,89600,68096,1024,1024,0.3,0.0,29547.537999997272,0.0,-0.3,29827.420999663624,29547.537999997272,29520.220999663623,29854.737999997273,29827.420999663624,EPSG:3414
tile_x90496_y68096.png,val,90496,68096,1024,1024,0.3,0.0,29816.33799999727,0.0,-0.3,29827.420999663624,29816.33799999727,29520.220999663623,30123.537999997272,29827.420999663624,EPSG:3414
tile_x91392_y68096.png,val,91392,68096,1024,1024,0.3,0.0,30085.13799999727,0.0,-0.3,29827.420999663624,30085.13799999727,29520.220999663623,30392.33799999727,29827.420999663624,EPSG:3414
tile_x64512_y68992.png,val,64512,68992,1024,1024,0.3,0.0,22021.13799999727,0.0,-0.3,29558.620999663624,22021.13799999727,29251.420999663624,22328.33799999727,29558.620999663624,EPSG:3414
tile_x65408_y68992.png,train,65408,68992,1024,1024,0.3,0.0,22289.93799999727,0.0,-0.3,29558.620999663624,22289.93799999727,29251.420999663624,22597.13799999727,29558.620999663624,EPSG:3414
tile_x66304_y68992.png,train,66304,68992,1024,1024,0.3,0.0,22558.737999997273,0.0,-0.3,29558.620999663624,22558.737999997273,29251.420999663624,22865.93799999727,29558.620999663624,EPSG:3414
tile_x74368_y68992.png,train,74368,68992,1024,1024,0.3,0.0,24977.93799999727,0.0,-0.3,29558.620999663624,24977.93799999727,29251.420999663624,25285.13799999727,29558.620999663624,EPSG:3414
tile_x77056_y68992.png,train,77056,68992,1024,1024,0.3,0.0,25784.33799999727,0.0,-0.3,29558.620999663624,25784.33799999727,29251.420999663624,26091.537999997272,29558.620999663624,EPSG:3414
tile_x77952_y68992.png,train,77952,68992,1024,1024,0.3,0.0,26053.13799999727,0.0,-0.3,29558.620999663624,26053.13799999727,29251.420999663624,26360.33799999727,29558.620999663624,EPSG:3414
tile_x78848_y68992.png,train,78848,68992,1024,1024,0.3,0.0,26321.93799999727,0.0,-0.3,29558.620999663624,26321.93799999727,29251.420999663624,26629.13799999727,29558.620999663624,EPSG:3414
tile_x79744_y68992.png,train,79744,68992,1024,1024,0.3,0.0,26590.737999997273,0.0,-0.3,29558.620999663624,26590.737999997273,29251.420999663624,26897.93799999727,29558.620999663624,EPSG:3414
tile_x80640_y68992.png,train,80640,68992,1024,1024,0.3,0.0,26859.537999997272,0.0,-0.3,29558.620999663624,26859.537999997272,29251.420999663624,27166.737999997273,29558.620999663624,EPSG:3414
tile_x81536_y68992.png,val,81536,68992,1024,1024,0.3,0.0,27128.33799999727,0.0,-0.3,29558.620999663624,27128.33799999727,29251.420999663624,27435.537999997272,29558.620999663624,EPSG:3414
tile_x82432_y68992.png,val,82432,68992,1024,1024,0.3,0.0,27397.13799999727,0.0,-0.3,29558.620999663624,27397.13799999727,29251.420999663624,27704.33799999727,29558.620999663624,EPSG:3414
tile_x83328_y68992.png,val,83328,68992,1024,1024,0.3,0.0,27665.93799999727,0.0,-0.3,29558.620999663624,27665.93799999727,29251.420999663624,27973.13799999727,29558.620999663624,EPSG:3414
tile_x85120_y68992.png,val,85120,68992,1024,1024,0.3,0.0,28203.537999997272,0.0,-0.3,29558.620999663624,28203.537999997272,29251.420999663624,28510.737999997273,29558.620999663624,EPSG:3414
tile_x86016_y68992.png,train,86016,68992,1024,1024,0.3,0.0,28472.33799999727,0.0,-0.3,29558.620999663624,28472.33799999727,29251.420999663624,28779.537999997272,29558.620999663624,EPSG:3414
tile_x86912_y68992.png,train,86912,68992,1024,1024,0.3,0.0,28741.13799999727,0.0,-0.3,29558.620999663624,28741.13799999727,29251.420999663624,29048.33799999727,29558.620999663624,EPSG:3414
tile_x87808_y68992.png,train,87808,68992,1024,1024,0.3,0.0,29009.93799999727,0.0,-0.3,29558.620999663624,29009.93799999727,29251.420999663624,29317.13799999727,29558.620999663624,EPSG:3414
tile_x88704_y68992.png,train,88704,68992,1024,1024,0.3,0.0,29278.737999997273,0.0,-0.3,29558.620999663624,29278.737999997273,29251.420999663624,29585.93799999727,29558.620999663624,EPSG:3414
tile_x89600_y68992.png,val,89600,68992,1024,1024,0.3,0.0,29547.537999997272,0.0,-0.3,29558.620999663624,29547.537999997272,29251.420999663624,29854.737999997273,29558.620999663624,EPSG:3414
tile_x90496_y68992.png,val,90496,68992,1024,1024,0.3,0.0,29816.33799999727,0.0,-0.3,29558.620999663624,29816.33799999727,29251.420999663624,30123.537999997272,29558.620999663624,EPSG:3414
tile_x94080_y68992.png,train,94080,68992,1024,1024,0.3,0.0,30891.537999997272,0.0,-0.3,29558.620999663624,30891.537999997272,29251.420999663624,31198.737999997273,29558.620999663624,EPSG:3414
tile_x65408_y69888.png,train,65408,69888,1024,1024,0.3,0.0,22289.93799999727,0.0,-0.3,29289.820999663625,22289.93799999727,28982.620999663624,22597.13799999727,29289.820999663625,EPSG:3414
tile_x66304_y69888.png,train,66304,69888,1024,1024,0.3,0.0,22558.737999997273,0.0,-0.3,29289.820999663625,22558.737999997273,28982.620999663624,22865.93799999727,29289.820999663625,EPSG:3414
tile_x77952_y69888.png,train,77952,69888,1024,1024,0.3,0.0,26053.13799999727,0.0,-0.3,29289.820999663625,26053.13799999727,28982.620999663624,26360.33799999727,29289.820999663625,EPSG:3414
tile_x78848_y69888.png,train,78848,69888,1024,1024,0.3,0.0,26321.93799999727,0.0,-0.3,29289.820999663625,26321.93799999727,28982.620999663624,26629.13799999727,29289.820999663625,EPSG:3414
tile_x79744_y69888.png,train,79744,69888,1024,1024,0.3,0.0,26590.737999997273,0.0,-0.3,29289.820999663625,26590.737999997273,28982.620999663624,26897.93799999727,29289.820999663625,EPSG:3414
tile_x80640_y69888.png,train,80640,69888,1024,1024,0.3,0.0,26859.537999997272,0.0,-0.3,29289.820999663625,26859.537999997272,28982.620999663624,27166.737999997273,29289.820999663625,EPSG:3414
tile_x81536_y69888.png,train,81536,69888,1024,1024,0.3,0.0,27128.33799999727,0.0,-0.3,29289.820999663625,27128.33799999727,28982.620999663624,27435.537999997272,29289.820999663625,EPSG:3414
tile_x82432_y69888.png,train,82432,69888,1024,1024,0.3,0.0,27397.13799999727,0.0,-0.3,29289.820999663625,27397.13799999727,28982.620999663624,27704.33799999727,29289.820999663625,EPSG:3414
tile_x83328_y69888.png,train,83328,69888,1024,1024,0.3,0.0,27665.93799999727,0.0,-0.3,29289.820999663625,27665.93799999727,28982.620999663624,27973.13799999727,29289.820999663625,EPSG:3414
tile_x84224_y69888.png,train,84224,69888,1024,1024,0.3,0.0,27934.737999997273,0.0,-0.3,29289.820999663625,27934.737999997273,28982.620999663624,28241.93799999727,29289.820999663625,EPSG:3414
tile_x85120_y69888.png,train,85120,69888,1024,1024,0.3,0.0,28203.537999997272,0.0,-0.3,29289.820999663625,28203.537999997272,28982.620999663624,28510.737999997273,29289.820999663625,EPSG:3414
tile_x86016_y69888.png,train,86016,69888,1024,1024,0.3,0.0,28472.33799999727,0.0,-0.3,29289.820999663625,28472.33799999727,28982.620999663624,28779.537999997272,29289.820999663625,EPSG:3414
tile_x86912_y69888.png,train,86912,69888,1024,1024,0.3,0.0,28741.13799999727,0.0,-0.3,29289.820999663625,28741.13799999727,28982.620999663624,29048.33799999727,29289.820999663625,EPSG:3414
tile_x87808_y69888.png,train,87808,69888,1024,1024,0.3,0.0,29009.93799999727,0.0,-0.3,29289.820999663625,29009.93799999727,28982.620999663624,29317.13799999727,29289.820999663625,EPSG:3414
tile_x88704_y69888.png,train,88704,69888,1024,1024,0.3,0.0,29278.737999997273,0.0,-0.3,29289.820999663625,29278.737999997273,28982.620999663624,29585.93799999727,29289.820999663625,EPSG:3414
tile_x90496_y69888.png,val,90496,69888,1024,1024,0.3,0.0,29816.33799999727,0.0,-0.3,29289.820999663625,29816.33799999727,28982.620999663624,30123.537999997272,29289.820999663625,EPSG:3414
tile_x91392_y69888.png,val,91392,69888,1024,1024,0.3,0.0,30085.13799999727,0.0,-0.3,29289.820999663625,30085.13799999727,28982.620999663624,30392.33799999727,29289.820999663625,EPSG:3414
tile_x68096_y70784.png,train,68096,70784,1024,1024,0.3,0.0,23096.33799999727,0.0,-0.3,29021.020999663622,23096.33799999727,28713.820999663625,23403.537999997272,29021.020999663622,EPSG:3414
tile_x68992_y70784.png,train,68992,70784,1024,1024,0.3,0.0,23365.13799999727,0.0,-0.3,29021.020999663622,23365.13799999727,28713.820999663625,23672.33799999727,29021.020999663622,EPSG:3414
tile_x72576_y70784.png,train,72576,70784,1024,1024,0.3,0.0,24440.33799999727,0.0,-0.3,29021.020999663622,24440.33799999727,28713.820999663625,24747.537999997272,29021.020999663622,EPSG:3414
tile_x75264_y70784.png,train,75264,70784,1024,1024,0.3,0.0,25246.737999997273,0.0,-0.3,29021.020999663622,25246.737999997273,28713.820999663625,25553.93799999727,29021.020999663622,EPSG:3414
tile_x77952_y70784.png,train,77952,70784,1024,1024,0.3,0.0,26053.13799999727,0.0,-0.3,29021.020999663622,26053.13799999727,28713.820999663625,26360.33799999727,29021.020999663622,EPSG:3414
tile_x78848_y70784.png,train,78848,70784,1024,1024,0.3,0.0,26321.93799999727,0.0,-0.3,29021.020999663622,26321.93799999727,28713.820999663625,26629.13799999727,29021.020999663622,EPSG:3414
tile_x79744_y70784.png,train,79744,70784,1024,1024,0.3,0.0,26590.737999997273,0.0,-0.3,29021.020999663622,26590.737999997273,28713.820999663625,26897.93799999727,29021.020999663622,EPSG:3414
tile_x80640_y70784.png,train,80640,70784,1024,1024,0.3,0.0,26859.537999997272,0.0,-0.3,29021.020999663622,26859.537999997272,28713.820999663625,27166.737999997273,29021.020999663622,EPSG:3414
tile_x81536_y70784.png,train,81536,70784,1024,1024,0.3,0.0,27128.33799999727,0.0,-0.3,29021.020999663622,27128.33799999727,28713.820999663625,27435.537999997272,29021.020999663622,EPSG:3414
tile_x82432_y70784.png,train,82432,70784,1024,1024,0.3,0.0,27397.13799999727,0.0,-0.3,29021.020999663622,27397.13799999727,28713.820999663625,27704.33799999727,29021.020999663622,EPSG:3414
tile_x83328_y70784.png,train,83328,70784,1024,1024,0.3,0.0,27665.93799999727,0.0,-0.3,29021.020999663622,27665.93799999727,28713.820999663625,27973.13799999727,29021.020999663622,EPSG:3414
tile_x84224_y70784.png,train,84224,70784,1024,1024,0.3,0.0,27934.737999997273,0.0,-0.3,29021.020999663622,27934.737999997273,28713.820999663625,28241.93799999727,29021.020999663622,EPSG:3414
tile_x85120_y70784.png,train,85120,70784,1024,1024,0.3,0.0,28203.537999997272,0.0,-0.3,29021.020999663622,28203.537999997272,28713.820999663625,28510.737999997273,29021.020999663622,EPSG:3414
tile_x86016_y70784.png,train,86016,70784,1024,1024,0.3,0.0,28472.33799999727,0.0,-0.3,29021.020999663622,28472.33799999727,28713.820999663625,28779.537999997272,29021.020999663622,EPSG:3414
tile_x86912_y70784.png,train,86912,70784,1024,1024,0.3,0.0,28741.13799999727,0.0,-0.3,29021.020999663622,28741.13799999727,28713.820999663625,29048.33799999727,29021.020999663622,EPSG:3414
tile_x88704_y70784.png,train,88704,70784,1024,1024,0.3,0.0,29278.737999997273,0.0,-0.3,29021.020999663622,29278.737999997273,28713.820999663625,29585.93799999727,29021.020999663622,EPSG:3414
tile_x89600_y70784.png,val,89600,70784,1024,1024,0.3,0.0,29547.537999997272,0.0,-0.3,29021.020999663622,29547.537999997272,28713.820999663625,29854.737999997273,29021.020999663622,EPSG:3414
tile_x90496_y70784.png,val,90496,70784,1024,1024,0.3,0.0,29816.33799999727,0.0,-0.3,29021.020999663622,29816.33799999727,28713.820999663625,30123.537999997272,29021.020999663622,EPSG:3414
tile_x91392_y70784.png,val,91392,70784,1024,1024,0.3,0.0,30085.13799999727,0.0,-0.3,29021.020999663622,30085.13799999727,28713.820999663625,30392.33799999727,29021.020999663622,EPSG:3414
tile_x92288_y70784.png,val,92288,70784,1024,1024,0.3,0.0,30353.93799999727,0.0,-0.3,29021.020999663622,30353.93799999727,28713.820999663625,30661.13799999727,29021.020999663622,EPSG:3414
tile_x68096_y71680.png,train,68096,71680,1024,1024,0.3,0.0,23096.33799999727,0.0,-0.3,28752.220999663623,23096.33799999727,28445.020999663622,23403.537999997272,28752.220999663623,EPSG:3414
tile_x68992_y71680.png,train,68992,71680,1024,1024,0.3,0.0,23365.13799999727,0.0,-0.3,28752.220999663623,23365.13799999727,28445.020999663622,23672.33799999727,28752.220999663623,EPSG:3414
tile_x72576_y71680.png,train,72576,71680,1024,1024,0.3,0.0,24440.33799999727,0.0,-0.3,28752.220999663623,24440.33799999727,28445.020999663622,24747.537999997272,28752.220999663623,EPSG:3414
tile_x75264_y71680.png,train,75264,71680,1024,1024,0.3,0.0,25246.737999997273,0.0,-0.3,28752.220999663623,25246.737999997273,28445.020999663622,25553.93799999727,28752.220999663623,EPSG:3414
tile_x76160_y71680.png,train,76160,71680,1024,1024,0.3,0.0,25515.537999997272,0.0,-0.3,28752.220999663623,25515.537999997272,28445.020999663622,25822.737999997273,28752.220999663623,EPSG:3414
tile_x78848_y71680.png,train,78848,71680,1024,1024,0.3,0.0,26321.93799999727,0.0,-0.3,28752.220999663623,26321.93799999727,28445.020999663622,26629.13799999727,28752.220999663623,EPSG:3414
tile_x79744_y71680.png,train,79744,71680,1024,1024,0.3,0.0,26590.737999997273,0.0,-0.3,28752.220999663623,26590.737999997273,28445.020999663622,26897.93799999727,28752.220999663623,EPSG:3414
tile_x80640_y71680.png,train,80640,71680,1024,1024,0.3,0.0,26859.537999997272,0.0,-0.3,28752.220999663623,26859.537999997272,28445.020999663622,27166.737999997273,28752.220999663623,EPSG:3414
tile_x84224_y71680.png,train,84224,71680,1024,1024,0.3,0.0,27934.737999997273,0.0,-0.3,28752.220999663623,27934.737999997273,28445.020999663622,28241.93799999727,28752.220999663623,EPSG:3414
tile_x85120_y71680.png,train,85120,71680,1024,1024,0.3,0.0,28203.537999997272,0.0,-0.3,28752.220999663623,28203.537999997272,28445.020999663622,28510.737999997273,28752.220999663623,EPSG:3414
tile_x86016_y71680.png,train,86016,71680,1024,1024,0.3,0.0,28472.33799999727,0.0,-0.3,28752.220999663623,28472.33799999727,28445.020999663622,28779.537999997272,28752.220999663623,EPSG:3414
tile_x86912_y71680.png,train,86912,71680,1024,1024,0.3,0.0,28741.13799999727,0.0,-0.3,28752.220999663623,28741.13799999727,28445.020999663622,29048.33799999727,28752.220999663623,EPSG:3414
tile_x88704_y71680.png,train,88704,71680,1024,1024,0.3,0.0,29278.737999997273,0.0,-0.3,28752.220999663623,29278.737999997273,28445.020999663622,29585.93799999727,28752.220999663623,EPSG:3414
tile_x89600_y71680.png,val,89600,71680,1024,1024,0.3,0.0,29547.537999997272,0.0,-0.3,28752.220999663623,29547.537999997272,28445.020999663622,29854.737999997273,28752.220999663623,EPSG:3414
tile_x91392_y71680.png,val,91392,71680,1024,1024,0.3,0.0,30085.13799999727,0.0,-0.3,28752.220999663623,30085.13799999727,28445.020999663622,30392.33799999727,28752.220999663623,EPSG:3414
tile_x73472_y72576.png,train,73472,72576,1024,1024,0.3,0.0,24709.13799999727,0.0,-0.3,28483.420999663624,24709.13799999727,28176.220999663623,25016.33799999727,28483.420999663624,EPSG:3414
tile_x74368_y72576.png,train,74368,72576,1024,1024,0.3,0.0,24977.93799999727,0.0,-0.3,28483.420999663624,24977.93799999727,28176.220999663623,25285.13799999727,28483.420999663624,EPSG:3414
tile_x75264_y72576.png,train,75264,72576,1024,1024,0.3,0.0,25246.737999997273,0.0,-0.3,28483.420999663624,25246.737999997273,28176.220999663623,25553.93799999727,28483.420999663624,EPSG:3414
tile_x76160_y72576.png,train,76160,72576,1024,1024,0.3,0.0,25515.537999997272,0.0,-0.3,28483.420999663624,25515.537999997272,28176.220999663623,25822.737999997273,28483.420999663624,EPSG:3414
tile_x78848_y72576.png,train,78848,72576,1024,1024,0.3,0.0,26321.93799999727,0.0,-0.3,28483.420999663624,26321.93799999727,28176.220999663623,26629.13799999727,28483.420999663624,EPSG:3414
tile_x80640_y72576.png,train,80640,72576,1024,1024,0.3,0.0,26859.537999997272,0.0,-0.3,28483.420999663624,26859.537999997272,28176.220999663623,27166.737999997273,28483.420999663624,EPSG:3414
tile_x87808_y72576.png,train,87808,72576,1024,1024,0.3,0.0,29009.93799999727,0.0,-0.3,28483.420999663624,29009.93799999727,28176.220999663623,29317.13799999727,28483.420999663624,EPSG:3414
tile_x94976_y72576.png,train,94976,72576,1024,1024,0.3,0.0,31160.33799999727,0.0,-0.3,28483.420999663624,31160.33799999727,28176.220999663623,31467.537999997272,28483.420999663624,EPSG:3414
tile_x75264_y73472.png,train,75264,73472,1024,1024,0.3,0.0,25246.737999997273,0.0,-0.3,28214.620999663624,25246.737999997273,27907.420999663624,25553.93799999727,28214.620999663624,EPSG:3414
tile_x79744_y73472.png,val,79744,73472,1024,1024,0.3,0.0,26590.737999997273,0.0,-0.3,28214.620999663624,26590.737999997273,27907.420999663624,26897.93799999727,28214.620999663624,EPSG:3414
tile_x82432_y73472.png,val,82432,73472,1024,1024,0.3,0.0,27397.13799999727,0.0,-0.3,28214.620999663624,27397.13799999727,27907.420999663624,27704.33799999727,28214.620999663624,EPSG:3414
tile_x83328_y73472.png,val,83328,73472,1024,1024,0.3,0.0,27665.93799999727,0.0,-0.3,28214.620999663624,27665.93799999727,27907.420999663624,27973.13799999727,28214.620999663624,EPSG:3414
tile_x94080_y73472.png,train,94080,73472,1024,1024,0.3,0.0,30891.537999997272,0.0,-0.3,28214.620999663624,30891.537999997272,27907.420999663624,31198.737999997273,28214.620999663624,EPSG:3414
tile_x94976_y73472.png,train,94976,73472,1024,1024,0.3,0.0,31160.33799999727,0.0,-0.3,28214.620999663624,31160.33799999727,27907.420999663624,31467.537999997272,28214.620999663624,EPSG:3414
tile_x78848_y74368.png,val,78848,74368,1024,1024,0.3,0.0,26321.93799999727,0.0,-0.3,27945.820999663625,26321.93799999727,27638.620999663624,26629.13799999727,27945.820999663625,EPSG:3414
tile_x81536_y74368.png,val,81536,74368,1024,1024,0.3,0.0,27128.33799999727,0.0,-0.3,27945.820999663625,27128.33799999727,27638.620999663624,27435.537999997272,27945.820999663625,EPSG:3414
tile_x82432_y74368.png,val,82432,74368,1024,1024,0.3,0.0,27397.13799999727,0.0,-0.3,27945.820999663625,27397.13799999727,27638.620999663624,27704.33799999727,27945.820999663625,EPSG:3414
tile_x78848_y75264.png,val,78848,75264,1024,1024,0.3,0.0,26321.93799999727,0.0,-0.3,27677.020999663622,26321.93799999727,27369.820999663625,26629.13799999727,27677.020999663622,EPSG:3414
tile_x79744_y75264.png,val,79744,75264,1024,1024,0.3,0.0,26590.737999997273,0.0,-0.3,27677.020999663622,26590.737999997273,27369.820999663625,26897.93799999727,27677.020999663622,EPSG:3414
tile_x80640_y75264.png,val,80640,75264,1024,1024,0.3,0.0,26859.537999997272,0.0,-0.3,27677.020999663622,26859.537999997272,27369.820999663625,27166.737999997273,27677.020999663622,EPSG:3414
